customer_id,age,income,employment_years,credit_history_length,num_open_accounts,num_credit_inquiries,loan_amount,credit_utilization,savings_balance,debt_to_income,savings_to_loan,default
2215,33,2348.5085021702944,11.609655098484037,12.518306639357693,4,2,3128.6345061904694,0.4008944455952541,441.5053575542409,1.332179339908392,0.14111758873740501,0
2582,57,4823.815137246875,29.366507371798335,29.231106049534574,4,0,17589.950904234793,0.2303739856530211,6564.147571733688,3.6464811365623793,0.37317600301848286,0
1662,35,2940.413099887625,20.136901665563084,25.354617643489064,3,2,3988.2841471004144,0.37336524583094294,2604.801610500155,1.3563686501236294,0.6531133476018536,0
3027,29,4381.170348987359,13.005249667909936,18.376883640663905,4,3,9502.451646270887,0.28057443128042253,2771.70381256447,2.168929963763503,0.29168302199698,1
4343,52,1791.5733901825993,31.344485611892303,30.0,5,5,5054.886087130337,0.06837300027973356,1894.0619196066934,2.8214786593895194,0.37469922901506053,0
2680,35,3336.017488511504,16.31821132279324,19.339056551985923,4,4,11692.839451299335,0.6213295196886909,2339.8922853768913,3.5050294225275653,0.20011326548376385,1
1765,61,2392.1650626817564,36.39143289478673,30.0,2,2,5236.784761806387,0.21842328114319376,2547.952748308995,2.18914022426849,0.48654906859874436,0
1123,46,4102.060274237947,27.14163847486727,30.0,5,1,5489.7137471442575,0.25596936991519736,2827.3962467313336,1.3382820778185907,0.5150352781512774,0
4054,39,896.3359357098577,18.148160631394138,22.596303407988426,1,4,3578.4282436866747,0.30334722853000784,831.8426088910592,3.9922847016645835,0.23246032957588483,1
3761,31,2898.8113099479165,10.362335621038591,14.76173323203296,1,1,4795.525844888523,0.5624918860670871,3137.312706320737,1.654307691028943,0.6542166193650588,0
1535,53,2911.437754592982,24.65888683017805,24.69941109594476,0,1,5157.067067090731,0.1446643802909537,4250.0037428789965,1.7713128364002024,0.8241125600246578,0
2944,48,3942.4235974125886,24.071677555919255,26.928489741115687,4,2,11264.936091964455,0.3234590460479555,4494.250351881633,2.8573631964250694,0.39895924088619444,0
2987,32,4658.464130216768,13.077003645147862,12.675690202603166,5,2,15739.942344238169,0.09400004775353576,2928.6938467519135,3.3787836300256657,0.18606763498241172,0
4291,63,3569.299714703624,37.691955567230764,30.0,3,1,7819.474954597523,0.09513150812091511,1314.7730060737376,2.190758854568987,0.1681408296219053,0
4342,52,4144.086192470294,25.772227477169636,30.0,2,2,7044.54200940388,0.5414169839442798,2095.2712155466106,1.6999023867321208,0.29743185756428125,0
4424,59,1476.6951913571036,36.81674365016693,30.0,1,0,3200.7908651805865,0.2808814470858196,397.67993065199573,2.1675365938173163,0.12424427193232411,0
7941,38,,17.17340948432929,21.17973904798602,3,1,13652.035328865215,0.38391422777828293,2909.5998694569807,2.3223812234024974,0.21312572077110445,0
4997,49,3612.769572707933,27.03226397586982,26.42530741908134,1,4,4118.568695610534,0.15778288075321034,3351.4678071548774,1.140003150691806,0.8137457585026534,0
2748,63,1318.3676249923783,40.0,30.0,3,1,5171.219777021967,,718.5313359058558,3.9224414184562995,0.13894813349426968,0
2302,34,3715.7696009028696,12.697450867540017,14.244211854212372,2,2,13978.576582682015,0.16046163682728912,2576.659763092976,3.761959993236786,0.18432919459662195,0
3932,24,1843.8424866462865,4.348954615774059,7.03740814949345,1,3,4306.346949062391,0.4444774921853312,,2.335528647512123,0.11035288579655,1
5956,42,1508.768400628514,25.791779233081588,29.29365374126484,2,0,2266.3777996953354,0.4063771455214637,1697.6960059004698,1.502137636731536,0.7490789956240692,0
6131,45,1843.6485312895668,14.558167045796043,19.62107917837352,3,3,6762.347158059033,0.34277059161650475,2077.350152813064,3.6679155724594703,0.30719365691502254,1
7596,54,2867.2274541519537,32.1554850939367,30.0,1,0,10497.068531475667,0.026626147220506578,2572.90240269438,3.6610519044365137,0.24510675480297012,0
794,48,1365.573874924781,22.129202836288002,23.67305863817166,2,2,2313.870726318496,0.06242807609823449,464.1446939155695,1.6944310145402786,0.20059231859251314,0
3163,28,3796.524965873273,,5.338158579864226,4,3,4167.231232464893,0.12482360398568516,997.1811505540428,1.0976435740378045,0.23929105320229999,0
7940,46,3304.537797123401,22.208964517141446,22.67339685443818,6,0,3716.680860906132,0.4243280999319754,1670.382663617325,1.1247203358186737,0.4494285966780811,0
3181,50,5332.128992545695,28.065913651551845,30.0,1,0,12071.053370506075,0.581101782500996,4327.774386135107,2.263833712084119,0.3585249980510745,0
763,37,4092.2814526733137,18.129369348000427,22.939640484126727,1,2,9083.718000377861,0.35838579553806926,5117.142768528604,2.2197197591196605,0.563331310848239,0
3078,60,1088.7976335704618,37.287718995776856,30.0,2,2,1488.6376330718676,0.1245132102130235,1292.291306585476,1.3672307756494864,0.8681033435375252,0
811,50,2400.646232024533,,29.988452998574623,2,3,6348.767895323092,0.23494460170832354,3424.6289466985645,2.644607860429729,0.5394163093001659,0
7259,56,6212.6208441312865,29.696378593058743,30.0,0,1,20368.68732361115,0.21269836343413148,5283.452961602249,3.278598168895548,0.25939094049903405,0
6931,43,2626.7794961182244,18.96993506476846,23.460895780867396,1,0,4732.977458523132,0.5826268878608317,2653.009945166219,1.8018175737694706,0.5605372027260951,0
1618,49,1500.4125449848175,29.247680205740796,30.0,5,0,5417.3134192346215,0.3359103249386479,1701.6741098292755,3.6105492701605204,0.3141177144721478,0
6826,51,3961.36071115969,27.999368418539632,29.368533964917738,3,1,10202.97930034768,0.6685842292169597,4158.05805357697,2.5756249037368666,0.4075337145332912,0
1042,56,1132.0418587617205,31.20853619638658,30.0,2,1,3409.7169822661253,0.03981696905073339,708.2500898469855,3.0120060984280483,0.20771521317768632,0
5318,53,2134.67348177559,27.57410921654096,27.4718861832252,4,1,5678.53024934558,0.31489126777477067,1305.61336542499,2.6601399688641196,0.22992100210709537,0
4794,49,1819.3630874153325,28.010667332757837,29.614223972961202,5,1,4774.510219668792,,2022.9191680122842,2.62427563398116,0.4236914520946641,1
487,51,1485.0510382032942,33.54221153616481,30.0,5,3,5801.216579216798,0.6563237984911188,1756.1058399211574,3.9064088909937165,0.30271337329699266,0
1017,57,3122.383335039202,38.521618099477635,30.0,3,3,3568.8385441894407,0.3571629506644973,2419.3468738915935,1.142985393286002,0.6779087492850083,0
2815,42,3055.915971947314,16.28278108138961,18.434552096832597,5,2,8204.31308750904,0.6768864449308649,1321.8957258038465,2.6847312435364588,0.1611220478429103,1
2716,56,3647.511804915734,38.02697937844957,30.0,3,0,11596.43527228881,0.0777063940988028,1278.0329433482218,3.1792728557205354,0.11020912145323207,0
5363,62,3582.726144138944,39.64892620703032,30.0,0,2,12633.948190380075,0.25815203850519586,2391.806507159951,3.526350516923604,0.18931583944448616,0
2929,31,3296.1849498183465,4.207477275741587,2.9650313114613964,2,2,3710.1440928670577,0.13446826240052237,1483.7489294979484,1.125587353061461,0.39991679362279536,0
3362,39,1174.739958596117,20.38512037981767,18.352025231370646,1,3,3049.443669893539,0.23657585969755637,613.6825511289401,2.5958456997902775,0.20124410140370447,0
5165,42,3056.599450599074,26.772104764778682,28.034441354916993,0,2,3119.815476847153,0.16799420540826748,2461.5494802726666,1.0206818156156148,0.7890048301062593,0
1075,48,3483.3998447023773,23.454226201043177,27.45701468690816,0,3,10560.583054131861,0.37189067595324365,4389.551445592444,3.0316884437463023,0.4156542705163441,0
6398,62,1099.2576058073048,34.417180385545,30.0,3,1,4165.959758887926,0.05364240486808122,1254.2014447116374,3.789793890785415,0.3010594238304495,0
4981,34,1071.1960978453294,6.007630937511699,5.391758958634168,5,1,2016.1435485210707,0.5603459502238824,1335.0364451509577,1.882142357105732,0.6621733091030474,0
6228,40,1889.8368267431567,17.486103985870397,19.326119776303905,1,1,3644.414216794423,0.32685679838421977,1122.0332228263587,1.928427981306201,0.3078775232671779,1
2921,55,961.1737420660988,,30.0,3,0,2612.8043943701955,0.11238534327241481,647.6382950877485,2.718347661842926,0.24787094528898276,0
4019,56,2276.376149819289,29.844305017648743,30.0,3,1,6566.291694014318,0.15797840217791603,877.2190870291884,2.8845372038077213,0.13359429155863442,1
4331,25,2323.3822078116555,7.6325503618695665,6.999092883764618,2,2,3935.209142808863,0.19233115196286277,3251.3557874832422,1.6937416192557286,0.8262218523822848,1
6999,52,4134.090482239938,34.78037015867984,30.0,2,3,16068.474681738993,0.37848321585688105,5236.852020715066,3.8868222044895235,0.3259084713663882,0
1322,62,3261.6177766715227,39.498286323143766,30.0,0,2,11848.253991043577,0.4459058907002436,1205.8026647630306,3.6326310445654695,0.10177049425801728,0
7731,60,2209.789198377475,35.00092858460883,30.0,2,3,6417.950213522536,0.33473714574877617,3233.1602519080884,2.904326900608836,0.5037683597320314,0
2252,54,1811.7706100885675,31.213773597352173,30.0,3,0,6472.279221484364,0.6089335642418067,344.0550947709981,3.5723502663330926,0.053158258937427594,0
6654,44,1603.0838564093613,21.371959778068643,21.470028111923643,6,0,3568.7794619134625,,787.8689088307473,2.226196369980875,0.22076704857753182,0
7244,33,2239.886308198068,9.298293881201387,14.265095323911957,2,1,3765.2705376128074,,2494.228214184059,1.681009667245956,0.6624300137980011,0
866,61,2321.385140025364,38.242367633354746,30.0,2,3,4151.876843026362,0.12253873975581708,1986.4964256799074,1.7885342554493122,0.47845745449229704,0
5591,53,2474.1268189475463,33.45436074882518,30.0,3,1,4939.813604671894,0.057951387607018554,1012.300832227408,1.9965886820519616,0.20492692907886467,0
2465,25,1077.8061478828256,6.06950990749324,3.219921040652207,3,1,2760.201787578929,0.2905684540572809,239.40270790063306,2.560944556682011,0.08673377032721281,0
465,48,3669.2724925204334,31.08387682553087,30.0,4,3,7514.383516565027,0.29355886242381807,1067.604539307924,2.0479219060134115,0.14207480054144841,1
2882,60,1561.3195538797977,33.61219331848043,30.0,3,4,4059.8279202228728,0.28250848251050675,539.5069481714883,2.600254323424319,0.13288911716777171,0
4961,35,886.1339487320079,12.413860588216211,13.959667503225848,2,2,1034.6527327900517,0.20971310954628664,445.39220373580963,1.1676030855950879,0.4304750662908529,0
7042,59,2253.914911885803,37.20601007777577,30.0,3,1,6716.887712212826,0.3989742577558003,1463.1169516218094,2.9800981735343983,0.2178266206477638,0
6240,55,7779.337904444373,37.2740261666191,30.0,5,2,26164.993504435482,,,3.3633959375241043,0.07249060042701427,0
5447,42,1591.1680017553526,20.405347018303175,,3,1,2422.244924714641,0.5405015315324081,,1.5223062065366175,0.6968817591964306,0
1502,54,4544.675103923465,,30.0,2,2,15436.89505065873,0.3920164785527269,832.8791741640209,3.3966993674271455,0.053953801682967324,0
3915,61,2387.612923996046,40.0,30.0,2,2,4696.834587969285,0.21117124323334763,3193.591040180958,1.9671675172994094,0.6799453930869073,0
3262,48,1562.850091202023,21.65921150200338,23.643634481806927,2,2,4433.639413269725,0.1588167470811711,1534.6417132842093,2.8368935947399243,0.34613588752641483,0
263,39,6393.319302394057,15.797415702286736,16.13728737150392,1,1,6678.770837486276,0.18755643213553166,4466.509565541984,1.044648409001773,0.6687622130216804,0
3806,26,2152.4356827426946,6.341701842461891,8.697691696817964,2,1,6107.511212562315,0.17622174871352,837.1210140957527,2.8374883679590144,0.13706417965699502,0
4084,40,2387.1687895384302,17.841305236878505,22.93464872598499,2,4,3977.7670552550444,0.15986423212924505,651.7413059199627,1.666311604226429,0.1638460213649124,1
7839,62,2305.826271065082,39.690822511602434,30.0,1,1,3109.341858697798,0.38745564257429543,2611.626902718831,1.3484718678574015,0.8399291623123706,0
1811,27,1850.3615411836552,9.347985823855051,7.722656191061639,2,2,4702.339516759878,0.3673711831332366,489.88680060752324,2.541308502203221,0.10417937685305145,1
1144,49,1588.4203000132154,,28.878018811166946,2,1,1698.4350476819632,0.3144649589190688,490.3822976461841,1.0692604770084042,0.28872596471408285,1
5827,46,2620.4641338424676,23.231488354113264,26.067554108766004,4,3,4914.643985559158,0.32328637520942255,2727.1364306206237,1.8754860721381688,0.5549000982846058,0
2149,29,1250.5975628641131,6.411295274161774,9.436826095523887,2,1,4397.0843654084965,0.5335682744325018,980.0545534797242,3.515986673873179,0.2228873662715533,1
3929,25,5012.402769606249,0.0,2.2064386233575273,6,1,8246.026562669835,0.6257952854620056,4538.756769229144,1.6451244925230946,0.5504174325336663,0
6319,23,4695.463358906108,0.17595753353244326,4.346050045348769,0,4,10768.447657391078,0.18589561878695746,3628.9177090048015,2.2933727375310156,0.33699543559688866,1
3290,50,1211.0998224971372,29.21273979995935,28.736692198700336,3,0,4228.376917983488,0.22228764788197625,470.8720661287118,3.4913529334560556,0.11136000296616665,0
682,41,3261.8259589425406,22.15429226848746,,1,0,6950.061130737396,0.07293492318203695,2984.760557637554,2.130727150442617,0.42945817331550196,0
2840,46,1698.3026493420093,26.52045197431093,27.284612176847343,1,2,6046.045816529227,0.16169985212188734,1161.1662864916013,3.5600520430629414,0.19205383513917476,0
1002,26,1784.5662179510334,,3.5326734023570108,2,0,5429.12369614672,0.18518489108643485,1865.9456015615528,3.0422651967379615,0.343691856364572,0
6755,29,3354.077648913335,6.803760263132549,8.267938261926354,2,2,10935.406439663793,0.3130589526745506,1728.4002817937908,3.260331925591133,0.15805542220403562,1
5129,49,5388.189632924295,24.030859266241745,24.30157557417519,2,2,20464.593369590573,0.6512390154399137,7085.877884795424,3.7980462388596306,0.34625060741860164,1
4290,22,1759.225915961134,0.5437193340947024,3.7228150600590197,3,0,1779.6963278014873,0.5111719452313093,1065.201851629616,1.0116360335842196,0.5985301171832456,0
2173,60,3971.1317965260932,37.94300339817057,30.0,4,0,6498.221694371743,0.2655186365913439,1672.2041603653975,1.6363651541498379,0.2573325809757662,0
483,64,929.0402479438632,40.0,30.0,2,1,3705.915559134739,0.3239073431916016,854.7873601485223,3.9889720249866585,0.2306548399467847,1
3813,31,2535.4237714885035,6.526242084371537,7.233363357932452,1,0,5933.692491421021,0.01886850950794099,930.3401242841178,2.340315870722255,0.1567894065338254,0
4414,62,2522.2974659293704,40.0,30.0,5,0,6180.189532766964,0.2118140470159959,2675.961760959584,2.450222313683291,0.4329902419289584,0
518,44,3120.7193771323955,19.584243583003385,20.84975702418662,3,5,9798.7963345675,0.2921004946234234,3994.362434239376,3.1399158816937707,0.4076380708259388,0
6988,33,3449.264270943002,13.532234757442701,13.050502917156308,1,1,8691.64494662374,0.12826657530822097,5048.748354529784,2.5198547469508656,0.5808737454802458,0
1345,41,2017.4269000845918,15.562408128705114,20.671448942637472,6,0,8060.614442650567,0.06679747089561283,429.3008608399331,3.995492695330166,0.05325907396939908,1
696,37,2565.5600547467916,13.091568117752598,12.742818078380825,2,1,5033.22374519033,,,1.9618421076824433,0.21556644990960974,0
1009,53,4395.358227502167,30.093457297898254,30.0,3,4,14089.285551619396,0.4297789599009654,3304.790108608982,3.2054919809405793,0.23456051738756445,0
6317,25,1472.4301201439987,,6.8578504441896895,2,2,3206.6614365386954,0.13938901363809672,722.3054098258553,2.177802119549887,0.22525153469445142,0
6595,52,2750.559563909856,28.326775309540274,30.0,6,1,3957.4655121895935,0.2912963595515673,2170.5533393311257,1.4387856071599296,0.5484705634567105,0
2770,34,1891.668245181127,14.108708058908736,18.021422665943973,6,3,5241.959874416412,0.3633893779070406,2099.488197578365,2.7710777974784344,0.40051588487447193,0
1074,62,4169.531092136324,40.0,30.0,0,2,13134.751629344268,0.3024973866170824,3925.5894968403563,3.15017476524308,0.29887047792135035,0
1339,32,5317.492101854713,7.418039565559926,8.835794492145201,2,2,16795.220530553805,0.4437767279541883,4559.122452401596,3.1584852800619525,0.2714535628816339,1
2986,56,2658.6347016992536,31.43157008178042,30.0,3,0,2684.494472984957,0.20972582942555595,3432.917342283661,1.0097267109577617,1.2787947141744396,0
7709,40,2695.5337393565287,21.316307033677745,24.330698685423528,4,3,4675.670296452013,0.2757316185214608,924.4121314898719,1.734599062213251,0.1977068682946557,0
6747,64,2267.657482922419,40.0,30.0,3,3,5951.591831328919,0.42270804623605895,966.8840086091709,2.6245550203899706,0.16245805088976964,0
4421,49,405.74036664109093,28.39133904738902,30.0,4,0,510.9061322055481,0.4067666069426847,238.68314653655463,1.2591947319293584,0.46717612393136726,0
3392,31,1590.2047951203078,1.744005713063146,5.656894721211155,2,1,4081.4465016563145,0.14677533564016015,566.4577369714302,2.5666169000248362,0.13878847529706756,1
1483,23,2824.8181779989186,5.061867295353645,8.548428288952898,5,2,9030.048548910125,0.22815473998860727,4234.574693188785,3.1966831066298744,0.4689426275232899,0
4861,58,5188.860355699169,37.54847291002126,30.0,3,3,14690.80032591754,0.27575020524101806,3470.9243562544702,2.8312190575300304,0.23626516454185673,0
1934,43,3918.350971505992,19.354138079792016,22.435318277435474,3,1,13074.715583123016,0.07959625802026526,4446.2637604744605,3.336790317713126,0.3400658111610279,1
1034,28,2137.734346532705,3.8522786834273655,4.058168492878868,1,2,3850.262802016463,0.4797633126203256,716.6229639011276,1.8010950744471086,0.18612312996552266,0
5484,41,2222.444748211225,22.45591155120957,26.079895290982098,4,4,3007.1328184988934,0.6093188326625197,2955.1658704725633,1.3530742759383507,0.9827187719456066,0
2478,25,1816.6272574482336,0.7701657655251726,2.8626136750106355,0,1,6909.376848782182,0.3240088050526019,1010.270240968176,3.8034092136697284,0.14621727300143458,1
349,62,2981.18489859483,40.0,30.0,3,1,7891.962479812818,,1978.7045311633206,2.647256962670334,0.2507240165199381,0
4393,56,2966.7611882797555,34.93894422598672,30.0,6,1,7459.208137057647,0.21938968404590597,4193.231942049284,2.5142597141035097,0.5621551061455355,0
4352,29,1003.1800664763016,4.733885534825204,5.958631589703623,4,0,3457.1431643571887,0.19347406244336524,574.8419688671113,3.4461840699252546,0.16627658778892246,1
7557,49,1339.2918006205466,27.65880223195171,29.366409202926377,5,1,2151.845696038266,0.12220714203574945,1969.030180834662,1.6067041514337885,0.9150424607395488,0
1061,60,4042.2706463014047,40.0,30.0,1,1,13574.581461113543,0.24424423456502886,3329.6230831177786,3.3581574933717038,0.24528366437344615,1
879,50,5153.066081796033,32.2072106270968,30.0,2,2,11039.30368476813,0.28622668546770486,2213.818107640511,2.1422786957392415,0.20053965094692563,0
5602,41,1499.7585612862829,20.87360901871215,22.920803823928257,4,1,3546.750156070672,0.2834084753073237,437.59789719989266,2.3648807532252167,0.12337996135727052,0
2542,41,2732.9890345349277,20.51844776853177,21.810099975453344,2,1,4751.455763056035,0.25624737669760417,3097.535937352901,1.7385564680337582,0.651913032935538,0
6423,48,3114.4372840998144,23.37938735124855,22.40402590564023,1,0,4270.369117547735,0.21909087908676741,4574.161276564017,1.371152708500286,1.07113955507217,0
6744,34,9906.184791307747,8.615070567012452,10.80189055547482,0,1,36706.23521449981,0.2438718699935541,12693.476888755751,3.705385674483678,0.345812552406397,0
1850,64,3190.171959867635,40.0,30.0,2,6,5807.460964276075,0.45526007153434767,2108.2306836172984,1.8204225469140651,0.363021068343952,0
5402,56,4630.887878790893,34.55432983655881,30.0,4,3,10026.276123917492,0.036272071949324705,4864.772807956504,2.165087211425925,0.4852023570697081,0
1677,28,2162.455351577672,10.180805787883175,9.602972664036507,2,1,6774.953549628072,0.18552861282831307,2371.0597507141783,3.132991182770659,0.3499743183987355,0
1835,62,5283.29850510504,39.97105500114763,30.0,4,0,14570.895334352064,0.6476428928542173,1695.1602118740368,2.757916350982779,0.11633878172726693,0
7111,24,4414.880704724929,0.0,4.715768955954514,2,0,11951.976393670298,0.09193035838106456,2029.312202066995,2.707202570814418,0.1697888395380121,0
4952,38,3481.3161772302537,16.636701338743485,16.445418166391576,2,3,13197.947721061551,,741.2775375041078,3.7910798816216347,0.05616612167065658,0
4704,32,1860.54483162137,9.840978615228073,14.155596467514947,1,1,3354.1132723573887,0.5496348000854608,1257.5426542868577,1.8027586410989356,0.3749255174685894,0
5199,38,1034.9510298809923,13.717865037901422,15.766888807043543,3,0,4111.900919390225,0.05440749629122404,924.2180856783357,3.973039110713332,0.22476662346606172,0
457,52,2498.693623335646,31.096100811405794,30.0,4,2,7864.827479625246,,1314.902500343793,3.1475757596587806,0.16718771056964712,0
4647,55,2901.140386608317,35.17756095538223,,4,2,7129.77724643687,0.1837918523645186,463.1442448760373,2.4575774682769467,0.06495914652978747,1
6507,21,4314.87498764409,0.0,2.7921309422147322,3,2,12469.932153068785,0.15446428479200439,1480.994683879756,2.8899868915732676,0.11876525595332056,0
3182,53,4733.166460694676,27.828279533209077,27.604029646754398,4,4,5171.042532013434,,3775.21091679158,1.0925122906525648,0.7300676591653632,0
5337,45,1807.1871359752624,18.711392640647354,21.028960014551807,2,1,2661.4456993171734,0.130382899319638,1988.9317639892035,1.4727006663208144,0.7473125468986606,0
1945,49,1847.6328488255924,25.0327380100159,26.46333242895532,2,0,1887.3117957919103,0.5820935679150236,983.7326235356447,1.0214755583023645,0.5212348196673425,0
6124,45,3459.3497400025317,19.734248609081522,24.383780554269805,2,1,4548.665997230412,0.03779494180049675,3785.139595872451,1.314890467601892,0.8321427860777519,0
3263,57,2028.578421301926,34.4626289532463,30.0,8,0,3211.7294012514494,0.11970371499895983,400.7754598661614,1.583241430316599,0.12478493976173688,0
6522,43,1152.708072124703,,29.52139751874892,1,1,4333.711202217061,0.2398611293520484,1041.3794339505837,3.7595912677431387,0.24029737685746796,0
6521,37,1085.896839009806,13.086513142323206,13.084157765547918,3,2,2379.645610697326,0.07947514872829432,966.3291144251924,2.191410385600945,0.40608110303534717,0
6702,56,3188.76708379107,36.46183988793659,30.0,2,2,12637.383407357109,0.12361584075466436,3991.5796737129954,3.963093909114473,0.315854915930557,0
2988,37,2207.3854657700795,11.467564251976576,,2,3,5871.696637372544,0.43379490979862734,3270.30124035234,2.6600232394499863,0.5569601841378046,1
7020,50,2665.9963086449457,28.44178284306392,29.100046485183558,2,0,5779.585138659492,0.1680865898390273,3255.6844253909358,2.1678894002659366,0.5633076332094753,0
1550,58,3392.2923081689605,38.60724531979794,30.0,4,3,6153.13807617486,0.2421621845511901,1542.4248558565935,1.813858452397372,0.2506728821556776,0
2164,44,4288.834913486734,23.755242326692393,21.846288916954922,2,3,9055.92925057609,0.3976725494554895,3753.037501192257,2.111512667950608,0.4144287568228858,1
586,21,4800.774780148982,0.0,2.5561843211271276,2,5,5887.146808382526,,5350.490224272351,1.2262909796822066,0.9088426700441636,0
2405,38,3470.3372921826162,14.576384142562542,12.47529494283321,3,1,5726.812614603997,0.20429078584849686,4239.853814122684,1.6502178700336658,0.7403514135089027,0
6800,23,3085.4558591312984,3.6790284573349696,6.074685401894308,3,1,6632.824577951106,0.5805152996293289,1593.0011251866415,2.1497065201310512,0.24016934361299255,0
3428,44,,17.300414511632788,19.14461295106784,3,0,2470.6283313765703,0.2997655081199766,2278.184337221143,1.475888966512389,0.9221072665153959,0
2609,56,1785.212058505285,31.11598124857821,30.0,2,3,2325.3842676649133,0.30751513050871193,1461.988646414435,1.3025815373507512,0.6287084103663105,0
3656,30,2726.405551963374,,16.338130870286648,0,1,7541.791218317237,0.1869263368261673,3623.559175707336,2.766203000461962,0.4804639999721238,0
3214,58,3337.06631481454,33.50718256257961,30.0,4,1,7417.708902563731,0.16986826916137465,1460.4979148144605,2.2228233432562083,0.19689339848719042,0
3534,38,1469.045231609326,16.72081396829064,21.148333508341807,2,4,4088.8561120994054,0.3048388736794874,2126.427348192936,2.7833425575467814,0.5200543354657523,1
3286,21,1363.1778568122916,0.0,4.440808134391857,5,0,3224.1366565847034,0.5163573156355459,1637.4303887250578,2.365162139681575,0.5078663106233133,1
2080,33,991.5230182256056,9.790523817756293,9.764799131120482,8,3,2224.344510367057,0.3494013133332084,191.5097203251587,2.243361444444996,0.08609714881511593,1
6955,25,2771.5400325813525,5.617110058107446,9.385351107169784,1,2,8278.083784924209,0.1873250302827602,3634.1215285497447,2.9868173245234275,0.43900516387235594,0
6487,51,3797.4116051120927,27.20370965413074,30.0,0,2,10490.36343860021,0.3147858188643457,1400.9005874054117,2.762503654983841,0.13354166379504787,0
647,44,5238.6535198269485,21.24662108368203,24.625645683520574,3,4,5618.541875160452,0.438286606291932,6442.312574533322,1.072516411687798,1.1466164563113352,0
222,29,6982.473214893112,9.982266833530888,11.670846511719944,3,1,18702.826871189718,0.1499868391851782,3781.316813723051,2.6785390069664623,0.20217889198064928,0
6889,41,1433.8694539330297,23.66023832234543,27.355266814224365,2,1,2956.3838385829213,0.23765139254522327,781.6251773327849,2.061822176679832,0.26438555343593007,0
7678,43,4496.636513902989,19.34490398266662,18.435389542023685,4,3,11410.452188571713,0.768908332857203,4000.3248213102406,2.537552713743294,0.3505842498789678,1
23,41,2522.944158191929,24.846404695751758,26.752352038798186,2,3,9004.143883383282,0.3335638184559363,2208.13922260359,3.5689033600474582,0.2452358881868387,0
1905,35,2674.3572666705477,9.999427816285108,11.959299876181799,3,0,9076.354256340932,0.2752969524660161,1426.1255952587367,3.393845081753261,0.1571253782059482,1
4078,39,5786.6574108708755,14.779957852492114,16.32446289962895,2,2,11178.204447188482,0.4996254617878894,6817.409657480397,1.93172044817946,0.6098841446038409,0
1554,51,3724.4422752946625,29.817289050930768,30.0,3,4,10604.74124078604,0.46607214579057094,2584.175328538385,2.847336716997993,0.24368112996473662,0
5723,54,2743.52251260767,36.98846520179823,30.0,3,0,10613.253965717298,0.04149118742791661,3653.001408553073,3.8684770826354864,0.34419240511467253,0
5204,33,3120.247204371717,15.586030608639522,15.339805108464967,2,2,11101.152982165404,0.29198391728736894,2778.8140763102483,3.5577799626298185,0.2503176094208018,1
7700,38,5518.223356064624,15.431511023797965,15.55204648924311,2,2,19742.369333585786,0.6795613750896659,5373.175262962564,3.577667676660565,0.27216466130140216,1
5840,38,3453.972832880428,17.328945188520553,20.902440451569067,2,1,10762.3755065739,0.35029241642101067,2911.702628010177,3.115940983704454,0.27054460478838,0
4945,37,3121.2532745113413,12.506064823603037,13.356551187319349,3,2,11661.645577857207,0.232123224121881,,3.7362061172952834,0.37694600342660456,0
1407,53,4784.394326431664,30.63740959337821,30.0,2,2,9611.78362653634,0.18261043765426205,1864.5349820578685,2.0089865029384146,0.1939842858000086,0
65,46,1396.587205403896,23.576664639602303,26.061061632244563,3,0,4897.313519418195,0.18935247195347463,1493.1953826128515,3.506629231936778,0.30490091693991533,0
6340,54,2725.7842733844,28.641226994109807,30.0,1,0,9715.604241553689,0.21571290195064902,2494.0349986862116,3.564333515465829,0.2567040542902325,0
1044,46,3938.1784466499685,23.16784270133612,26.469124386130524,1,1,11966.701403204555,0.34286975997302677,4911.69276512438,3.0386386918002892,0.4104466719466302,0
6688,23,3715.643038881266,1.929504213012569,4.220147058591854,1,2,8426.174788147724,0.4062206208364102,4243.782378989127,2.2677568054774015,0.5036428136950637,0
7924,27,1812.6229505879726,2.0184651452811075,4.305053594095328,4,0,3805.944846713665,0.35198367683305926,426.7739340993697,2.0996892075536753,0.11213350463233275,1
4743,37,1597.1800453514381,15.037139004762313,21.72253867727521,0,3,2470.1929269081625,0.06336447050973926,703.7777627448495,1.546596411655412,0.2849080147054501,0
2031,46,1664.6237474786924,26.727411108643253,28.792206394618333,7,2,3314.0981269502577,0.3243966332506029,402.8646859460033,1.9908992239056587,0.12156088037041096,0
5824,57,1714.3542057519844,,30.0,4,1,3362.805294732515,0.2535778110086517,1780.2027928030884,1.9615580511014956,0.5293802753289318,0
5244,51,7351.336679474912,25.35218824847238,25.979976434058337,3,0,12558.109535605268,0.3841015110384137,9836.684065316933,1.7082756623931776,0.7832933800607139,0
5036,55,2258.8015366783025,37.39073405854696,30.0,1,1,6168.165657682935,0.5273601750411828,2123.981920687014,2.7307249253750627,0.34434579720494823,1
554,36,628.6192260892229,10.365918945682816,14.827071470507635,3,1,698.3689881615355,0.131223107416889,576.7509043368755,1.1109570932251644,0.8258541173988537,0
7311,21,2341.0587291444217,3.885931654019421,7.126018452127979,6,2,3534.8976576414384,0.13611091845145598,1000.0429012001653,1.5099568471455327,0.28290575797530043,0
4394,54,2878.261890018417,28.981676325505074,29.267092978190973,4,2,5133.693509578542,0.2682484861213171,1890.6465481282094,1.7836088951397306,0.3682819289076384,0
5394,36,1543.8633423327215,13.760423252777146,19.25805736883526,1,2,5904.862530185455,0.4548241103988101,653.6998101077305,3.824731353011739,0.11070533933110879,1
3535,54,6051.491394969389,32.31232144078303,30.0,1,0,18354.305039917665,0.22655194149878313,2310.517222634933,3.0330217531459462,0.12588421177538073,0
1699,22,4123.5019497361445,0.0,4.514474898221468,4,0,10680.30487749175,0.1357729514430345,2175.1228367203653,2.590105451065729,0.20365737323700717,0
6726,34,,16.4765958799897,13.344557244578303,4,1,9971.540256264852,0.07965198564467187,,3.133352581517826,0.4628324731739483,1
1055,43,2719.8290104608973,23.548383971971713,25.580376129526172,2,1,4276.245014889766,0.1991118798012012,,1.5722477400022736,0.2531566663145402,0
1406,38,2291.96919534527,22.475535900740113,28.193801222082914,4,3,4238.53825166391,0.2529681255620686,1365.287785552214,1.8492998336417008,0.32211288526563303,0
3767,61,2781.33586703437,38.924196235876025,30.0,2,0,8850.937483066526,0.3768611411662544,3397.2837411831224,3.1822612968004957,0.3838332094970451,0
601,39,,19.997632123712975,21.570011922141376,2,1,13410.788097374338,0.1828439739722438,3526.475441933772,3.5312353341184037,0.2629581062893844,1
1383,62,1567.036642505653,40.0,30.0,1,2,4603.86853515472,0.10871614252702284,2108.9892311146627,2.9379456805765867,0.45809067200998754,0
3332,64,1766.1817058327665,38.62191260024145,30.0,5,0,6281.635197246702,0.3882062515051,1273.0273895599312,3.55661887817192,0.20265859916824058,0
2118,46,2613.9592747866373,,,3,1,6986.699199902539,0.126324893337487,1760.9399704330654,2.672841641908451,0.25204176107333054,0
4319,41,1168.2153321319254,20.79213795877288,24.45530180525895,5,0,2671.2314663411667,0.1371784122085976,1304.2653865516463,2.286591686368577,0.4882637101973502,0
1912,57,1668.7663217955028,38.89084511843291,30.0,2,2,5784.4344947475265,0.1434789517612552,387.954499652246,3.466293883809799,0.06706869962906876,0
3684,37,6326.283939938443,11.795686963251189,8.826725337316834,4,2,16007.650489378671,0.050950908995346385,3089.138314783822,2.530340187281324,0.19297887074892808,0
7582,59,1773.876087504105,36.23532247333821,30.0,3,3,2744.743075744706,0.11418518266314423,2375.5022213756047,1.5473138710644885,0.8654734362454239,0
4813,22,1032.027405214644,1.3341907975425864,3.526926867815031,2,2,2454.621955384334,0.08248785569703292,952.4700268325255,2.378446485995994,0.3880312504918469,0
1740,33,774.7144678854446,12.736757919759292,17.55420260632775,4,1,1798.8813969306323,0.14723097033340152,819.5648305560302,2.3219927747581823,0.45559692370737986,0
5039,21,3640.6764498260736,0.0,3.3948509442007695,3,0,12754.150417304698,0.20522235523351964,5416.881767317397,3.503236443302728,0.42471521740623575,0
927,53,1033.545709458709,34.093919155977076,,4,0,3316.977403520558,0.4976454550162036,1433.5503659878405,3.209318536340045,0.43218574973296636,0
5138,64,1125.064282096115,39.05403126047102,30.0,2,1,3453.6397264333195,0.4963443875274624,1013.0929865811879,3.0697265759773473,0.2933406686364013,0
3578,53,6942.46891547423,28.391852904430365,30.0,4,5,27451.738408773395,0.2786833581661679,1819.4831549932323,3.954175199486393,0.06627934187263483,0
4442,63,5145.11277861715,40.0,30.0,4,4,9751.263553712311,0.2811651987003908,3682.586594566088,1.8952477765381763,0.37765224724790925,0
7472,46,2837.9846166186367,26.700524239780485,28.999758617708352,1,1,7182.933148668151,0.4155404849974134,845.0118883674439,2.530997915424353,0.11764161949970602,0
7128,24,,2.561742144856333,3.6426781853520565,3,2,8603.024386520667,0.5267464170904628,4151.479615692076,1.9772881430269955,0.4825604844497092,0
239,59,4321.715500340322,36.55212816477033,30.0,1,2,4699.112656567995,0.10035305401450133,1774.828668771764,1.0873257751922711,0.3776944283919367,0
2966,54,4820.056905945484,33.51947670141941,,7,3,7650.056660598483,0.1144863606635352,661.047621395288,1.5871299467776465,0.08641081376560322,0
3542,46,923.2011965100896,18.24588972163347,14.011825086931715,2,0,2072.4987105593705,0.23259998119077582,282.5265900195197,2.2449047059231364,0.13632172052993236,0
6206,43,2434.469025367046,19.844820390053783,25.037630992682328,2,1,7533.777095804903,0.23563596629702815,771.8324811688551,3.0946284455884716,0.10244960414327113,0
3210,26,2869.947458719307,5.9535489178236976,4.927341981233292,3,1,11174.991665849568,0.3381628772971534,874.4783802283755,3.893796603104478,0.07825315726192035,1
101,25,4631.749316287551,3.6927948004235995,8.19777240437731,5,2,18408.790814809887,0.05940026958307645,3067.4905087410716,3.9744790915335932,0.16663183039014562,0
318,37,2990.6406938224923,19.03266369839957,22.412536056862645,7,3,6411.957449353211,0.6152304000874227,2229.025913614724,2.144007958762093,0.34763579316010135,0
4581,24,2099.897914400209,5.439181026617415,9.491643729140957,2,3,7181.117889700225,0.5342449978157343,399.2822002605093,3.4197461888290683,0.055601677398054425,1
3187,48,3246.697045060715,28.405847650377126,30.0,4,2,8834.194109513775,0.5251882265956156,3854.295681725055,2.720978886204817,0.4362928450456237,0
533,33,1108.0966132978124,13.979867645268538,13.026698944171802,3,0,2326.740661776882,0.2792559711349107,227.61462676416545,2.0997633544355456,0.09782552499441044,1
737,34,2156.1165184465613,9.039378909014346,8.766668811233039,5,2,3689.2323805187953,0.26859516371719894,2432.7526644404466,1.71105427232514,0.659419741973083,0
1244,29,2558.6980365548516,4.929429838324546,5.245271929106959,3,3,10076.26306809794,0.5296262605959956,2619.685148891373,3.938043068835541,0.25998578353769414,1
1142,50,2101.279764756778,24.64015941452073,26.650638983735252,2,1,7522.155377903873,0.4178874641671922,1508.8270798924975,3.579797180778809,0.20058440753891313,0
4347,62,2985.8805373338378,40.0,30.0,1,1,4811.427114208551,0.28939152061812784,2166.954766576082,1.6113930393560842,0.4503767209061281,0
7287,32,4323.296042038735,,11.35215787976226,1,2,8425.010881086433,0.11610123566050592,2795.9883949390446,1.9487471593810757,0.3318676301315937,0
6526,64,1523.4328258533726,40.0,30.0,5,1,2868.2115447125934,0.22098674746543723,1954.9794023237464,1.8827292520140648,0.681602236044149,0
1328,64,4384.620522821331,40.0,30.0,3,2,12540.059694385585,,2453.713254120349,2.8600102629443858,0.19566998195542254,0
7097,52,,27.867842188536564,28.052323002309702,1,1,6943.843074663794,0.3352394482967716,3431.0661624648637,2.1970759313218635,0.4941163165083463,0
6613,35,2335.488441885424,10.225479563029115,11.900246462607388,0,2,4966.5616283308145,0.1843593825249159,2280.511202128047,2.126562281045306,0.4591730401812193,0
1928,54,3448.8397009089676,37.015374169143854,30.0,1,0,11580.284041841804,0.15102764883145336,5149.910758695096,3.357733338197694,0.44471368233175224,0
5004,58,2373.3461692775763,38.03115901375341,,1,2,4670.592048996452,0.13245531159702345,763.1536330304822,1.9679354446714088,0.1633954807066606,0
496,30,5217.617261444907,8.590237402698358,11.273807346543832,2,2,15550.99412730483,0.13385835173008184,697.9460852529487,2.9804781278645027,0.04488112332493762,0
7544,27,1480.2701084687112,2.1384954257656963,2.55054624992462,3,1,4768.3459928736775,,1771.6391856270743,3.221267500838998,0.37154165999589794,1
2771,57,2782.1213592303925,31.92337712112788,30.0,2,1,7440.622277851107,0.08249664794240262,2270.6723187408884,2.6744420235892865,0.3051723678408079,1
472,53,1487.2698297822635,35.786041033008594,,3,2,3012.8369624938027,0.19084462495362997,2159.3604904811427,2.0257500704730105,0.7167199942653998,0
5050,64,2510.392928009924,40.0,30.0,0,2,2615.4027647012995,0.08928419600706884,2852.4573852720278,1.0418300400386407,1.0906379024179864,0
4076,33,1584.9332211261785,11.170319992342385,15.22217212199077,3,2,4695.94958580261,0.5050520944900689,853.4045121053042,2.962869049123654,0.18173204301115686,1
3916,49,4091.809752209577,33.873381739482994,30.0,2,0,15793.142931021577,0.329484309573012,3037.435060356831,3.8596962926962286,0.1923261933120715,0
544,51,3129.2375481562426,24.386941953756985,,1,0,10560.814408838347,0.24515431601782853,1913.5237393207126,3.374884215824655,0.1811909257414167,0
4176,61,3807.726539756145,36.06422238440292,30.0,3,3,8749.662849907107,,1040.7925553878874,2.297870595105145,0.11895230401922713,0
1242,45,,20.67733417353533,23.580933328912785,3,2,6469.665548485774,0.559538747513242,1977.6131294322804,3.840359681527288,0.3056747083155081,1
7330,38,2696.9845642670907,16.82981161202776,18.44559895768373,3,0,3491.7842826551428,0.3190814619220405,3656.0156042487606,1.29469939461965,1.0470336390507884,0
5538,36,3638.760182797657,14.419205027895261,18.96232627245467,3,0,8964.048265794041,0.3791629746241995,2174.596819296035,2.463489709536736,0.24259093155422762,0
334,43,1927.7460164518372,16.540295321220206,20.555716130406854,3,2,5729.81408168996,0.4086723384107357,1652.9332429302126,2.972286822429086,0.28847938508376414,1
7132,50,2039.3745368261298,28.31339952949093,27.713080067486207,4,0,4657.189271023074,0.4830417966713049,881.2700153268408,2.283636079065221,0.1892278720150119,0
1315,29,1676.7398274169013,10.963911097605362,12.304666051233419,3,0,2835.3576426061027,0.3062506502902949,1914.3814690756833,1.690994390569292,0.6751816562076065,0
1919,57,2409.7812025994735,36.11758314891596,30.0,5,2,8369.567179686594,0.16721141584820526,,3.473164771415012,0.3374432848085178,0
2184,24,,1.8095818648293065,2.993925018808773,4,4,4525.38240938791,0.5248193826863814,2134.5040110617265,2.1230044660592315,0.47167373228695453,0
3861,44,,21.770761447140895,24.442252852676734,4,4,9519.419284929454,,2614.158229520606,3.512978643544786,0.2746132039439818,0
7409,26,1695.9309245217867,0.5196792276079312,3.723592410575568,5,2,5508.7746113196645,0.5391806948013413,539.0326092361181,3.248230533253005,0.09784982092541797,1
4645,35,1730.3206298212326,8.288535607267724,12.315395367673784,0,1,3585.8485984625313,,392.3960951764504,2.0723607732937923,0.10942907498791057,0
132,29,5186.091489414855,9.606718353491836,10.801584623363276,1,0,7632.192645833394,0.11918738808961299,1666.107688241279,1.4716656390291587,0.21830000440972216,0
3960,23,733.1043441339816,2.267636947915137,7.758786614734263,2,0,2473.0232741627715,0.30390271705581057,916.3788552806898,3.3733578227314442,0.3705500327694752,1
6351,34,4570.6426265269265,15.597492804954094,,4,0,18129.484551481433,0.6601318771193476,,3.9665066890730425,0.16810454068331107,1
2245,28,1261.441705770523,5.659089443153707,9.740847943852762,1,2,4309.91885608792,0.39180019938101207,1710.5222661036723,3.416661139688024,0.3968803875941878,1
540,29,2549.8879937481825,11.463327386251608,15.542493536740812,2,0,7880.300661099202,,2978.0572780985913,3.0904497297215134,0.37791163131625866,0
6146,41,1561.624630113581,17.53065602014815,18.76656159671985,1,2,5092.2518186831885,0.37400855304816033,293.6509158366393,3.260868021986062,0.05766622042516641,0
2029,23,,,2.0032801591211333,11,2,1614.913113441294,0.06763264067261278,524.5538861128904,2.079587514942941,0.32481864302599783,1
37,27,,0.0,3.4797208877900614,4,1,1392.0057067720034,0.21763752196614394,949.6541054874713,1.11184267449096,0.6822199800384979,0
7636,27,806.8435125064352,1.9162416450489466,1.9249599232256749,2,2,1413.819796840899,0.46580343906427285,852.7074385152657,1.7522850155278689,0.6031231422990346,1
7573,47,1475.9419469108723,,25.831165630238324,5,1,5473.145831527287,0.026868729328941528,1396.6966390326602,3.7082392318901913,0.25519083211472016,1
2018,55,2285.5128805315203,30.788650243199946,30.0,2,0,4525.933906784084,0.09381085415855693,1591.7527620867074,1.9802705752992869,0.3516959802927684,0
2111,35,5620.92213808566,14.565346115962893,14.208539841893774,4,0,7710.890083731344,0.2860177746698089,5372.313425520708,1.3718194086846884,0.696717676841921,0
2402,41,2280.600611641336,20.505165797991467,20.82348181252678,3,1,2388.3783557197025,0.1449088902971995,475.21687355638284,1.0472584912624396,0.19897051588092426,0
748,47,2696.8397323362783,28.52123925792096,30.0,5,0,3501.5026014678706,0.41035621738261613,,1.2983725208003039,0.28850127294685923,0
7567,53,1343.8297803386047,28.617347278112298,28.982280457015477,2,3,3815.0873260578373,0.07744119613235446,383.46788072875,2.838966200835756,0.10051352641644265,0
2456,33,5185.472102084962,8.81409328531677,7.917386100425114,6,4,6361.118583721486,,2314.0590919279775,1.226719276180046,0.36378178797826605,0
7512,59,3728.882915614448,36.69179792965492,30.0,2,2,6182.350769444675,0.31145616607339793,1260.3639928174307,1.6579632317111634,0.20386484685511333,0
2344,43,2174.0875320344526,18.420412592548217,18.065599431127552,1,1,2745.2438873355836,0.0980947406623375,2249.425577086527,1.2627108370225821,0.8193900685704553,0
95,31,3536.703421399435,,14.592309414400262,4,3,4429.235399428278,0.3796867049780985,3434.067361899899,1.2523626868536457,0.7753183229645383,0
6251,28,4250.789750330273,5.549691600354799,5.742805177432711,4,3,4607.870948495619,0.15396447555221965,1916.003615934945,1.084003495618103,0.41581104101027033,0
7864,58,2545.8401946979916,36.95977080000685,30.0,5,0,8925.058139037248,0.5476130224499028,1642.483413853541,3.505741702729307,0.1840305562458461,0
5223,27,5293.22437385129,0.6641599897706207,1.0,7,1,10368.003538845745,0.250094012217298,6919.7390810679635,1.958731163950661,0.6674128780089448,0
2114,62,2657.921623745882,40.0,30.0,3,0,5976.440942375145,0.6275951738824348,480.7553082465987,2.248539192796958,0.08044173997234179,0
2586,28,2861.4565730726626,6.2563836382601545,9.313802906164899,1,0,10000.141044505244,0.30993487115764334,1677.3567701243985,3.494772955357832,0.16773331122625035,0
5198,26,3843.6950437886576,9.357903959713834,8.839362537764844,3,0,10117.937021667543,0.10857791915425896,5343.426336484595,2.6323464547526862,0.5281142119230093,1
3439,27,2653.2439607141355,0.0,1.0,3,1,4460.445066715101,0.2769575704564369,1803.8580318326597,1.6811288870377934,0.40441211691933526,1
3554,64,2208.3775339021786,40.0,30.0,2,0,7165.600590284797,0.5716111361557257,3134.2869094377447,3.244735322779371,0.4374074259298302,0
453,54,2346.0721681785235,31.887822985100502,30.0,7,0,6959.789223216677,0.16995211426941173,2806.273224571137,2.966570814665184,0.4032123868363549,0
6584,43,4334.104564152461,15.983486136756007,16.719022725387955,4,3,10357.428975357803,0.20078365130441664,2496.723450454496,2.389750598318389,0.2410562946069582,0
2812,54,4614.608363455749,33.835013182933594,29.70385500248692,2,0,18119.654676221977,0.4016542109642354,2039.4441170998716,3.926585584102024,0.11255424860696651,0
2836,47,2051.4499227105302,26.880018050706123,30.0,3,2,6024.741008959198,0.3419722978553053,1958.934955733833,2.9368209003117443,0.3251484093375573,0
251,27,,5.993390834434025,8.639638889733778,2,1,4304.335980396288,0.2774342811452976,820.1400473534533,3.8669672247847577,0.19053811112531818,1
6635,60,3009.382774138154,39.87316068259443,30.0,5,4,11438.951225190089,0.41747437770372176,1547.9893373563098,3.801095468311121,0.13532615944260973,0
1022,22,1814.9882884364554,1.4813999923448729,1.1259721516886343,5,1,2714.8397573273096,0.23444407964106606,842.8310287787658,1.4957891324279797,0.3104533247326949,1
7647,50,8634.603119393483,24.90296120838591,25.826818244211477,3,1,22106.22959099929,0.3383534271521101,4305.447398172572,2.5601905826277385,0.1947617245378455,0
1010,50,2361.657045503014,32.60874467667924,30.0,2,0,6696.063074911268,0.34339976475434225,3222.0530978418783,2.8353240736887177,0.48118619281144914,1
4649,36,2044.6125570290371,9.320065391259185,16.27224220187026,4,1,2996.50933931211,0.37390154855042657,3023.5251094244163,1.4655634041816923,1.0090157470086538,0
6001,44,2171.7274416540336,23.229428336213264,24.47438813491197,1,2,3737.655386225949,0.13578865079593666,2189.798993713396,1.7210517832658003,0.5858750386093028,0
1672,47,2395.5835798277312,,27.066164262524154,5,2,3810.5342188227587,0.6071164206831298,3501.4336626752593,1.590649665037685,0.9188826189722568,0
625,57,2105.1285001808824,,,5,1,6583.480227619944,0.25265460458754546,989.6883099886371,3.1273531411760667,0.1503290472167832,0
7793,61,5722.215664674165,36.58514514210213,30.0,2,0,19245.808683203417,,8314.929860822944,3.363349061101722,0.43203847641277415,0
2110,29,3663.3490978743075,6.1595553051288885,10.053797101067214,3,2,6366.918733714167,0.04038694509010081,1958.7757376975069,1.7380049139757472,0.30764893029423784,0
1465,30,10550.438118371685,3.8995868146625483,7.092215791119288,2,2,30620.05766721522,0.15093374043754004,14995.157658196043,2.9022546100617292,0.48971683271032185,0
7529,48,2626.804513476225,29.62170886668454,30.0,4,0,5536.237947272633,0.7906516439681304,3415.4417887640902,2.107594196244989,0.616924673630885,0
4734,60,1013.499462902628,39.0947117840384,30.0,3,3,2280.4148753820023,0.3339560484705395,1439.8379199638512,2.2500405366283784,0.631392969545797,0
4266,38,3157.8275456823935,14.177579366082568,20.704034423337273,2,2,5551.0576306439325,0.365850266454391,1641.619735903617,1.7578723189724954,0.2957309840995447,0
3091,49,2073.3781045344535,29.258541547594827,27.834663532856744,0,2,4888.166608315407,0.13204645587975009,267.18443845971603,2.357585718506935,0.054659437754269784,0
6972,42,5109.205447670022,19.819210158248417,23.110515369371562,6,1,17106.526912690984,0.15040654699056522,7141.406466074052,3.3481775371730578,0.41746676590301846,0
1888,61,949.564228450759,38.58868577372869,30.0,1,3,1727.5935151047465,0.2851780196926177,888.7739414099062,1.8193540398245251,0.5144577897747078,0
1608,42,2094.758424343793,23.738321463933154,,4,0,3180.5777354724332,0.24613749018712183,1256.6660837730292,1.5183506119417016,0.3951062317256547,0
1744,46,1921.6492189038086,26.829908601056566,30.0,4,1,3254.119026111953,0.30256873918412586,192.1710457612898,1.6933990835061161,0.05905470704029449,0
157,26,1451.571554719524,7.112805417042256,7.534294920169136,6,4,3862.1521624404413,0.2519368425418864,283.9977268828568,2.6606694998144236,0.07353354164673888,1
2439,31,2036.4277063994887,11.561290854365836,13.605917610016078,1,0,6778.381715243299,0.1928907014355678,2223.8943867466724,3.328564865790318,0.32808633095205514,0
2199,26,8263.748633138573,4.509825773655686,9.13760140548467,1,1,26958.808453512607,0.2609006317090588,10516.662698068316,3.2622977356069027,0.39010116920423626,0
3094,48,4877.662670790338,29.628254903046884,30.0,3,1,18733.209439377908,0.3525226964817844,6458.554621763303,3.840611929062025,0.34476498235199243,0
6213,51,2822.9074259157396,29.66664328590032,30.0,3,2,3490.9736301051726,0.5290084874686544,2769.0091235180007,1.2366589134508068,0.79319107415732,0
503,49,2612.372833967369,31.16713796020687,30.0,4,1,3706.6274948221903,0.15051024928194193,1700.442371842815,1.4188738478010408,0.4587572865679578,0
6186,29,3457.298772625109,14.104655126175714,14.131204657601378,2,1,9285.539334611378,0.45940323809940536,869.256787827506,2.6857786802038275,0.09361403322986261,0
315,39,5487.243035509572,15.748588097090686,18.597864673385764,3,0,12001.15773206449,0.18955463129774683,759.4782588958802,2.1871015470613293,0.0632837494391661,0
710,34,4965.991672544083,13.117441989584252,14.190520216596711,2,3,8195.125164665264,0.31356105180696087,3257.059738215973,1.650249477858446,0.39743868126131426,0
3968,57,2832.217156443865,38.63654646692081,30.0,3,0,2919.2992200781646,0.5459931944418601,1556.129511967058,1.0307469585925537,0.5330489938353742,0
4174,40,2056.3127208335914,14.378785591322853,15.589176661774985,4,3,5275.010988772664,0.3118081109349675,264.6472425110868,2.5652766407213936,0.05016998885393076,1
3717,42,1887.3148265595628,24.535865932143217,25.277408708294022,7,0,4400.056303089718,0.623674328298454,,2.3313843780429044,0.48164649577499863,0
7082,61,3319.342133595925,37.23105947430837,30.0,1,1,8992.346299888259,,4005.0910702221267,2.709074852174587,0.4453888825736054,0
856,61,1536.5334834123973,40.0,30.0,5,2,2106.682318261306,0.3395172048838453,1174.6431914349969,1.371061770539942,0.5575796508343305,0
3322,61,2112.8670231878086,34.61154732640466,30.0,3,1,6579.030237151782,0.20789632235729955,861.0504698324421,3.113792853478117,0.1308780228687946,0
5002,26,1501.446676487851,8.794833003247337,8.812289295538939,5,0,3096.1842900750885,,369.9093002695767,2.0621340328366577,0.11947263651434833,1
2656,39,2703.346803628422,13.161591687712132,14.642343599690763,1,2,5791.5154603489955,0.0840556667618307,1639.2601996318995,2.142350161131988,0.28304512192964393,1
319,64,1454.4764722746525,40.0,30.0,2,3,3369.146212776178,0.16503726466825858,197.8764780153805,2.3163978771737557,0.05873193548710082,0
429,46,5540.0842877713885,19.917138261615797,20.5679759149675,3,1,15246.471700724454,0.5917247973203833,842.7994380319343,2.7520288336366914,0.0552783263285687,0
1018,47,1767.6420339203733,26.348367983632095,26.467628088165718,4,2,3132.9071397156235,0.6639741457254758,1287.9653526848156,1.7723651506336329,0.41110869082500967,1
1426,36,1602.5155447978373,18.159983607931828,20.29466964762061,5,3,2242.498233546785,0.37169877115149513,470.41890322045987,1.3993612984451165,0.2097744810600965,0
7942,41,1597.9937529221972,27.67568570216262,28.69360797468199,4,1,4043.535220625497,0.6430058660972211,232.9318881824581,2.5303823705388213,0.05760599957045155,1
3703,36,2525.9687696619358,8.477795811326201,9.394986566009202,2,1,5741.146577209387,0.3800209667263055,2931.98480123931,2.272849389969994,0.5106967331017818,1
6543,52,1928.7039633193647,30.036534195474005,30.0,3,2,7517.7330263347985,0.3151306587460495,,3.897815926813634,0.1892551319861541,0
2107,48,5402.986699189408,25.426759413079658,28.815915941822823,2,2,15199.654165112883,0.3062534990142482,2042.3611299722934,2.813194814526054,0.134368921015324,0
7145,35,2974.561849854075,15.097605500646527,15.819266511804384,4,0,9696.957774075145,0.11565060002031433,3614.5361286460907,3.259961723287366,0.3727494965802128,0
6605,37,5538.338135956389,9.59929169697169,15.143438521017485,4,0,20569.720471504843,0.5161074530030411,,3.7140600603564913,0.10643738894987848,1
7530,22,1782.2590922659124,0.3028176139345861,1.495222782453509,3,3,4507.445570804425,0.009358364360275599,1986.341048213542,2.5290630247669488,0.4406799853734114,1
7978,36,3158.9381213909805,,15.785401616884922,2,2,9970.003574265522,0.14309049845098606,855.4510965723473,3.156124998699061,0.08580248644849331,1
7944,60,2914.4796992685883,37.20236845342261,30.0,4,4,2921.323914042755,0.030922891465931805,2132.36704431687,1.0023483487553144,0.7299317388484781,0
1193,57,2969.624867889768,35.47224441959866,30.0,4,2,7276.649789190865,0.18288361114606685,2778.5878121365163,2.450359931947126,0.38184987496086226,0
6357,51,3594.494468992902,26.534965237152612,26.226764586886205,4,0,7363.3833723685775,0.6261965530619216,2540.810451634983,2.0485170963224864,0.34506018811535566,0
4113,25,5417.512435537587,7.471652195374411,9.685396807795705,1,2,17421.11223119117,0.4535853313805153,7822.4168743556775,3.215703228831158,0.44901937204389497,0
5740,46,4475.19889309811,25.76927289760234,28.34338449280856,3,3,9829.366429361093,0.2058883381420098,6319.610628803641,2.1964088444248735,0.6429316349349298,0
1840,41,1611.1914429840292,16.706138145505022,15.825616065460151,6,1,6012.831296796632,0.5478948539043637,630.7065479922721,3.731916106543171,0.10489343819246756,1
2534,52,4626.805869872462,26.087891937932174,28.212114201365036,3,2,12361.143826014455,0.3438284952396098,2924.314081382274,2.6716365833510087,0.2365730973235627,1
1862,22,1694.7544307969988,5.6529505319295295,,3,1,5723.101062370942,0.32684642524415153,1168.2634788952246,3.376950051506587,0.20413119848197148,1
5836,64,6073.4853758821955,40.0,30.0,3,2,13381.416566401522,0.17310149849188128,3365.1807251021137,2.203251632010034,0.2514816505713987,0
7773,33,2701.6315200024296,7.583818399994677,8.119145543425992,3,4,3357.9421120566412,0.5309196813369664,1211.1435907080697,1.2429312018293381,0.36068030665551876,0
6699,46,1254.1315366213737,23.39131616996544,26.849128632287066,3,2,4793.134828313158,0.30583220646478226,1628.5855626451762,3.821875687159457,0.33977461952980825,0
3045,24,1980.8105893864674,3.0417884685023333,8.263019203747959,2,2,4640.876629863811,0.20095013384377491,2542.4437526404113,2.342917921950966,0.5478369617239794,0
2628,30,1361.3279237939273,7.661189746865185,13.56815321828348,1,3,4484.643562442478,0.14918486485330687,240.08599802067633,3.294315413691129,0.05353513488370031,1
4228,58,1999.1066899080142,,30.0,3,1,5815.871456846821,0.09589486642512265,1765.3794960411499,2.909235152984471,0.3035451366386082,0
6060,43,3073.9181552123405,,29.367066062941202,2,2,10034.541347752951,0.5954275841514339,2314.454255297324,3.2644139632467812,0.23064873371772024,0
4229,37,2554.8178629559884,15.340756637290255,16.62133924133287,4,1,6257.325700890492,0.2713594377637354,1217.9051140394893,2.4492257517139047,0.1946366822277074,1
1281,46,1933.7394958852724,22.87300164241298,26.042337000713474,6,3,7456.896678643622,0.26525476979672935,621.8643749896837,3.8562053960788707,0.08339452748094106,1
7740,35,6652.89589370995,15.036061067339125,17.548117820886514,0,2,17574.38905267942,0.31419149011107755,2884.41536568062,2.641614919796853,0.16412606759953668,0
7288,38,5355.19806832016,20.556546412223163,21.502583766096173,4,4,9783.799248430894,0.11917674154160816,5450.233439220318,1.8269724338132494,0.5570671781817698,0
5502,24,2835.0710563822786,3.620309390513759,5.396083156593594,1,4,8203.28365806826,0.2596277097596339,2254.5989531036166,2.8935019598895497,0.274841032820574,0
4220,21,4093.719457528792,0.0,4.001161736130272,4,1,15845.157490911055,0.39100585638395885,1258.6337538879804,3.8706016998233963,0.07943333820506017,1
4545,22,1088.9513015458172,2.0985840132908646,2.2676400638822587,4,1,4110.71911210597,,860.7076513273745,3.7749338342959993,0.20938128533098038,0
7698,26,4005.287370062757,5.11456289604938,7.5404709995478,3,1,9448.12823970318,0.4633949161955255,5658.795614266379,2.3589139471795604,0.5989329812953677,0
743,58,3691.228085322467,32.653571544164286,30.0,4,1,12844.37430329718,0.1771499870670131,5517.183324633902,3.4797021496370335,0.42954083977587204,1
5528,33,3029.3346697245133,9.099776336831317,13.160407795005906,2,0,8364.80242947807,0.036949873160037235,842.4205694870799,2.761267189484469,0.10071015742324514,1
2233,60,,38.125610150800654,30.0,5,1,7206.882605139421,0.2538728999855112,194.71816426496477,3.75944321759832,0.027018362159265095,0
4504,54,,34.70221799081958,30.0,0,1,5145.356907283856,0.06936896814661024,704.6123991886001,3.570126640254057,0.1369414040435443,0
6246,50,1563.0619793962364,29.761871188611895,30.0,2,1,5468.838801920847,0.2512704830202408,1135.5845256704717,3.4987984315460694,0.2076463700615229,0
6096,48,2823.191333242229,24.194189713432877,25.81219636471735,4,2,6727.464810650509,0.31867389899608584,1000.8938414384662,2.382929109846943,0.14877726894296237,0
7770,56,3703.415331896944,35.38566480351827,30.0,3,3,8430.02796421825,0.3893480400292197,2594.124655047061,2.2762847827549133,0.3077243238169524,0
5277,43,2438.922917517316,21.162939476201785,23.600493449171626,1,1,5361.151761942427,0.11469468820067653,,2.19816367439762,0.11694012247297421,0
3615,27,1961.3210574733125,3.528471589312786,,8,1,2726.642776204867,0.45274207850269216,2197.396299119499,1.3902072614860344,0.8058981243512909,0
4789,64,2587.893817449883,38.289619380384536,30.0,4,1,9813.91175540131,0.17902429263563754,3687.65059493472,3.7922389586571073,0.3757574641839568,0
7496,26,6884.703946432244,4.560907297368615,8.460135481334774,2,2,21265.323549045574,0.06313548418140025,3107.277255552568,3.0887782124699172,0.1461194440980903,0
2697,62,4174.0473810435,38.13912734437792,30.0,3,2,9932.58841855061,0.43804386463875755,1882.4194079741435,2.379606054224399,0.18951952186586538,0
1701,28,5242.290053239248,7.366503453275563,9.893643144405395,2,2,10595.930319937313,0.09578283705493823,,2.021240757823008,0.5761862144854587,0
996,22,4051.8618984780824,0.0,2.431487711261025,1,1,6765.067746582617,0.410624118514292,2350.5910672343084,1.6696195270435155,0.3474600928308091,0
4038,26,1815.8898382724403,6.487266557243369,7.580371515692352,2,2,5163.22484613908,0.3727350001455507,2434.1832338765707,2.8433579710161,0.4714462969197995,0
4657,39,3780.0537666910955,,18.173383336326584,2,4,5287.102249576834,0.25684049440281614,1461.2780222490442,1.3986844039535837,0.2763854287792526,0
7906,22,2560.806559321042,0.0,2.517873292860096,4,5,7060.78576170256,0.3258547761341776,1110.6361515453837,2.757250732587399,0.15729639575943982,1
4717,50,2518.5960223197208,27.684473589694004,28.841761885448765,2,3,9223.89499124734,0.2913943667118424,,3.6623161910467044,0.363620273685276,0
4715,60,2740.608969403891,30.520125455127435,30.0,2,2,3369.904372527934,0.2938542532915962,1621.553777368985,1.229618822002513,0.4811868819151614,0
3482,36,1858.6913496967265,13.670248192391144,19.22886892974362,2,1,4471.733312103401,0.20169857868931268,2509.40995073776,2.4058503919077427,0.5611716476798101,0
6369,49,745.5366504215725,31.030540005311288,30.0,3,2,2256.8893724036184,0.39275916697136765,768.7703929783638,3.027201105576008,0.34063273210401657,0
5893,49,2977.435185661601,23.691079784622836,24.36943270335446,2,0,8181.9444528318445,0.23923297529765805,3056.4031118217267,2.7479840677081864,0.37355461521910943,0
5146,29,,8.389179268387764,13.059652847840342,4,0,10271.708787266512,0.30364174058276805,2330.2602192836775,3.0058928762524166,0.2268619825137977,1
1084,43,1911.4449146430854,20.285488780153482,25.149745860468485,0,3,5694.699593057028,0.12003735313958976,322.5244721359517,2.979264298662968,0.05663590622570736,0
2266,43,8520.49306305686,18.758052797880072,24.074126066237238,4,1,9187.428413867472,0.09597208809924303,11239.265956114135,1.0782742672137495,1.2233309964243777,0
1922,34,1767.0142311041104,13.174585398582265,16.25405840774652,1,0,4425.851722047068,0.09336639791748674,891.650157455627,2.504706325586068,0.20146408272422114,0
7223,38,2611.31348821635,10.070620545553515,13.544195945283567,5,3,3843.4450840971176,0.3584041938478105,1133.9024025138085,1.4718436148860747,0.29502240248091877,0
1046,47,2352.4508966259123,21.714211649041474,25.531922921027856,5,1,7690.007789378346,0.2213199292912997,276.44894142679914,3.2689344548734334,0.035949110715939474,0
1346,37,3230.9849415709728,15.28534731893803,20.614589579157034,2,0,12832.249230405185,0.21553920768969517,4757.979075026504,3.97162149080332,0.3707829383295315,0
5922,23,2043.39122515457,7.623723903958385,8.216219963439304,3,2,4000.9252212692045,0.08509903890918255,2229.372438317115,1.9579829706700238,0.5572142229666308,0
1176,44,2685.4723452685794,26.711138723749926,30.0,3,5,7761.229219065126,0.2814181947638106,1844.695906156788,2.8900797406233987,0.2376808948800754,0
6282,46,4940.009050627304,23.419099685998855,26.157472668334442,4,1,5114.006580551575,0.4074042360831062,2873.147513518041,1.0352221075186445,0.5618192836208974,0
7036,48,2689.7284859593333,28.939370573718502,30.0,2,2,9005.14016072494,0.13534162910589453,852.3857166993072,3.347973673823482,0.09465546360032308,0
6083,40,3711.809012503575,19.663029890083784,20.85005183653117,2,1,11346.577388722226,0.376720492331156,2339.898060487093,3.0568861033798402,0.206220605590969,1
5914,25,2386.8750165158376,3.61205669638163,8.232682856037277,3,2,7041.163334005464,0.44497269174005555,519.8531378015014,2.9499505777573436,0.07383057502598447,0
4838,32,2221.818171507787,14.640979223738883,13.591449473285657,2,2,5356.527806098876,0.4722204994500847,3178.0883739558876,2.410875864996544,0.5933112809266772,0
1421,55,2038.1748104682638,38.93753180312721,30.0,2,1,4486.710219406204,0.6998775192956441,1455.7298574391575,2.201337292739575,0.3244537280662215,0
6075,43,580.1413871667012,26.393621938563058,,3,3,2284.847905964544,0.121465940159675,532.8774469630669,3.9384328656903818,0.233222283886819,1
4149,25,1963.9782388566439,0.045591598295752434,1.4351850346783843,2,2,6408.725852644074,0.4014662472918059,261.0393972614176,3.2631348585486357,0.04073187139901133,1
5775,49,1573.8177296306071,31.987304815000925,30.0,3,1,5774.63326038082,0.4039203284319338,1449.1533192742374,3.6691880842746585,0.2509515763047211,1
908,25,1791.063668471746,0.36310375907267467,2.3533422705671136,1,1,4668.275640837702,0.060665956023614756,,2.6064264062823534,0.424281686084811,1
2913,23,890.3204242167569,4.509634754938389,6.238275884121564,6,2,3484.7819966448374,0.2741094717049167,1132.9699080867017,3.9140762155495987,0.32511930708363673,1
6851,22,2538.057447885259,0.0,1.0,0,1,8784.509822136777,0.19564905564342133,465.04061936437154,3.4611154406517235,0.052938710159157555,0
1972,25,4477.716850465899,6.174554105576394,6.038619548342541,3,2,9319.395104520656,0.5667589846896729,4621.343760401355,2.0812828090170523,0.4958845191743863,0
6527,35,3031.849158663509,12.944966007677314,14.387273361575957,9,3,8689.616650209782,0.2961859085535226,2923.7594918473533,2.8661111405820443,0.3364658775570691,0
7918,30,2973.9733204385593,6.634541347854356,5.707727430432312,7,2,10042.721603867534,0.545288938389688,1886.6927639288942,3.376870106684944,0.18786667980543376,0
3733,46,3014.2348298817824,19.886409713097876,,7,3,7146.616013087372,0.38757091838015667,316.6037424497819,2.3709552892956456,0.04430121079263185,0
393,25,1671.7001534521314,2.5815417969146885,1.9798841734701287,4,2,6110.04182033891,0.2939664395014933,660.1383866102576,3.654986695862542,0.10804154963601235,0
683,46,2016.8435561603405,,24.22498289766338,1,1,5944.1648823383775,0.40575614390469505,1865.926667026663,2.9472612608857265,0.3139089685366576,0
230,46,2742.9701963676835,25.622951466605905,25.110369522580722,6,1,7627.081896492134,0.0659418709418512,3695.3962126494635,2.780592332571504,0.4845098378121597,0
7947,50,2710.282766870681,30.70943581462837,30.0,3,3,3327.4364918485494,0.4583447897117352,3988.676815512159,1.2277082422991754,1.1987236496574754,0
1430,45,2303.9634733143744,,25.79620271337312,2,2,6252.178259674137,0.3679811858850663,2251.8107336367607,2.713662057619362,0.36016419240006203,1
676,25,3323.1091299298378,6.1558023610998625,8.20109123428959,10,3,7858.750386982434,0.32317024126310034,2862.335162058138,2.3648788167087247,0.36422268441041605,1
6463,32,2323.960240198313,15.071005537960517,18.834335456392342,3,0,3685.7582023885716,0.2411563103452708,2952.5916499267555,1.5859816095967507,0.8010812125476152,0
2138,41,2110.1357679981184,17.629971706268954,21.642230424579047,1,1,6011.329597455204,0.2928817181514443,964.5478889739738,2.848788067868325,0.1604549997362146,0
6926,44,3597.9250175548336,24.495693245810337,24.584425720298185,6,0,6747.836625638975,0.15722857628901699,935.9539515639046,1.8754800593995804,0.13870429939095866,0
33,35,1656.4200127398308,18.35584218931498,19.093435663834,1,0,2425.0111964253465,0.2161594325449507,737.3520465099024,1.4640074243091363,0.3040612957155893,1
2807,25,1150.9175438528966,0.6663999217699685,4.812647479983715,3,1,3204.407213458005,0.31907032305312405,662.5166145141793,2.784219625960948,0.20675169239780575,1
957,32,5881.889589943489,,13.127959492548303,2,0,22039.78998492941,0.2494763916445372,5025.912586871552,3.7470594522229312,0.2280381342248824,0
7871,24,4154.032224882052,9.93939015922655,14.46815706671827,2,4,10941.50051582215,0.35721461015330885,6014.068633551373,2.6339469516591962,0.5496566604237346,0
6342,60,1887.8116830846477,39.99068178805501,30.0,5,0,5562.930658667959,0.12999421948713527,2558.6261335619497,2.946761432039788,0.4599421223371157,0
1632,55,1484.1091754411557,,30.0,6,2,1767.7586602477018,0.5623692669480939,1031.6433027266628,1.1911244061423112,0.583588317752666,0
7417,39,1427.9692465153623,14.352837863186103,16.304281636681534,2,1,2479.09643332813,0.10894690521799595,1382.565730112034,1.7360993168289913,0.5576893708228895,0
4262,36,2898.9039037932343,9.255419295291034,12.840413478249864,5,1,10231.551052724055,0.44880550445134454,3284.513408750043,3.529455060354365,0.32101813222889325,1
2223,37,2071.48677949429,,15.909860540235508,2,1,4789.511053794019,0.40226922840960844,1175.531211873686,2.3121127787082845,0.2454386676782982,0
3378,39,3432.7194436151203,16.616594401564647,18.51680418501556,3,1,13374.33700178411,0.07614441821264414,802.7969177345724,3.8961346015796487,0.06002517490231336,0
7159,56,5304.797256963197,33.370436649067926,30.0,4,2,10825.869403178458,0.30953870742194745,7955.825216260206,2.040769680494043,0.7348901894128141,0
61,62,,36.34900110161571,30.0,2,1,11638.435711626937,0.15619498019454267,4703.7645167399705,3.2269571163673607,0.40415779519586587,0
4570,48,8776.44173936229,27.244183852767474,28.81819696192179,2,3,33172.973785598784,0.44237342960772497,7960.968138134124,3.779774853038469,0.23998355376840466,0
1807,55,2567.6910396404296,34.18433587706845,30.0,3,0,8485.74853115403,0.11530455670140864,2138.530885613576,3.304816817969791,0.2520144071866273,0
1277,32,,5.903374433587652,7.753217946781134,5,1,13477.104591632666,0.06280693329117143,1917.8209931363658,3.3454239286412735,0.14230215252073175,1
7534,36,4018.0244006241996,13.674447136105584,13.500101768718684,3,3,6653.422666497914,0.560357823200802,2978.0948520857337,1.655894042222418,0.4476034368117604,0
3515,56,2866.626516689996,36.789249121982856,30.0,1,0,5430.447421081667,,1867.3228084036853,1.8943686557926753,0.3438616864523,0
332,41,4709.988743295867,16.97187518769074,19.565900413983595,4,2,8022.050632514592,0.30439652256051464,6029.645473931198,1.7031995339549524,0.7516339337839788,0
6072,53,1874.4809002659001,33.45002084626027,30.0,3,1,3536.1799567022745,0.15476013718538184,2480.569955475334,1.8864849229462184,0.7014829521822844,0
2375,49,2204.189846101404,27.478258144347222,30.0,0,2,6958.17824625226,0.35840546724583733,1879.4614152879078,3.156796252627392,0.27010825948590833,0
7171,52,3714.670061466887,26.146259757182513,25.081835355189806,3,1,12255.865195508866,0.056461731390926494,5397.505341826948,3.29931460741069,0.4404018203304693,1
1261,54,2954.9685581616122,,30.0,3,1,6182.68246234115,0.3545643621160987,1035.9140622114599,2.0923005915797663,0.16755090828636832,0
5607,34,1734.0218202805218,9.397207023899592,11.591971013481622,2,3,2975.4714463121777,0.31094802120061504,1766.62759008963,1.7159365652220109,0.5937303119743266,0
5303,42,1869.8645839757094,20.28608461669814,23.4331145798151,7,2,2589.1758310770097,0.5136300038752091,2083.0718314095666,1.384686277961316,0.8045308497040462,0
5627,35,1241.9640739575266,11.170896429034928,11.317040239893286,3,3,3673.723050592791,0.1371334116021562,855.5666633189846,2.957994621282763,0.232888176799536,0
736,41,2875.350059509308,19.045960387183452,20.98662723991088,4,1,11280.512015417376,0.15382840006800852,3325.365282940466,3.9231786676236733,0.2947885059113984,1
6415,44,1551.9056403166496,23.37267912254073,25.84512555637036,0,0,5194.292372202465,0.21252057617390746,1771.5344927728013,3.347041364668683,0.34105405815299566,0
6088,51,1235.4604050172943,28.802071484308012,30.0,2,0,3535.2321184161124,0.21045141387529415,1197.1713913033404,2.8614693793983834,0.3386401093910938,0
2897,29,7136.6826118378785,6.4488266329586486,6.790379793546785,5,1,27568.777569267204,0.2587634701461828,3690.7201414044694,3.8629681420241186,0.13387318796168773,0
3244,64,2751.9745643215456,40.0,30.0,1,2,4145.654237616117,0.13203986116281619,605.2067497538956,1.5064289806174718,0.1459858239653649,0
5364,32,5979.097100783784,10.385241348040505,,5,0,8234.001099299707,0.2536929234029436,2188.783761616359,1.377131188958335,0.26582262198173773,0
3288,24,2419.6263562141175,0.6607784994114851,1.0,2,1,6272.082193309491,0.24173543742269166,1286.4692292648224,2.592169727859611,0.20511039071476378,0
6459,41,2839.986824011859,18.070241646810523,18.828282473477188,4,2,9950.96586099468,0.18070031656446522,1384.3957187487101,3.5038774746629344,0.13912174336515395,1
7284,38,1903.0890638467738,12.731203448957114,13.186676434601459,6,1,7514.158293118579,0.3407665450667763,834.2096621638582,3.9484007532101386,0.11101837752444241,1
6449,38,2198.426925269208,18.131752513006546,16.89426709198092,2,1,7521.136784284918,0.17154319622428632,831.4503965294329,3.421144773035346,0.11054850089506571,0
3299,62,1270.462085819705,40.0,30.0,1,0,3562.9491649195784,0.242697068200726,1309.849294011987,2.80445139188924,0.36763064343118473,0
2473,39,4489.4393630074055,13.434544944659008,,2,1,9144.070598224034,0.13386533553887575,4152.546681053022,2.036795657286384,0.45412452107046636,1
2306,45,3603.9097496103523,24.61891071944698,27.640082966453516,5,3,4224.766914206931,0.35793020305337897,932.4884197343938,1.1722732276144552,0.22071949498530846,0
1374,28,1610.5721903373394,7.914328696506918,,3,3,3917.9050577169246,0.09981602610749472,449.4649411617501,2.4326168558121615,0.11472073328486071,1
6171,25,4702.704712071746,2.4732007541420535,5.83567269439841,1,3,15048.376237833503,0.4275370097428992,2342.930083912548,3.1999407062928342,0.15569321545949444,0
7741,46,3180.0516532173115,,26.82790928769507,1,1,7365.911021828369,0.4083273716632367,1473.2654301131827,2.3162865969098814,0.20001129877176935,1
7893,50,1743.583921475604,30.586096658749746,30.0,4,2,6211.82566770866,0.4873637791679327,,3.5626766175106503,0.05295802678083548,0
2598,63,3138.4845278305006,36.15120156269872,,5,0,9610.116463414599,0.5254751829421684,3849.8258024577076,3.0620244828983303,0.40060136805978047,0
3429,55,1547.727933978684,37.83026130804463,30.0,2,1,4296.510136184604,0.383451262266041,1157.1498724093492,2.776011236768036,0.26932320318855896,1
2603,47,1023.1763547564714,24.14083196430167,25.97900432204044,2,0,3699.010400522924,0.2655311316167911,1496.8939188989243,3.6152227163257056,0.4046741579010728,0
3877,47,2393.0612366230566,26.62098460692993,28.11189145647246,4,2,3400.4888693707644,0.3662640045543908,2333.119948808825,1.420978626593496,0.6861130968032111,0
7863,62,2397.0119102354147,40.0,30.0,4,1,3209.1179411526264,0.4449143290672819,835.9162026609698,1.338799330720661,0.2604816083389979,0
6575,55,2019.4163464483354,37.28273881696392,30.0,1,1,5807.182869112076,0.634860050523951,1275.2840421606647,2.8756738942543993,0.21960459501693924,0
7117,51,3161.4932344694625,29.249769442935257,30.0,3,4,6492.987158834923,0.0881242031385091,3889.406359554086,2.053772276986867,0.5990164872360515,0
1078,49,1409.6647405375686,26.982461084850453,28.149992520925455,2,1,2351.5722794549033,0.46195862729046017,1073.8412488766317,1.6681784057095328,0.4566482001248752,0
3520,48,2318.300868281275,29.105797317595094,30.0,6,1,5916.434393981833,,1003.7998415390191,2.5520563249273662,0.16966297176557543,1
1163,30,2499.2832522400495,9.136857455357259,14.516086365209752,0,0,8884.023344972406,0.13140239269867746,2929.966338421445,3.5546284467796365,0.3298017378668365,0
6577,23,1603.822792040849,0.0,1.8037635371185108,1,2,5645.701012072666,0.1256384253064165,,3.52015262539608,0.4179099156407297,0
3832,54,1750.1071189056818,29.719251381647148,30.0,1,4,2600.7134175851616,0.2804225342257576,1345.3892538290731,1.4860309917551517,0.5173154584169087,0
5441,38,5114.752001511568,15.888665986535125,17.897121553652457,2,1,17729.505078193728,0.2741795725175876,4512.530175328131,3.46634696520068,0.2545209330675724,0
79,38,3472.8344843769137,13.867992942663825,15.742483354166643,4,2,4397.912566370441,0.3985999625033937,3848.461156499506,1.2663755172194744,0.8750654085139323,0
2585,36,2536.761656043285,12.993585617483486,13.713506664590982,6,0,7569.6560294380315,0.09096098240990913,533.6876643150304,2.9839839353472435,0.07050355554328287,0
6906,45,1445.27128526208,23.583992467309297,24.78778052329462,3,1,4240.538717675565,0.09792467575974216,1001.9288323184703,2.9340780246018667,0.23627394985033265,0
6816,30,1359.1932843831748,8.217176190513907,13.54495850754078,3,2,3871.0090285407205,0.2981443300095876,2025.8374676221015,2.84801953704285,0.5233357640567928,1
4509,29,1770.4542154233495,6.54073365211885,5.067142388148327,6,2,4091.7643924310614,0.5828379210650642,428.41568214593667,2.3111382134514233,0.10470194299027072,1
7165,64,5490.810386034648,39.38474104295418,30.0,3,4,20989.882816916586,0.09854387127939168,892.1684509341892,3.8227294955044067,0.04250468945996949,0
5925,48,1599.9549727443832,28.093482171207082,30.0,4,4,4821.486111557829,0.16123503405016545,1030.9268934797406,3.013513626128861,0.21381932243016388,0
4595,42,2146.9365155870946,19.753926048187253,22.630562784752364,8,2,8077.601179786562,,,3.7623847380404194,0.24917806427568354,0
1790,39,2237.6445331438686,15.600148967122365,17.57286681894756,2,3,2977.9725320602424,0.07679886592602167,3198.9665766954104,1.3308514770557505,1.0742095644791856,0
1786,43,2119.358456527878,23.981072856278864,21.71581454058274,1,1,7770.2882297943515,0.14702170572008502,1481.7781862795491,3.6663397859200897,0.1906979692976931,1
1569,32,1399.6230481886107,9.072146291434736,9.49193884993373,3,3,4725.505356202951,0.1646979923687786,1958.8156962387432,3.376270033791377,0.41451983408874926,1
1737,53,4058.7923787485156,29.095517918869398,30.0,5,1,7741.910393081862,0.29031996350272393,3172.5227206442714,1.9074418375322257,0.409785512821128,0
2251,58,3116.7907943831938,31.881554898615793,30.0,2,0,5942.510259233651,0.1841857778445653,1963.6546114698085,1.9066118489385684,0.3304419388117375,0
4888,58,2976.4210897418716,,30.0,2,2,8396.628504515986,0.3183242653094697,902.8349332215864,2.8210485853143106,0.10752350574233596,0
1025,30,3112.0019823324697,9.295888291347106,13.408149355345346,5,1,8370.034560219008,0.3609515394300066,2279.470053544672,2.689598081150836,0.2723369942077071,0
1954,30,1402.1243871271947,8.799140602833834,11.67737278206235,5,0,5433.18354876477,0.4983779575983446,1206.6862755553893,3.8749654443260857,0.22209562123660048,1
3612,55,1983.195256904576,34.657023899731016,30.0,1,1,5499.934689790715,0.20068118749855654,708.1698741732096,2.7732693846672265,0.12875968790824988,0
1562,51,1180.5793300505738,28.123029934069507,30.0,3,3,2421.402569189709,0.1003532153275722,206.81095877076453,2.0510291071130142,0.08540957270065636,0
5777,45,1647.0559136747245,20.321587171462937,21.45895248443159,3,0,4023.4085167422895,0.16951558053397703,270.4198734916052,2.442788057975346,0.06721163718929572,0
6289,42,1621.5661947626281,17.709419304941985,20.49603452207672,3,0,5088.442296114734,0.37812241459413254,2298.6663614884096,3.1379800051021673,0.45174264101285966,0
7466,53,5505.244109818495,28.456882435009238,27.402689912327936,3,1,21037.41545537582,0.2446345321763932,6123.73403772497,3.821341076929904,0.2910877550863851,1
1330,50,4268.893373103979,20.386983453852608,23.47079016095181,4,2,6392.145914803019,0.4732586804555327,2720.881640040692,1.4973777408160445,0.42566012670950415,0
6762,40,,,,3,0,7610.614092969616,0.35975439199796433,647.5307990427608,3.5694527613184306,0.08508259532445932,1
7878,54,1489.4478595600076,30.308762401979006,29.163740750177304,1,0,2108.354896622824,0.46617944376348813,433.3215106390108,1.4155278300548537,0.20552588718963202,0
5722,58,3485.5611473233653,30.47982232256478,30.0,1,4,8634.247720873025,0.25341137472827646,1906.1321610384025,2.477147109441314,0.22076412707390677,0
2020,58,3279.823176684575,34.41985682087004,30.0,5,0,7552.468308759353,0.1393715275788187,2749.5884085083926,2.3027059392859712,0.36406487205241495,0
149,56,3407.210145894217,29.68782030966772,30.0,0,3,11986.947011197484,0.18195894946096364,2481.158061536933,3.518112032403428,0.20698832315010524,1
5327,50,3752.1804176640844,29.08877637616875,29.613129477285273,3,0,10246.034371857124,0.2684907227409538,2521.273336548225,2.730688088350448,0.24607308984570941,0
5155,42,2620.4601653150135,17.228236768422054,21.201208967145273,4,3,7658.823155461017,0.20263053911593,3669.2390870626036,2.922701614332812,0.47908654013590896,1
7785,63,2462.5731733317366,39.70517537683992,30.0,3,3,2932.3070742852838,0.16348213972421638,3301.9211814126643,1.1907492155118464,1.1260489088501993,0
1732,30,3889.337109697756,7.03057538560209,12.31758999641104,1,2,14958.108696160903,0.12094808336924602,2031.4603961983412,3.8459275383622664,0.1358099768802809,0
970,55,1706.915436234454,39.53803619713699,30.0,2,0,5096.000466160368,0.2526138717783165,1339.4863923065827,2.9855025960761212,0.2628505238964062,0
2338,49,,,26.041585245649028,1,3,4607.016533708826,0.16531559950055608,1101.0581922200795,1.4168208315799318,0.2389959280944202,0
1263,57,4046.819002036848,32.54888920705161,30.0,4,1,13664.203187687961,0.19376727532414414,2919.8780641572744,3.376529363139415,0.2136881327107468,0
169,21,1643.9446845145226,2.264534041270141,4.4139941190570084,6,3,3661.06732781781,0.31209595235121557,2400.3616819825315,2.2270015301025587,0.6556453260894478,1
4550,64,4076.738032206293,38.211847891191184,30.0,3,2,8127.658573420625,0.09395677782489728,4931.057685051828,1.993667120431089,0.6067008893776074,0
1515,28,2037.0814804984195,6.868610509931546,7.686785165913651,3,0,5569.128507530316,0.20280770269961554,2543.3753942704607,2.733876165899706,0.45669181288085325,0
2859,28,1082.6571979944865,2.961662538238396,4.8077585088153825,4,0,1364.1428702591757,0.31889849829884453,1466.4418536005464,1.2599951977284343,1.0749913997805338,0
1479,55,2780.9363957485734,35.13272042933965,30.0,2,2,7331.555355522137,0.3295728546807328,,2.6363621141175457,0.5581942366593111,0
1615,55,2163.2005944909743,35.01686628965178,30.0,2,0,7100.251513253264,0.4626493281988842,2009.1378144674568,3.2822899232440506,0.2829671330258116,0
2574,23,8192.631891531624,0.0,6.2167509476640666,2,0,13938.848271360801,0.7004216294410813,822.6408862740338,1.7013883274517432,0.05901785213949547,0
5802,46,1702.2650266291753,23.742037919538426,26.555051366366605,2,2,4987.654286517023,0.24270744413958234,666.9201795648377,2.930010432273037,0.13371419534182694,0
4905,30,1296.8314637597064,8.33708162503871,10.16173869359984,1,3,2118.1114155581477,0.08487835970026583,714.6189073038573,1.6332973672750268,0.33738494682327497,1
2579,59,7175.457276114399,35.93107526493302,,3,3,23805.438605375017,0.09921314922517122,9005.363748469796,3.317619726427521,0.37829018392614194,0
4248,40,1791.6731609794535,18.80539005334788,16.162601093166224,4,3,4107.893520241477,0.39150073494583826,1397.785043810164,2.2927694680629225,0.3402680806896858,1
3438,50,1982.945285293347,26.255138618526296,23.80985675612775,3,3,4719.804045132558,0.0757764581234126,1007.2975128679223,2.380198828549288,0.21341935030263143,0
233,40,2655.697098802446,17.091463718519364,21.941887684947922,0,2,8450.727512483172,0.7641323799327204,1794.3708898197208,3.1821127177093818,0.21233330351370666,1
353,60,5429.6682533181565,38.366912870265566,30.0,3,2,19355.606846478928,0.5291284735878156,7662.425516470908,3.564786271177877,0.3958762738490329,0
2229,36,2613.7507785707894,16.329021103750268,,0,0,6686.496044786433,0.11715631171274606,1622.9558116658393,2.558199542055283,0.24272141952903473,0
4633,41,2794.507066070365,20.290461428485933,22.88205166097127,1,3,5913.807552224238,0.10545812811686116,4144.6941538443725,2.1162256571210722,0.7008503603208249,0
4513,37,6917.259147801604,14.964832352599162,16.93336370951387,7,1,10053.772343855002,0.5784611122067987,3480.6325697453453,1.4534329463498883,0.34620164956020255,0
2877,36,4906.064784239685,17.313773296709236,19.468618020592668,8,0,6410.993596341446,0.1692809104309703,5049.766155373166,1.3067486627849305,0.7876729370397296,0
5810,44,3354.44810880847,20.689458868429245,,4,3,5528.158493662032,0.5685498966001015,1495.6699507434612,1.6480083502098601,0.27055482444257506,0
2847,62,2619.5699869870796,40.0,30.0,2,2,7310.01037327489,0.2792045819917757,3894.964671735705,2.7905382981130273,0.5328261483698494,0
3274,48,1747.3979949589846,19.291008501908976,25.01013088067108,0,2,6444.971229184253,0.41233603549252085,1950.8597565608056,3.6883247249780275,0.30269487437381903,0
3826,54,4329.507775837153,34.25145519612034,30.0,3,3,13961.745303122507,,882.6992683506842,3.2247881343561895,0.0632227024047825,1
4920,62,1127.2646584710683,40.0,30.0,1,1,3982.3188831891034,0.35551182815531385,895.3921244626097,3.5327275216721534,0.22484189506832403,1
1221,57,2937.816530470528,34.65033774339179,30.0,5,0,5459.619950528744,0.1496963546574157,4331.616820403327,1.8583937743907777,0.7933916389150542,0
4689,64,4510.165346620711,40.0,30.0,5,1,14873.179414190588,0.19722610133100643,3180.3681139154833,3.297701585449517,0.21383243120708106,0
509,57,1910.809466869796,33.29928495113951,30.0,3,2,2999.824447650221,0.4262881659964426,2841.7513149183924,1.56992337523029,0.947305872230074,0
997,34,3045.4756872874846,7.224533843307797,9.931955930475599,4,4,12165.09266721472,0.013290315431083615,4099.711628888552,3.994480309921571,0.33700619806517335,0
5564,49,3263.9702856139465,29.25400995877384,,1,0,7171.33955808553,0.3328503426140595,2254.4922857489964,2.1971215821704746,0.3143753363633584,0
4511,59,2000.4544749580145,40.0,30.0,2,0,2806.048293718809,,278.6169433427032,1.4027053996206047,0.09929157098485174,0
7100,47,1487.8320032387187,23.410714260247588,28.58562391695387,4,2,4354.676630370718,0.1393161261225589,2084.9753504946557,2.9268604391432906,0.478789937225984,0
6925,38,2962.668746278804,,11.42065203313939,3,4,9369.752032610082,0.5306708881314691,3840.22829315163,3.162605351806123,0.4098537805254893,1
4686,43,5174.487523053817,27.03684301423234,24.657503414077752,4,2,16729.035128251784,0.1771553467088402,1789.3757617802687,3.2329839532357867,0.10696228133076208,0
6790,27,3169.037398158241,4.476310081174634,8.313138820874741,2,1,9443.150803836495,0.16640851717203878,2537.8529741981824,2.9798167763260226,0.26875065610168186,0
7251,27,2854.7246743232595,1.8120588185118005,8.044188582068045,1,0,4081.6714491534135,0.27063375357966907,1711.0146323579131,1.4297951343139645,0.41919460046515933,0
5306,42,3877.475582814392,22.63835586718116,25.584640847799356,3,2,12369.462580673311,0.2929450539186442,4618.527449132243,3.1900813600211433,0.37338141564440075,0
538,39,1604.6932395607882,17.07943573560693,18.83051739539104,1,1,5581.045657984287,0.11901086035865936,2122.540190866876,3.477951748280465,0.38031227854772226,1
7874,48,841.9095600009196,27.916014575780377,27.82159073247216,3,4,1838.1960474673506,0.22505860726670002,459.2566061252082,2.1833652149826435,0.24984092788033554,0
3870,49,1594.880408791002,27.2646550749077,29.079182007796433,7,1,3460.0246676785064,0.5153370081008134,1953.1913694585744,2.1694571258175874,0.5645021515898794,0
5454,29,10333.823053579052,10.522711658221247,12.003476045496837,6,0,24289.420313602262,0.11727404933882106,,2.3504776681065565,0.5820469376597494,0
3946,55,3307.665307589138,32.97122357224087,30.0,3,4,8972.783245176259,0.7482548873856139,3960.0117099516683,2.7127240548156495,0.4413359379967814,0
7373,35,2770.9916925922967,10.019488541129741,13.914951256216883,0,0,7290.889426841205,0.2951307946706133,2553.312055480027,2.631148063825658,0.35020583991852633,0
1839,60,1901.964550896578,,30.0,0,1,3227.436549281333,0.1713492228509484,1406.4864479840087,1.6968962685240023,0.4357905807000906,0
1703,33,1920.1627767756731,16.849127976311404,20.197090924292656,3,1,7180.358964455961,0.20687735342069685,1187.8624626063456,3.7394532647451797,0.16543218361177675,0
6872,43,2066.166137792618,20.86736545885133,24.939657908463786,5,1,3241.535644446832,0.14608198953424822,1830.3448668200929,1.5688649548336497,0.5646536295091215,0
4738,28,6187.009771934307,5.735307001324802,9.557937884532809,1,2,12344.564846290317,0.4903140976658915,1293.4242205967087,1.995239267648823,0.10477681770900149,0
6674,35,1351.9111275131936,14.803398480344082,10.815585964991465,7,1,4390.795046763424,0.12660798124513187,1477.398207424366,3.247842966453113,0.3364762398812937,0
7950,28,4427.56413283684,10.971807229543392,13.638458177792433,4,1,17560.863159181474,0.45630526776186253,835.0151278369054,3.9662583380649608,0.04754977703930962,1
2653,54,3822.590095457669,28.539123017328716,30.0,4,1,8767.311442118475,0.14742834368616703,1450.5600680274788,2.2935525973701836,0.1654509569557364,0
4950,49,2624.3700654084146,21.344385446430742,20.914440874298077,4,1,5354.012683959114,0.4905550090060677,,2.0401134559984024,0.44825416221147224,0
3422,62,2979.197478217106,36.38499656732388,30.0,3,0,9296.924807270469,0.080118415634474,1004.7312154968945,3.120613814708984,0.10807135007816403,0
2970,48,2012.2438181834636,23.121450046790308,25.21247677248611,4,1,5154.746159028931,0.1094894137056934,1213.678885440651,2.5616906422812797,0.2354488170702256,0
4184,54,4010.065381856933,30.802008899400093,30.0,1,1,9127.173321476928,0.39331261879950025,2651.1904662573556,2.276065962109183,0.29047223854278126,0
6304,58,,35.27227623125203,30.0,4,0,8883.813028117524,0.3755654009453244,2206.3031468464574,2.655777719482462,0.24835092092364444,0
2022,31,3029.0845606729968,9.552927928419754,11.658407045022752,5,3,8656.694054244283,0.09581513086060739,1152.3938666708093,2.857858168317676,0.13312170436539839,0
7608,41,2657.860238127241,19.50276899129104,21.363537527243718,3,0,6333.721296926124,0.10380966748134045,,2.3830151811853497,0.39011683765061456,0
5769,50,4058.739696438142,30.445047749461963,30.0,1,1,15137.918607566467,0.2673784130040085,4617.054900960521,3.729709155985333,0.30499932128402074,0
1005,28,4943.658717654558,4.507872380871399,7.913458598033574,2,2,11844.18452028364,0.11343011835048548,537.546296960483,2.3958337734735315,0.04538482966386698,0
6076,47,1475.066600126284,20.304113399781674,22.877193433535794,4,0,4978.070993778884,0.47740272867660977,,3.3748110040270047,0.37830761136068386,0
1320,63,3371.9327084856423,40.0,30.0,5,0,12614.379925820202,0.299019373484419,2752.8482648459817,3.740993968852185,0.21823096188907504,0
5761,45,1540.1117379809898,24.342610312189315,24.03684044767013,4,0,3026.334628158204,0.48352125460838397,1598.933007026206,1.9650097804757847,0.5283397916902864,0
5891,24,908.3752632385264,0.0,1.0,1,2,1004.3343295750733,0.29969392943642215,309.4228131477305,1.1056381324106461,0.30808746055573455,0
2755,47,2186.9214874833947,21.77180134374109,21.982538499820983,2,1,8080.626567831679,0.13971888810179348,1020.7010664275392,3.694977901163923,0.1263145942779818,1
7458,40,1104.7756637992866,,17.25447069288259,4,2,1353.0953372028182,0.4118224707891599,1575.0635599308835,1.22476931882222,1.1640447769090154,0
408,48,,28.294196858507398,30.0,5,5,4187.778067484327,0.2272752461028958,2655.0719172504355,1.9568353618283805,0.6340049244408467,0
1197,38,1469.4964056906297,12.907745515879053,13.880204326115386,1,1,5448.449051818373,0.0013388153079475099,244.8834560161288,3.707698113938378,0.044945534717701185,0
7870,33,4142.194023580667,9.211098060109583,11.662062383055076,2,3,9354.60232534005,0.027799711409072836,3732.2623665288984,2.25836893976627,0.39897605870629316,0
7710,21,6969.48316074933,0.0,1.7612002546796364,4,0,21797.71165942596,0.1002144989679689,8354.45943577804,3.127593704822491,0.383272316209639,0
7880,25,2870.524165921516,4.893087606925757,3.7607321892408363,3,0,11254.750077581086,0.4774567493281921,3065.5020150445193,3.9207996264919114,0.2723740637431701,1
1323,45,1267.231832817444,24.4053992510335,21.56257397440638,3,1,1708.6248668798346,,1748.1398156885205,1.348312773268202,1.0231267550734207,0
1056,46,5720.351838854109,17.9982717649114,16.31169508836837,0,0,15783.133672558792,0.1161452510480595,6531.768863382673,2.759119389362673,0.41384486749542493,0
4669,48,2777.2294162385333,22.585073241494527,26.167407590005926,2,2,9998.56530167412,0.36985314550325554,4060.972086447216,3.600194223499235,0.4061554797033994,1
3799,37,3195.842198352116,17.629565415783404,18.395050944273514,7,2,5775.717923981167,0.12560620634851716,2414.4510043326673,1.8072600477455742,0.4180347856510972,1
3012,44,2765.67342864595,23.678063665205077,21.208253335180267,1,4,5912.82261151767,0.08385203670272122,2519.277955517549,2.137932320669016,0.42607027489886334,0
1670,64,1698.6486806165535,40.0,30.0,7,2,4319.443212444582,0.11836736453571602,1079.699072276837,2.5428702601863304,0.2499625574810562,0
940,57,1536.9883736863721,37.489695771393,30.0,1,1,5636.321078118332,0.22934861302348417,1768.2258875740117,3.667120177753825,0.3137198649734001,0
3305,57,1210.0758229594082,29.699037857941338,30.0,3,1,1613.0433289714383,0.1962543171570111,246.33289549286278,1.3330101290896939,0.15271312993801453,0
7173,61,,39.65113455235907,30.0,2,1,8537.69963785535,0.6221284741744668,4975.269651117043,2.178510938941579,0.5827412373535805,0
5491,53,1905.8843254534277,29.255701400373017,30.0,6,2,4274.427253361191,0.5789166254356923,1074.205820664192,2.242752719184185,0.2513098848084247,0
2776,43,6326.929528327651,25.031439340383855,30.0,2,3,17121.558700781527,0.5390208010502502,3864.0990598125604,2.706140257153637,0.22568617304896316,0
576,62,1974.0499668862897,37.34935380706351,30.0,7,2,2215.808416925882,0.3490930315620161,1700.9707327992123,1.1224682526252985,0.7676524377315376,0
3418,42,3207.927562178155,23.46390097371628,28.275150061758858,3,1,8794.043031392363,0.16006984118152887,4526.396343894289,2.7413471348527847,0.5147116437497832,0
1741,50,4153.665316453492,27.797506053250537,28.851953408019817,2,1,12051.18194165579,0.3174819371764524,1107.507997414775,2.901336776922943,0.09190036319894837,1
1669,35,1578.3012908347066,11.97457502327621,15.826695158329336,3,1,5684.448262585098,0.04676395162631177,1406.8339201769813,3.601624287830873,0.24748820909088548,0
5356,38,1992.8770981583102,18.26815606225571,22.85215630332511,2,1,5809.658577102478,0.33893992867844136,2904.1909750710333,2.915211671844387,0.4998901289169175,0
2922,48,2263.7961229808457,31.817306161683337,30.0,3,1,8383.474806271615,0.1761905580554262,2190.119603803742,3.7032817227519166,0.2612424626320019,0
5046,44,2652.826568271547,20.036809801747825,23.156033707439413,2,1,9925.631319872893,0.2220670374706115,2338.2356404484362,3.7415304259184774,0.23557550800490337,0
177,47,2289.738123900916,27.271373007175164,30.0,5,1,5908.247383723402,0.16995031965494592,974.572632453557,2.5803157671401333,0.16495122312217356,0
7220,48,2968.658639702333,22.934767462638415,25.884269395313687,3,0,4823.84473646933,0.3404958958893127,2084.9195804570772,1.6249240218986636,0.43221117062384395,0
1817,40,2816.087224120962,21.09534607693182,23.413880122063425,2,2,10777.914330008945,0.12580544293861784,1494.91319899906,3.827265802597168,0.13870152918517578,1
6620,33,3468.2344553506764,11.538569521601397,9.455087982863716,2,1,6289.144091397963,0.20653073065554628,1570.166599918801,1.8133560958358168,0.249663002961947,1
1728,42,,22.02334877424855,22.6275224415162,3,1,3724.7035598020802,0.39149565895644195,1653.375893269769,2.5789836486108677,0.4438946259008125,0
5923,39,3246.2175814668035,18.887656896670293,17.300303356038416,1,0,9804.078772970124,0.1077918039960308,4778.017098964836,3.0201545419947333,0.48734992951483047,0
5546,29,2181.9642116524665,2.382357932185002,3.509720073871417,2,1,2342.461436342848,0.1829628594229549,371.8606624153584,1.0735563048345473,0.15874782681414099,0
3934,62,4089.3664320514117,39.776323150372654,30.0,2,2,11043.734488422822,0.10481046670732704,2571.903563241056,2.700597921933541,0.2328835020379374,0
328,49,3047.8069733534167,26.374373536498073,28.071968366835847,2,1,7987.06291400666,0.25944677569816754,308.15838258370155,2.620593424661247,0.03858219046244069,0
2554,42,1326.6928431473304,18.393647332610907,18.288847063325345,7,1,2582.3420726323293,0.02471217230082427,,1.9464505940246168,0.05612785707190084,0
2124,56,1280.5399553441625,31.717077985756504,30.0,2,3,1481.1840441823051,0.23973291976554334,345.9663267874645,1.1566870975019414,0.23357416530803699,0
5782,45,2625.3699940234037,19.218518669842183,23.500697032137516,3,1,3674.2297176229868,0.13834769038452166,298.09214305229443,1.3995092981131378,0.08113051332161744,0
6385,26,8995.126157344217,2.8275516000557444,7.446656473889047,1,3,16807.801771814386,0.11630926309236714,8212.8098713518,1.8685454186866943,0.48863081459731156,0
7341,24,3328.572128830856,0.0,1.0,2,0,3698.310806259152,0.12241694400785971,3225.715718281783,1.1110802659872552,0.8722132582319658,0
2892,24,2684.2149830385233,3.4900063795419176,4.68820090358946,4,3,4459.900470665513,0.27678835105306804,3417.021406975323,1.6615287891795163,0.7661653952706773,0
6062,63,4394.30114839502,40.0,30.0,4,0,13228.178748514114,0.21948105199639062,1182.2820448429425,3.0103031862860807,0.08937602577949327,0
4417,54,961.8443049023716,27.109957393820324,28.055432930574394,2,1,2188.130544294131,0.4967218459444741,879.8248539604327,2.2749321622445215,0.4020897456299872,0
3257,56,2428.7509799997774,29.96079340308596,29.78743298458103,3,2,6787.946448374182,0.15586085592876153,2592.3192482060585,2.794830142847664,0.3819003682368412,0
5664,36,6400.183968774987,13.580891159477215,15.172224231567675,3,1,13367.27588992524,0.15263907415570818,1336.059067441697,2.088576821407178,0.09994998819831863,0
4001,62,1733.218540741006,,30.0,1,1,4987.868828063215,0.08829814006954027,2381.5767179161976,2.8778072186619594,0.4774738069527305,0
7162,39,3876.006692655585,19.301544205396596,20.161854549060095,6,2,4387.22192102214,0.36003769019515913,,1.1318922460415837,0.36338020887705275,0
1297,55,4731.365471289712,38.80916881771099,30.0,5,0,6484.903850694934,0.2531367786898674,1348.2491396837995,1.3706199383763158,0.20790580257243424,0
4532,56,1903.3779606436617,37.67887471254572,30.0,0,1,5992.914170652932,0.18477721778358613,1088.4098812458853,3.1485675964359277,0.18161613035871368,0
4518,49,1178.3145008389222,24.664397055854174,26.56252523667186,0,1,3463.5054010008485,0.5340055004015123,1192.2209688768833,2.9393726365371413,0.34422379377042905,1
5190,43,4280.594400647679,16.834713740829233,20.05535199287563,3,1,16125.03669815349,0.038854293123411814,5371.56105135914,3.767008781704166,0.33311930706949944,0
6659,40,1928.5602728502004,16.336311270562227,13.833604780837208,3,1,5235.759351188936,0.18444972584053007,2771.6044597870937,2.7148538860292186,0.5293605519049911,0
7789,24,3086.350891009044,0.8584840512519398,4.057179801966646,0,1,6138.307526546611,0.1550202581860596,2659.610708016588,1.9888560125902497,0.4332807857075344,1
7641,40,3956.2920891284043,,25.314225857888804,3,3,13170.113697746852,0.4962077256043118,1343.465279462949,3.3289032763625674,0.10200863183837125,0
181,62,2815.3472986002175,38.7738684167806,30.0,3,2,4852.097186433647,0.22828594826577978,800.4317237390186,1.7234453414845463,0.16496613587563896,0
4296,57,2521.2472456722444,36.725179395172894,30.0,3,3,9816.124643067975,0.43623751987664067,1604.5471357287613,3.8933605817190235,0.16346034652910327,0
4535,42,2660.5019579945497,22.274157200093928,27.93400892477457,1,0,5961.822714428221,0.1303589605264475,712.328122657419,2.2408638702608443,0.11948160097641147,0
7442,55,1321.730214857664,34.27637050965418,30.0,5,2,1443.0231024118054,0.3681770579819963,300.72844343918854,1.091768264196944,0.20840168320005703,0
1295,59,4268.365351649739,35.22347963969423,30.0,3,3,14582.705700307888,0.09866656434158123,4367.810976501044,3.416461455126286,0.29951992903544816,0
4960,39,914.9699065674951,,21.48857553289985,1,1,3482.3599883672473,0.13213255433845802,918.801546786675,3.8059830857512056,0.26384450483462735,1
5826,59,2188.280782527727,,30.0,4,0,2582.763562952647,0.18601627684992836,1079.298888034792,1.1802706414892723,0.41788528517140927,0
742,54,2861.5077550766105,28.047158929601714,28.101141507116065,2,0,9646.938889783016,0.08048291649471766,1801.237124655134,3.3712782614928614,0.1867159256666182,0
2208,43,,22.508182788932633,24.597908864437358,3,2,7562.501191045035,0.2627362620824074,4154.502607340638,1.6739570221125595,0.5493556301531692,0
6789,57,1988.189382599661,33.54776027369225,30.0,6,2,3669.097437004127,0.41841873761541043,2295.65542635934,1.845446650663928,0.6256730615019526,0
1183,28,2276.147278188986,3.5638314243679914,4.286599651181362,0,1,7942.892222295644,0.1615337740765022,,3.4896213871605872,0.21033556367823156,1
7987,48,1674.3882849666463,26.237686310130638,28.596285836045467,3,1,1699.1612139767753,0.20724094123558195,2165.756483348273,1.0147952116199992,1.274603295751709,0
3396,38,3140.853275112786,16.895742253602567,14.881981247858201,4,2,9267.012074993934,0.40456588003178834,655.0210459400813,2.9504759577351356,0.07068308972075123,1
3123,21,2750.844261437533,0.0,2.057875742426567,1,0,7057.239048829414,0.14851244733607322,1054.9686030065513,2.5654811316513606,0.14948744058507402,0
41,38,3674.425687776463,12.658284493331678,10.787242330344894,2,2,4809.119750753429,0.20494237844188828,3137.692306416439,1.308808548435664,0.6524462831113463,0
6425,61,1708.1092102763703,38.287097474796774,30.0,2,2,5340.870836228785,0.20850249558505826,944.3688269515654,3.1267736302204225,0.17681925961317366,0
4366,50,1985.9750250981858,23.914259414523002,27.38812159854996,3,2,7374.804960482129,0.2593679590057168,2660.7840755464754,3.713442952344036,0.3607938229965781,0
3910,25,2001.049570242975,6.625241173297397,9.479671508064733,2,2,6575.251828679382,0.19625284528477902,2082.3958029252713,3.285901522110214,0.3167020605724106,1
6857,40,9481.730273825096,17.62955861069593,19.81591199360844,3,1,12602.652700375558,0.23760393269603264,1502.3193256670177,1.3291511503091331,0.11920659573696327,0
217,26,1794.6591198655863,9.157227327001342,13.705444159720525,1,1,3793.5587483409686,0.35716740186258866,,2.1138046252622575,0.529596189668965,0
185,52,2605.336162432974,26.844424223265378,26.854231307428154,1,1,6157.56292464944,0.1975656653769152,2256.947519309365,2.363442773119629,0.36653259526988213,0
3139,62,5732.724262228086,40.0,30.0,7,1,12473.584011624185,0.013097100489528734,8028.179339025418,2.1758562667683914,0.6436144841405584,0
5464,41,3131.0035021194813,16.31117869433689,18.291253726255455,2,0,10295.014847509165,0.09705666576411236,3721.162818986658,3.288087937474399,0.3614528851201198,0
3567,38,1303.5482412405843,,16.781487807674285,2,1,4607.176385529245,,1498.7408451028366,3.5343351628817388,0.32530572300428007,1
6985,52,3787.0787993161207,27.729404167493033,30.0,3,1,8938.960464297967,0.258505184408547,567.4003476231856,2.360384068562868,0.06347498122285823,0
4438,45,3049.048352904056,26.16403693490539,30.0,1,1,3577.724410129744,0.2998541250321318,1254.9388404997335,1.1733905127224866,0.350764535397578,0
712,21,3965.971304813255,2.484038998125064,,4,5,7003.527244916024,0.24170271215576108,3820.1378486074814,1.765904669157912,0.545459125811295,1
1414,54,1595.3435109776733,31.854944949567987,30.0,2,2,1608.9774296118603,0.055631620460073236,500.7270350463145,1.0085460708244782,0.31120824060726987,0
2802,26,3953.912240579543,1.0753969725790316,1.9160276062104087,3,3,5534.283567455775,0.4050321149355069,803.3033242030127,1.3996981295276776,0.14515037301789507,1
87,45,5147.460600007507,25.153189894077464,23.45984565276247,3,2,6720.831018216135,0.26203608662291744,5350.042248005399,1.3056595359285184,0.7960387984022584,0
5880,63,3206.725737191286,38.60704225985821,30.0,1,1,3850.460894912929,,2187.681069612775,1.2007453117226916,0.5681608330324948,0
6562,35,,14.967396010489,16.660587429112535,4,0,5017.442786182927,0.4202865410080212,1557.790649690543,2.90173271096929,0.3104750200600989,1
7017,33,2251.297565455339,9.43253284048147,10.909342863512885,3,0,8738.123878359778,0.19546231073601023,375.92779323673744,3.8813722416976177,0.04302156829885803,0
6606,53,2646.325724357467,29.942185411775196,29.242545399963205,3,1,5212.222883343609,0.37442403911409666,1724.133191171395,1.969607458132973,0.3307865434306551,0
1027,58,1639.0550535871587,35.201686758283465,30.0,3,0,5942.952723971932,0.12784995748737454,751.2539869974648,3.6258408227139567,0.12641089739232678,0
2550,42,1968.1553921795482,17.255432973922254,19.85381540573902,3,3,4499.706013725907,0.149632706196963,1046.0116576532298,2.286255461131503,0.23246222185682242,0
2112,30,1428.596522345834,10.817133107808361,13.453773484480799,3,1,5600.641472669479,0.4600084068791307,838.0579709255906,3.9203801668737914,0.14963606847808814,1
257,25,2195.9232407345726,6.633508111100124,7.5045293276104275,0,2,7022.483131527403,0.4695408008392229,3181.077898192321,3.1979638455751607,0.4529847688648603,1
7792,36,4910.962836663332,10.986316015955193,11.126272482237656,1,1,11966.64114449538,0.17613896517355423,5981.805686180295,2.4367199554346257,0.4998734075795286,0
3246,52,1916.3257128816954,26.303084449176826,28.22764552339986,4,2,7556.695550804524,0.43446996823534045,2144.340012633464,3.9433252395497327,0.28376689231646585,0
7686,47,6227.927830147763,27.640062993476107,30.0,2,1,20676.269212771847,0.2793028123867287,,3.319927554825452,0.2566747322522547,1
4671,25,3556.164885434253,0.32014391591102154,3.078026770870613,1,1,10263.471319771652,0.15101094111267369,2813.286919773968,2.8861067049534044,0.27410676486759644,0
3782,58,2431.538171600923,38.14395831461338,30.0,2,0,4968.843927583031,0.14676313907135133,1048.3458902291652,2.0434982208449344,0.21098386375341574,0
706,30,1279.9626399683584,14.320608571977882,17.788969035937928,6,2,3009.1023280365557,0.15891706438437994,618.9604334969268,2.35092981160055,0.2056960402210049,1
2453,43,1218.0548120065023,23.108010575195397,24.105269885140277,3,1,1972.285002075641,0.38215275362831874,,1.619208743838625,0.6820510503974149,0
1656,26,4207.936038019417,1.3071073072978963,1.153017768736206,5,2,14970.226893385698,0.21071886377618582,2405.229732307068,3.5576175013420253,0.16066755363405827,1
4845,59,2084.2294521296653,36.55169470172159,30.0,4,1,5072.739613307753,0.23534813153399695,1552.6048585116441,2.433868117603092,0.3060683135476859,0
5867,29,1218.5668427314467,10.743675011264015,12.352533409538934,3,2,3535.572731275236,0.20110366103806224,1619.2700054720847,2.901418787458688,0.4579936911347414,0
3475,58,1224.1549020441735,32.572973877845214,30.0,2,0,3026.2871929646712,,518.9675441270933,2.47214399739051,0.171486548049226,0
543,34,4993.235665288763,13.972810669786625,15.588897735599938,4,1,9912.039769868174,,739.7528141402354,1.9850935213759737,0.07463174395133342,0
2351,45,2664.3159274430227,24.24279735999042,25.603701418493742,4,0,7108.123633939862,0.1424724370737561,3398.782149712811,2.667898187570277,0.47815461924217373,0
2795,63,1988.6332656907541,36.66842160168308,30.0,0,1,4584.8854265841455,0.5203318791736853,1232.3988577486975,2.305545977574493,0.2687959988275793,0
4695,30,2151.504511551233,9.066283920647747,9.753853374123807,2,1,3416.5876988561517,0.45449735273970643,3004.3091563599555,1.5879993188546906,0.8793303205317329,0
5444,43,5741.986446661973,22.33640989452831,25.43963711136481,2,1,9068.91551938258,0.1856387514433703,621.7112171729445,1.5794038532875105,0.0685540863010786,0
7039,54,2269.99591866058,31.087283685707593,30.0,5,2,8286.020677993829,0.07487362661755287,1720.8305719470982,3.6502359364958803,0.20767876871431334,0
2287,34,4105.823233358862,11.10549512864581,15.770689766401626,6,1,14509.902577317733,0.33235709082945725,3392.81288231853,3.5339813120614005,0.23382740609315086,0
1053,26,3404.082204507933,4.355108638395088,5.820645568566226,0,1,4392.475724023128,0.5266309647594541,4038.8251789689193,1.29035536163207,0.9194871941761591,0
5562,34,5343.73874556698,17.127235534605873,18.595614046729025,2,2,15018.983086644243,0.08718871945884321,7989.93267344135,2.810575853676152,0.5319889254383984,0
6053,46,1550.6241800778794,23.632384636275763,28.472905162239783,3,3,2399.539458760997,,880.7812062405898,1.5474668134225027,0.36706260571158994,0
381,45,7242.468023263271,23.274896086060775,,2,2,17832.69529509052,0.29780232102709064,10136.69319632377,2.4622401145315056,0.5684330399070117,0
56,56,4868.6771981600095,33.733031923349905,30.0,6,1,10201.33373869202,0.29762793723158176,4222.669291224424,2.0952988508967794,0.413933060067285,0
69,56,1235.6467428131543,36.21974393420507,30.0,1,1,3458.167291683375,0.61273065501898,1815.1202655734971,2.7986698559252337,0.5248792532214162,0
3207,48,1246.426916524833,19.840646083897735,18.73752129598616,2,1,1712.9520597088356,0.2514712567733647,547.7942934475379,1.3742900101072295,0.31979546090779154,0
2751,63,5816.4636504959535,40.0,30.0,4,1,10006.912139043781,0.4363235922812509,5106.607822427406,1.7204460889548445,0.5103080502229105,0
1429,50,2488.002169946526,27.870500338152254,30.0,5,1,8524.307248033898,0.4040353936414575,,3.4261655198705507,0.12722347548362217,0
1545,63,2081.3153284322816,40.0,30.0,3,4,6280.226198205439,0.20682020053466893,3022.176400437315,3.017431386975813,0.481220947312518,0
1127,37,1823.5632977356074,17.61881703157657,19.439501875755134,3,3,2122.508836133823,0.4149352310911242,2355.5328597252806,1.1639348295556444,1.109787068785972,0
3320,25,,3.5457257964300664,7.812607123161888,4,3,13572.532857650418,0.45902837582769945,2053.9545043948947,2.9257015297425686,0.15133170248596184,0
6611,61,3649.708018231132,40.0,30.0,3,1,7464.679498688446,0.19319042529089925,389.43736673346365,2.045281283160366,0.05217067481623133,0
2487,51,2707.2465584648303,31.961312595306378,30.0,6,0,8649.196819766328,0.056145125970317754,3599.3382431452114,3.194831587364151,0.4161471080088629,0
7782,25,2839.286476852066,9.549798896597562,14.186872651127642,3,3,10018.84316874488,0.19014492314779866,290.7016659991612,3.5286482186372514,0.02901549221830759,0
3007,50,2274.1098674822206,32.71546391733176,30.0,2,1,5813.361516044686,0.38532464830724245,588.7111254122021,2.556323948623004,0.10126862466532983,0
445,56,2243.631655125576,28.905903176562166,30.0,1,2,3704.808570625015,0.07959431841815608,3306.7019993438043,1.6512552593744079,0.8925432816049526,0
7564,58,2768.593867918798,36.89896097173335,30.0,4,0,7802.734790498279,0.3402935285452517,589.8344029497795,2.8183024173075033,0.07559329117119883,0
6511,36,3173.8368165148245,16.673419177643687,18.270545019483112,6,3,9111.631166505113,0.4528708648468352,997.1349161861858,2.870856850324949,0.10943539065230296,0
4881,24,1823.5587348221602,4.934110415257832,3.9410706778430185,3,2,4016.6535508819043,0.09801730187946141,347.666312343501,2.202645560124293,0.08655621101978454,1
800,25,2578.0637326897727,0.46158706610932043,,0,1,10064.724972991817,0.6051385309751051,3762.0851194982715,3.903986098315336,0.37378916260440676,1
3558,21,1874.5322801916798,0.0,1.0,1,1,3084.3492283632636,0.39581592570654106,1345.1500745441288,1.645396700262678,0.43612119606116856,0
3206,59,,35.98263786144262,30.0,1,1,4277.67515627577,0.18327275705104176,1561.1999053477896,1.70198346332098,0.36496457732592336,0
6664,34,1753.3524095544321,,12.428633454030104,5,1,2274.109641742915,0.5948717825927432,648.4067289133143,1.2970065968203273,0.285125535291414,0
7587,40,2192.2385747305657,,20.881381259091675,0,0,4182.060983437246,0.4558190925930775,558.9479453692652,1.9076669079920907,0.1336537050949134,1
2345,39,1448.9053619332617,16.876962146024336,16.48056148382153,6,4,1748.5189871853281,0.27433959549738157,1982.874730449648,1.206786193994268,1.1340309970791758,0
7398,32,1637.7326004453666,11.665356540191823,11.047716467595867,2,2,3527.7554525910446,0.3288810563967925,1968.1990932246001,2.1540485007330887,0.5579182343206384,0
6474,39,2289.9010724789982,18.310379948232917,20.20440856782067,8,4,3136.1543519548477,0.27288759515249694,364.9018932854828,1.3695588816680686,0.11635329525730448,0
19,64,2440.561583846498,40.0,30.0,2,0,5346.763299881756,0.45430730578539275,3519.0902311674295,2.190792207527449,0.6581720629460546,0
7383,26,3608.828756245563,6.445931116296094,7.87764045393694,3,0,11874.997812208347,0.08473694931846175,1653.4292095613241,3.290540675186393,0.13923616961524665,0
5333,34,3179.179294868222,15.475301461714396,19.231907766714233,4,0,12175.738472684247,0.20344860327125505,3544.790743000619,3.8298369935719325,0.2911355849957854,0
6532,36,6821.389276333195,7.153157759737029,10.02364802758492,2,1,15943.47306989561,0.2855095435431602,2712.6032303148345,2.3372765318073077,0.17013879086588474,0
1511,54,3532.7903788109943,34.689162224463,30.0,6,1,7142.029564561462,0.3752157097795525,430.5325826486021,2.021639780100738,0.06028154584866071,0
828,46,,24.4446896615671,28.737102115255396,3,2,7000.036253674839,0.44323713740619014,4227.545191760918,2.2710425049490204,0.6039318995728866,0
7431,45,6629.338340700935,21.25620847472814,23.376711858821373,0,3,8630.010141025652,0.105935148614331,5721.4462842640705,1.3017905705674364,0.6629709804239109,0
7153,57,2189.2872268772194,37.555826064650475,30.0,2,3,4247.19918586082,,1757.207904973339,1.9399917624874596,0.41373334003811013,0
4672,41,3608.542129693997,15.702378636064124,18.24919394454826,3,0,6999.701905885233,0.533776317248705,4286.447578294343,1.9397589537021158,0.6123757319851534,0
6536,22,4254.744302595252,0.0,2.8167704050732474,5,1,15922.063699833703,0.1389488194856123,610.6307971613898,3.742190497821873,0.03835123440485717,0
476,32,2272.4308105666128,13.110446961580113,13.558596319166266,1,3,5461.9178593286915,0.08540596691821119,1492.4771150523457,2.4035573861836546,0.27325147567044916,0
5668,21,5117.038026818472,0.0,6.160746591220317,3,1,9693.149673180955,0.37927507451746156,5711.044268306946,1.8942891614990967,0.5891835431065596,0
6573,49,3831.6182444148185,27.65255515503391,29.294932299205318,4,3,7928.9698453380925,0.3390564342871383,825.3894338835075,2.0693527746131295,0.10409794084017138,0
2676,26,2341.607779886702,0.0,1.0,6,4,8447.464014462179,0.3951620028756857,1095.689307674159,3.6075486625138,0.12970630070732744,1
468,40,6008.740298621353,16.357161362922792,18.103202376106523,4,1,12381.872292003723,0.61576185114635,4152.830460894578,2.0606436085854174,0.3353960017481764,0
7416,33,1421.7365530857219,11.475957292821207,12.688079064162183,2,2,4337.833652816751,0.6010393816868498,730.697762660464,3.0510811889881873,0.16844762181832146,1
308,54,1735.9876928399656,30.181792424027837,30.0,2,4,2567.4033349429988,0.24047768468092462,1384.0363370271382,1.4789294564311628,0.5390802131437857,0
7428,55,1105.8630841665697,32.43643509412093,30.0,3,1,4243.535104169221,0.0890273870446036,1636.2411477431808,3.83730605074619,0.3855844496574552,0
2925,58,4460.462989988834,30.80977536531679,30.0,5,1,6640.054188195239,0.2712932061603521,1527.7439198060897,1.4886468519295708,0.23008003797952878,1
1650,48,3352.5649588586607,21.798036174071278,23.864514410913735,3,2,9754.62169093616,0.381730937562895,3165.5175315514957,2.9095996082524826,0.3245146384808388,0
4085,51,6276.698817099192,30.677731074855302,30.0,2,2,16431.131701917864,0.2103213526291243,3207.8662075109123,2.617798333282398,0.1952309959962457,0
5325,25,4515.815235210348,9.396535572282136,13.606617349947076,2,1,13207.295012367136,0.2526199035235854,4698.460616195531,2.9246756841130894,0.3557473814127688,0
5428,56,2382.1126712596233,38.473164556650865,30.0,1,3,3487.299155061815,0.16163409112214253,2479.820733711377,1.4639522291016513,0.7111006608400422,0
1966,53,,32.996183494047244,30.0,1,1,6054.071408812721,0.3802007213848374,4351.688417313434,1.493326410052715,0.718803615527035,0
5845,43,3298.9802281408492,25.261183484384038,25.80569949436734,3,3,6551.596092706703,0.30594787421151826,1747.9454719539633,1.9859458498176195,0.26679689150858865,0
5774,50,1157.1111921560196,29.004141131251238,29.44853617959739,3,1,4102.861852007753,0.182268807217093,1226.44255295096,3.545780111557803,0.298923677469373,0
7282,34,2566.7236303187346,8.303415658004306,12.861730078294581,3,0,3458.070015781483,0.1047157470795669,2829.0849875703807,1.3472701053334915,0.8181109620856074,0
6044,43,2051.994141251406,23.93999538978842,26.217305706920477,3,0,7873.994162861866,,532.049162283981,3.8372400800617887,0.06757042884199999,1
4626,55,,33.66546775580345,30.0,0,1,5122.216602206512,0.2281650703903752,363.4790258197801,2.7554021673010785,0.07096127595681978,1
80,44,3473.8069677624253,22.934581498181323,29.453748758000355,3,1,7763.476849414906,0.323849689703786,1044.2665534650694,2.234861326913503,0.13451016519019704,0
2132,53,2989.056277703324,29.9935489456608,30.0,4,1,4248.526381995202,0.2909483516845115,4370.94780708593,1.421360452021869,1.0288150323391039,0
641,30,3523.918619405012,11.61046527628503,14.571375049508635,4,2,5448.049884847988,0.21417438505464764,5091.325831947818,1.546020346453929,0.9345226162682019,0
2894,26,5753.260869605524,6.684242649894559,8.531200236759183,2,2,8341.818417484212,0.31028221694044217,1857.936632581071,1.449928763278237,0.222725614439999,0
2436,60,805.1371047506652,32.259708883213705,30.0,1,1,2859.531033585878,0.12816990025052685,303.3068267824761,3.5516075668521294,0.10606873057856853,0
3889,55,2101.688478612112,34.2199537767833,,4,1,8116.616977275362,0.4794849906456181,2789.029398964341,3.8619505506521676,0.34361968869209597,0
3666,30,1341.3360345677734,14.098411816908664,16.947214725797817,3,4,2903.154857268642,0.30189855277179956,1675.5894716557773,2.1643755050568987,0.5771615893863176,0
1509,25,3439.900616657345,5.206151389705031,6.640985631631457,3,3,9486.693107940095,0.3027984677412642,1571.4792603476112,2.757839299775643,0.16565090094801604,0
7726,55,4198.502228573245,35.53277622497443,30.0,1,1,16104.441470157679,0.48638058841403714,5511.395659974985,3.8357587047489474,0.34222830206113464,1
1168,43,,18.351048055477168,,3,1,2508.4310192194134,0.13274146716092838,1544.494183756336,1.3095107317902104,0.6157212105585267,1
4198,49,1101.7839662189103,,24.46859713543556,3,0,2471.0403726667937,0.6308500974947419,1071.4509862624723,2.242763053765324,0.43360318921302854,0
1405,33,1448.9926476303176,11.937312386948646,16.811116045614913,1,1,1585.5545276212479,0.10656571363992914,1779.420140864265,1.094246082072441,1.122269912428598,0
4731,31,2033.5247403237302,13.499619475884263,17.687449012221894,3,0,4312.7014085822475,0.3732655162194377,2748.490353312108,2.120801052017533,0.6373013322560728,1
2221,36,1615.1354676397448,11.198538266628326,15.343379580613108,1,1,5591.485997666529,0.3447274488105966,1376.730892098579,3.461930042213467,0.24621914329627656,0
2973,29,4677.542871186252,7.989320253101288,12.548954190716792,2,0,13660.405061243588,,3216.8716816257597,2.9204232729521147,0.23548874774968853,0
6022,61,1719.0565534758248,40.0,30.0,2,1,2184.8959612916397,0.2763880573874891,838.2892072696778,1.2709855047374192,0.38367465642350695,0
4927,35,1373.2123415959702,13.0822255819098,18.219760097664487,2,3,2597.54653848982,0.33200813986995925,903.3152968890895,1.8915840324234983,0.34775711753532834,1
6683,46,1433.1823272287659,,26.57909345599857,6,4,2801.559682510656,0.13869265471473854,1712.4080138694114,1.9547824650669645,0.6112338154205638,0
5152,45,2091.09988676944,21.903351239999566,,2,4,3192.2606189475546,0.4621465316676049,2896.4149673038,1.5265940374944535,0.9073240919341695,0
118,42,2102.780567422083,22.686313768980213,25.66129209074799,1,0,6505.28372742126,0.3455426814699392,,3.0936579062058067,0.032411004223568636,1
3145,61,6727.566244940855,40.0,30.0,5,4,21226.91932915573,0.22846474631193606,4826.957116036557,3.155215208043239,0.22739791117058633,0
3025,27,2931.1196633570794,2.962836335831282,5.36525041374838,2,3,10396.7978466378,0.3211249444158431,3762.2968162316192,3.547039712029398,0.3618707290195414,1
4668,54,2260.222223638355,27.154012165229858,30.0,2,3,2642.5691435489816,0.18023268324542485,834.1221823555502,1.169163419380573,0.3156481957688042,0
5933,49,785.9302587182915,27.802935534760504,30.0,5,3,1316.3283472879332,0.3454990629706939,1094.8523608896721,1.6748666089464783,0.8317471572692527,0
4620,51,4710.416660521761,31.52574460331116,30.0,3,1,14700.466322999087,0.24390903815471676,2460.133579870537,3.120842036375346,0.16735071703280752,0
4110,25,1177.7256519766643,2.0048672838238586,3.833644898632156,5,1,2784.31801978633,0.23313442573261978,303.23167647074314,2.364148233600247,0.10890698343934624,0
4935,28,2350.9145675325103,3.5421870833033178,6.819052583778331,4,2,3204.452186174037,0.1311062834366733,2168.233703336846,1.3630662000352436,0.6766316291726647,0
4267,58,1688.3501807647217,33.688114905171325,30.0,6,2,5019.680417971058,0.1128944873493494,2494.240073268768,2.97312753903781,0.49689220539600276,0
4526,36,4426.665157203923,10.0785611998108,10.657381205136632,1,1,12206.92824597027,0.5486569199107201,6277.50430107466,2.7575901525112654,0.5142574916950937,0
3784,38,2075.305211810511,15.033520801177586,19.278567086283818,2,1,2236.68934449604,0.6210034111836742,2794.9634655631394,1.077764047315593,1.2495984176080952,0
7828,34,,10.329711970263375,17.041218988619402,3,1,19959.497196873508,0.3333991416407495,9204.587977768573,2.36391527979481,0.4611633192448554,0
7687,22,1536.4476898920898,0.0,2.306516117584821,4,4,1827.1014543883673,0.5347655375642337,1830.139870135128,1.1891725741191301,1.0016629704603774,0
1729,48,1655.758354865486,24.114542421505263,28.659123153284263,4,4,2523.954342944563,,2172.242640460153,1.5243494532447095,0.8606505290131014,0
2664,58,,32.510837195239674,30.0,4,0,26695.892158841205,0.31171783916774554,13021.903223108624,2.9210944172030486,0.48778677804165466,0
2098,24,1403.5463466772549,3.4152832393117443,5.260718483858069,4,0,3741.1128682356143,0.16779074064312985,1392.4719042783724,2.6654715585932,0.3722079374031532,0
2884,53,,27.950286587264607,26.921026545880938,3,1,5861.103922197381,0.3322777273600038,384.09111484624725,3.2687321695147658,0.06553221371687401,0
2991,55,,,30.0,3,0,20103.42950176157,,2711.3929129377316,2.998220988981184,0.13487215764355753,0
6314,61,,35.563693949273585,30.0,6,0,5369.420816861258,0.3876043403826097,361.72526141012946,3.9946961253377777,0.06736764983557,0
7598,51,2467.808557379295,32.421610588092214,30.0,2,2,5554.257281320616,0.1254877748738832,3233.76786818479,2.250684018706457,0.582214273555565,0
2572,57,5277.367665145361,34.140229623289336,30.0,3,4,13159.233761338242,0.07042259245203993,1529.7253948107493,2.493522262670661,0.11624729999896151,0
7757,23,3913.3306284771606,0.0,3.667462353967612,5,3,9671.528010121532,0.16940540259433687,1863.420131138053,2.471431353063343,0.19267070613743043,1
1057,63,839.6315405171688,40.0,30.0,5,2,1628.3427660203943,0.14868686453912194,408.0464094211297,1.9393539754562112,0.250589997349501,0
3805,64,2685.049141702979,40.0,30.0,3,1,5407.998756298857,0.3102731403946116,954.1270250953216,2.0141153740183917,0.17642885438611122,0
5833,42,2408.784184835741,24.97712306930675,25.632023125067207,5,1,3948.174287973569,0.3490810329036438,2934.0928887464465,1.6390734848015458,0.7431518151779446,0
5634,39,,16.577644746946447,,5,3,8256.24781122407,0.09632517336903444,2700.5710229732335,2.9022560164608597,0.3270942302993746,0
6245,27,1634.8933943532263,6.478740732636481,7.9341437135520625,1,0,6478.468160267793,0.10353811358761493,984.8350041238313,3.9626242191960865,0.1520166464911857,1
7899,45,3322.4885284617753,21.055359596809257,22.815263216905546,4,1,12280.290878043234,0.3002393755968145,4097.732421735069,3.6961123485740623,0.33368366127724897,1
5871,53,3998.151362916442,32.1194668016952,,3,1,7897.952830791976,0.3447060187012883,1015.4475144270909,1.975401157656731,0.12857097733834727,0
3312,38,2941.656464919664,15.34540647922079,15.398386543230696,3,1,7634.798168140442,0.38256021113403404,3013.8549500823697,2.595407811615061,0.3947524065087938,0
2471,31,2444.9340693203026,,12.984338937872714,2,0,3566.7365574000587,0.2664640710593562,1863.330373161679,1.4588272960634967,0.5224188395119199,0
5080,46,7141.579272312997,23.793962438418383,25.3170616224785,2,1,25988.653364626425,0.2995977448038039,6399.189304551238,3.6390625061575887,0.24623012261425126,0
4004,54,1675.7495381176414,29.901030349524646,29.741114495178387,1,3,4673.762184037288,0.5730552370931679,425.98239348410505,2.789057718784929,0.09114336089649583,0
3985,33,3054.4810837664004,3.26077627250398,1.9990419641700368,5,0,10611.02381349968,0.5265117903819112,4437.695989430103,3.4739202903871007,0.4182156281455448,0
7986,62,4097.945298769824,35.48319125092421,30.0,4,3,13665.016660526962,0.24491695028111435,3150.6622102152414,3.334602017413241,0.23056409578455228,0
6400,29,3082.8261662141344,8.953139125918385,15.89712319706926,1,0,9180.075420312096,0.2023945513313433,572.105657208309,2.9778115681383652,0.062320365684845225,0
7479,28,2499.121079283508,6.615265292728689,5.267647517029749,1,1,7823.337403277617,0.4375218129815857,2961.604944496935,3.1304355231642274,0.37856029873595365,0
773,31,1671.0039941041696,13.241618318790024,16.252338680501506,1,2,1776.4664109211924,0.15947717852262447,304.938652407921,1.0631132045100595,0.17165461194945647,1
7992,35,6499.290479176035,13.687660364875684,18.680741781338018,2,1,7277.575783331474,0.2652577144555751,7374.471862815223,1.1197492721165632,1.013314334658758,0
6775,33,961.9393419236195,11.0645220853553,13.473528523490277,1,2,1729.578927024665,0.4082988959455369,201.17789653114573,1.7980124646591262,0.11631611219802795,0
7248,22,1451.3075921287984,0.0,,4,2,3613.434083642951,0.6422293646171118,952.0253843359188,2.489778254617076,0.263468313603805,0
3901,21,2203.123582686119,4.347860610261454,4.462060194410923,1,0,5737.867662557675,0.297955745212033,2775.7150559092684,2.604423876922003,0.48375375995897113,1
50,27,3944.176313313945,2.054035769931586,4.906307218647941,3,1,9159.900558438732,0.3065027830535504,971.8202938136632,2.3223861792178537,0.10609507031365699,0
5499,22,1994.1233412528934,0.0,3.3739670626090694,3,0,2694.3189145320302,0.10075780022266123,1406.2001485349037,1.3511295208245289,0.521913030024192,0
733,43,2908.5040536594133,23.182993481837702,24.813319726273768,2,4,3906.28777418964,0.4760563478804435,456.189261972916,1.3430573594266915,0.11678332174785881,0
245,45,1910.3172085376696,22.43213859905668,22.063033477780582,3,0,2203.4422961093055,0.1689977016463999,744.648446945407,1.1534431487407375,0.337947786633786,0
5850,28,2261.4652133350987,5.570463690311543,4.965883469177715,3,1,5019.161609826477,0.32482998062190366,251.44548919503666,2.219429058749244,0.05009710958554484,0
179,57,,34.416217417521096,30.0,0,2,3633.685292949779,0.5010047975119081,1644.1583240035657,2.162915982873778,0.4524768083778821,0
7032,48,2877.425890806881,25.69340373012892,28.1319421266286,1,0,3524.0025093951094,0.10026368585149065,1963.377995974875,1.224706610395765,0.5571443240294077,0
17,22,4240.66778278965,0.0,4.41651428134408,2,0,6682.007943169019,0.3534795258572837,,1.5756971037173244,0.5498949671224274,0
2182,61,4141.9951112312,39.277791445653804,30.0,1,1,7183.053898930743,0.48037377535503023,1121.4419315583752,1.7342014430325086,0.15612327950446134,0
5930,32,1356.6502482855235,9.025586715860118,10.810612441658687,2,0,4160.1595028799475,0.2967694539539836,941.9366822308515,3.066493746739352,0.22641840573150582,1
3927,46,1358.3198594146486,25.78073597602388,25.74768339738398,4,2,3383.1913056565827,,200.90447484448097,2.490717692307413,0.0593831257808494,1
7808,29,2019.2344552646116,5.530302989832514,6.566679971530901,4,3,4979.657192670152,0.30408047458971404,1548.3635052136963,2.4661114412380556,0.3109377704740043,1
6216,37,1837.0779828845984,18.06118304764736,19.300429017656104,2,1,5293.81471293953,0.46508903695774567,2149.1936943028113,2.881649424934661,0.4059820395771681,0
4270,33,1619.0290791369762,7.308637476216129,,6,0,3177.882118064846,0.5314523774858217,2345.9245064276734,1.962832020138154,0.7382037530883024,0
7935,56,1470.9035591526538,34.41987204011386,30.0,4,3,4331.98539567339,0.13521321329728248,1518.2533943452438,2.945118576073692,0.35047518762681273,0
4608,33,5443.673647776676,7.439771559039528,7.636834257193197,3,1,10214.975964943107,0.299720577060398,1385.2660007714933,1.8764857384709575,0.13561128342598197,0
2939,32,12485.430614680861,11.686655156191854,12.599537113502057,3,2,22414.853143093365,0.11294729211409558,7626.779621122264,1.7952807423988322,0.34025561409811356,0
4336,62,1959.5594903919966,40.0,30.0,4,3,4471.0469412963375,0.15308844922848935,1853.6980471459074,2.2816592010696928,0.414600444031224,0
3658,57,2846.3295936632403,34.380386227218985,30.0,3,0,3196.677715877572,0.2088100699986963,1618.2246175880143,1.1230876856265377,0.5062207583674944,0
1373,29,1522.7759420037264,8.02854517623999,10.26779121783023,3,2,6012.919962726552,0.09063142179213918,1477.2869917737944,3.948657052471241,0.2456854574701374,1
1087,41,4941.33958723749,19.197427940249636,20.543397533723983,1,1,8983.9517761703,0.3598077678491546,2442.3634480061114,1.8181206973457322,0.27185847707736116,0
321,50,2662.2675642910804,32.39280536666509,,2,1,10016.98035272482,0.08634212201764437,2891.1209450191277,3.7625746138676273,0.2886220041584373,0
2127,45,1067.7769436203596,21.442742179939394,22.98473151794437,3,0,1748.5650822887967,0.2064649878639626,1294.7597357549,1.6375752377272592,0.7404698566095779,0
4660,30,2089.906655000335,10.112566232035917,17.740112667257165,3,3,7107.8784206497685,0.07681273706712118,1723.7588190489419,3.4010506658961903,0.24251383001165122,0
1487,33,4385.716929611025,9.05851183477532,8.291006292364475,3,1,10499.30740536929,,4625.865839453956,2.3939774440254373,0.44058771315604234,0
4368,29,2023.6031259633014,10.209232984593228,10.945799081682667,8,0,4758.042285481824,0.3343625598385502,2894.5534770213585,2.351272452802147,0.6083496747924007,0
4871,60,1909.2874281163374,37.23826209320203,30.0,3,1,5458.018048144552,0.2112807163054405,2190.250883056932,2.8586675676848285,0.40129051676578925,0
5095,45,2208.1110965331086,18.31769531990993,17.890660447068843,6,2,4300.926486973031,0.2652593389963783,597.6598984636789,1.9477853690087386,0.13896073329174913,1
6825,23,1465.7597318406827,2.013342716680204,4.748027804035533,8,1,2105.4596295984993,0.16495373839353678,1688.1373609421971,1.4364288934002092,0.8017904201108413,0
965,31,1632.5082479955743,,10.525962081691121,3,1,4999.425570455244,0.2763848581193737,1848.8527063876707,3.062419792729156,0.36981302758335,1
7873,53,2410.648253541998,39.05919335044911,30.0,2,0,3190.7841067125582,0.5119879816015206,1625.4607629832426,1.3236207737998673,0.5094236114451326,0
7135,42,12533.950558527076,17.05384306897892,17.17846901366645,3,0,37263.29710784272,0.22550710541815885,16288.071259046586,2.9729889976701576,0.43710762394180286,1
6037,55,2171.2970757959097,36.63399009071381,30.0,6,0,7168.745839343416,0.4513094483488509,2371.4451652538555,3.301596045633527,0.33080335366877167,0
6071,35,1848.4384732423728,14.33638277225867,19.634420838917606,2,1,2180.1304316225037,0.512821699463482,903.2069239290587,1.1794444138561482,0.41429031530781907,0
1665,45,2752.5604875814993,,22.06110698857934,2,2,4882.238023284977,0.055630313806291694,1392.8074773459566,1.773707805990738,0.28528053542314113,0
4519,27,3632.3529568624804,1.7807031700796214,3.775340042889139,6,0,6571.919360561492,0.5877953054397101,,1.809273338414261,0.795611756828425,0
1793,49,4946.239860275502,26.03326463709252,25.850670030379668,1,3,6084.72746970813,0.39488739106923415,6956.764560706303,1.2301723413326775,1.1433157187958662,0
5038,48,1630.2562670945247,26.867246558544487,27.71346258071906,10,0,4188.370075249994,0.4830150732391213,1287.7783206398863,2.569148274286098,0.3074652663215348,0
5473,44,2963.0357378336403,18.964841116012316,21.644554185860482,5,0,7412.971331197365,0.20977359697516562,3035.587964679397,2.5018163758690264,0.40949679002590716,0
4031,59,2029.423629235358,,30.0,3,2,3436.3663801207317,0.6239349217132238,2803.016074573838,1.693272085047851,0.8156918571864733,0
4316,21,,0.0,2.8310661949311893,4,3,5566.410218011738,0.36362127531000354,1500.1030381552753,3.237473033535335,0.2694920028174093,1
7730,36,1433.6792119814545,16.37323452934422,19.592043400274722,0,1,4979.717002861875,0.27857160387484203,1994.7621206570802,3.473383000357189,0.40057740620815957,0
6372,42,4465.723847077266,22.39061023687642,24.20722721122916,3,0,11715.998800156609,0.5063766681480091,5347.537889255123,2.623538579938057,0.4564303889467488,0
5649,25,5479.432026349781,0.16806608430851666,1.0,3,1,15991.4727236688,,5480.1629999774495,2.9184544395784386,0.3426928272757719,1
2181,26,1599.599816028362,3.2086368049487617,6.180452465439612,3,1,2075.8342394858264,0.28332443536172647,1714.9819318397995,1.2977209791383348,0.8261651625250154,0
5786,37,2052.81402746542,19.02116557114154,23.543291301530523,3,2,4548.355671855973,0.3362430608345223,1194.87784967214,2.215668643628552,0.26270545574650844,0
7898,24,1076.3886082929678,0.0,1.250297358419083,0,0,4014.04568920168,0.16395900394253657,1552.3046355926353,3.729178902745458,0.3867182278887713,1
4796,30,4315.020128004744,9.016139922507056,9.273672897989407,3,1,12144.622923364783,0.3212301534178082,806.2642242427888,2.814499715666548,0.06638857618968426,0
4449,21,2225.331066394571,0.0,2.1658279549254424,6,3,6610.76080901646,0.3073503521943167,2933.878461655749,2.9706864335143894,0.44380345113291847,1
5821,55,3163.451818011387,26.19747316020892,28.97367620741079,3,0,10484.619798852149,0.059787567589033405,,3.3142972935946293,0.3834550307050564,0
5400,23,2595.2071241800613,0.010432592880047054,3.2537529593640597,6,2,5216.604962783137,0.24752967134707826,2988.0663298557006,2.010091955350689,0.5727990428973411,0
2522,45,3816.7056875911094,23.439628593302906,26.627648413917555,1,2,13103.968376836681,0.2679131142320198,1931.6947105065597,3.4333190582235256,0.14741295575171967,0
5253,22,1098.1983833044037,0.8648050612268794,1.0,5,2,1254.3742083441439,0.7132004368916564,640.2323783960769,1.1422109405859966,0.5103998265726666,1
5137,48,5454.061701497998,28.56439374512228,30.0,0,2,17608.124700440658,0.18194754795886736,3857.0850008963675,3.2284425193804567,0.21905143599987345,0
4024,60,1325.6600337733776,40.0,30.0,3,1,2647.874680769146,0.47999612774037004,774.645524206027,1.997401002753472,0.292553695925296,1
1172,49,2147.6711313692035,29.25288168224663,29.84539027785432,1,1,2305.548654456292,0.36015222115990697,2237.474900523541,1.0735110328490736,0.9704739460600086,0
6418,38,2576.4773420809147,16.746532650056572,20.644444307219764,5,3,9332.532589529257,0.126534626090866,2277.3029037543865,3.622206350160159,0.244017674935251,0
3458,43,2104.13040777184,25.83984575652481,27.564026971234135,1,1,6192.482564087848,0.3594999067034905,1823.7502960796949,2.943012724503778,0.2945103643337158,0
6670,63,2577.638283258978,40.0,30.0,1,2,5231.96418650426,0.23211692132238915,2571.251575290415,2.0297511177128182,0.49145053055273263,0
2937,42,2289.7961292670484,11.963659598001179,13.230118728317196,4,0,4285.864433204212,0.3871051115798673,942.3562224930253,1.8717231540504415,0.2198754153753057,1
435,48,1151.5645290205555,22.131949102896932,20.48940410787028,5,0,1679.1459495810677,0.6145488154986437,1096.7079775073796,1.4581431671998772,0.6531343971505268,0
3513,30,1598.911238835092,10.661778483684486,11.201255095248492,1,2,4103.883151494137,,322.2828927002812,2.566673528722004,0.07853120588556349,0
1489,29,941.6990358200543,6.4025405169518095,7.782883549578946,4,1,2676.4658414638207,0.27710186922363467,620.0117117732037,2.8421669128429015,0.2316531383169475,0
3470,34,5817.669028054458,15.575467565466036,19.77670080013434,4,1,12726.22990556028,0.33252249973018466,5277.404962245279,2.1875135632829528,0.41468722484256726,0
4928,33,5306.273319883991,9.646369073790604,12.401549524811553,2,1,20628.792946215497,0.4550229083010811,5109.82468371018,3.8876235170386018,0.2477035227913136,1
5662,49,1906.0635039674012,26.70074127503314,25.860338432152467,3,2,3864.600710163873,0.1481024451006118,1938.7263825931652,2.0275298814125806,0.5016627920950095,0
1557,30,2709.4817116321206,7.6975497149091705,11.086934582286,1,0,4516.427537955337,0.15788097272275098,,1.666897221917309,0.4638592328531212,0
994,37,2838.1753200676276,17.60731536418375,,2,1,7611.651808415645,0.43491604832575,902.2816847325525,2.68188217781919,0.1185395374674083,1
858,56,1712.4908223200268,30.927121943477033,30.0,2,2,2136.1202451139975,0.27647151986503093,1727.310793883163,1.2473761711727316,0.8086205810904536,0
2758,35,2835.1303496177093,6.515563379846673,6.4042697670093975,0,2,7978.557288817242,0.031905000283038394,3173.2879047752053,2.814176529799794,0.397727031329698,0
1533,47,3151.0154031291836,22.587935364816637,25.444909927197102,1,1,4283.209749465953,0.3118582673366613,773.6822996318348,1.3593109526574891,0.1806314294387055,0
4017,21,1257.3014048398616,0.0,3.2999817410871124,0,3,1814.2417483203142,0.06735104426733463,184.89790649340273,1.4429648621536284,0.10191470164579082,1
3347,55,6174.416590880277,35.47218543758736,30.0,2,1,14418.996587165328,0.6254480024829484,8918.493972200546,2.3352808115445987,0.6185238978514703,0
3231,45,959.5406328239967,25.637089697380684,30.0,5,4,3365.277880699973,0.557205154019536,247.79319093184324,3.5071760023290723,0.07363231201588102,1
5103,45,1184.8199807883298,24.619351900711038,28.510678029845053,6,3,2988.666733353393,0.23547677025200428,258.21251368664264,2.52246483163194,0.08639722549356274,0
6761,22,1090.947335321287,0.0,1.0,5,4,3062.555175904558,0.10891549020193639,808.2120411016116,2.8072438299715237,0.2639012179961452,0
5494,52,4451.835274459769,26.78036686155056,28.558847589990457,5,1,7908.032473615549,0.25444664945761103,1829.2313287636707,1.7763533433018117,0.23131307754068275,0
7503,40,2321.0574335513766,17.256402064722003,,2,1,6316.080956430866,0.205220120876223,1777.2488979252512,2.721208387664423,0.28138475586125977,0
3437,27,4214.968811503517,1.496563459693662,2.992203108219936,1,0,7787.303483404974,0.5625564396191197,2430.0356383924413,1.8475352562875011,0.31205097420062483,0
486,32,2766.9981834688083,13.06059061737782,16.78549212165328,7,0,4500.523054038087,0.27454921129205606,3668.855287221607,1.6265001838187223,0.8152064200470504,0
3095,48,2240.2425230408953,24.89293315589714,26.287479177087402,2,0,5862.56980050996,0.14898667657539408,1457.168643545592,2.6169353274091653,0.24855459177967298,0
199,57,3586.8402153811026,34.99140180667986,30.0,7,4,10909.686783916588,0.14485535987505915,3060.1836626620907,3.0415870595890016,0.28050151422985964,0
6275,46,1626.0767631933686,22.970519800377268,23.845884167947965,2,2,3099.2348086738552,0.47303497936114863,2415.1782517322904,1.9059584878314275,0.779282113434229,0
2057,45,,22.844482412713372,29.10121529660753,2,0,3530.5049993230314,,1725.923455382999,2.4854106486904994,0.4888602213320593,0
5635,43,802.7431645145384,21.236630865782615,25.32240709624274,2,1,2852.831275778018,0.4165267014772996,139.65330483478957,3.553853090114168,0.04895252867581649,1
7816,59,1888.802213686042,31.97452583004307,,3,2,3248.5294162616724,0.4314607487772068,1232.887554908974,1.7198886112707856,0.37952174566661323,0
2458,43,4251.307019323342,23.030039864346005,24.813859520560822,8,1,8769.303221995462,0.306513114368611,3995.8246351601433,2.0627311041372933,0.45566044804308753,0
982,60,1795.4326106803112,34.67118925767091,30.0,1,3,1839.9439571004252,0.19736955378280555,696.6387016253074,1.0247914325245815,0.3786195220441078,0
7664,58,1355.9601307664366,34.316008347603244,30.0,2,1,4976.928072119081,0.3389103739294528,1702.4658979258138,3.6704088558311407,0.3420716299805668,0
3434,28,3294.6080338897978,3.5457813345480833,6.194840441141823,3,2,11169.841860535242,0.36846155628000143,4464.511030378534,3.3903401392934454,0.3996933068633974,0
7560,23,,0.22384860046961985,2.0059342187238762,1,0,5346.295778872038,0.16099047115462387,1183.098597006388,2.6958911486031867,0.22129314312946566,0
2592,24,744.6975423539852,2.670557404987617,1.439690294510911,3,2,2390.416505092008,0.27525577634780435,222.1670514776081,3.209915931152281,0.09294072853176558,1
5471,22,2510.186232836603,0.6071312326917078,4.649020898005913,3,1,6565.329382887015,0.3972368987429016,1859.245434393351,2.6154750181495303,0.28319149367274743,1
5162,41,2918.4347876494244,18.989621258319186,20.614631448306493,1,0,4434.097715529303,0.10536795754599813,2595.6111403826167,1.5193410297513035,0.5853752684096579,0
4355,59,3015.429709010394,38.84265553943473,30.0,4,2,11225.988676966374,0.43500089595425834,927.4565064933553,3.7228487347664045,0.0826169109181735,0
5081,54,,33.33879335589379,30.0,6,3,12750.90639140434,0.10174800016475327,2695.420817126414,1.5212967364731749,0.2113905266329502,0
6535,39,1379.5668146722442,18.184411114658108,20.570951391152516,2,0,3747.205938999013,0.2947300992748025,1152.2914893180025,2.71621925023564,0.3075068485896489,0
6428,36,2484.070743118192,14.661951829270544,14.28766825153621,3,3,4411.556353862212,0.32627841702723714,887.7696080532473,1.775938292451565,0.20123728154940745,0
2226,28,5256.492242348012,8.798808986905097,10.000308215211867,1,2,6819.301416178802,0.60736932325901,,1.2973102787521098,1.1367200924414615,0
4080,36,2998.7586785180515,13.425889334437475,16.061087892585473,2,0,9631.294222618797,0.1187560446656041,2376.3183698858725,3.211760349912004,0.2467288730838647,1
4977,52,4834.27768266633,23.200043288440522,25.65880433742964,2,1,15051.059734686185,0.31303490226620495,6955.397399675232,3.113404053857498,0.4621201112932964,0
1501,45,1582.1780174232667,18.95083126986968,22.734697005924847,1,0,2383.735162224615,0.15684970776668486,,1.506616282096223,0.28047790135990414,0
711,29,3281.9385253934315,5.472219000913845,2.379454608574087,3,3,9860.622224034805,0.2686009578801583,2277.129363218201,3.004511555515116,0.23093160973835958,0
354,53,3397.9718083375324,,30.0,3,4,9215.023667400541,0.1344128491097444,549.9509774651515,2.7119188113302855,0.05967982257177281,0
2796,61,986.8761524879106,33.873487582435686,30.0,4,1,3868.7608068948603,0.24277806975646699,581.2987120237999,3.9202090324522794,0.15025449776781655,1
4059,53,2110.2438679649495,33.71460252767426,30.0,5,1,3531.608795332263,0.18542537753043936,1840.364345707808,1.6735548193953678,0.521112176450637,0
48,40,5029.870102902323,19.320064780526966,19.8187368948844,4,1,7150.029181636246,0.0201400407685194,6474.636201241536,1.4215136843216993,0.905539828826244,0
3032,60,2358.8432185314437,36.74223313900125,30.0,3,1,6742.360727321637,0.6076336923771551,2414.5322265548216,2.858333557038717,0.3581137711559346,0
642,52,1176.9106577176954,27.12951935404525,28.472347538313333,4,1,2144.404905736174,0.5928069452435889,319.17841867225434,1.822062610848198,0.14884242141885998,0
4126,27,3641.259733414347,8.19981406690988,9.291744922950132,4,2,5874.902085934876,0.38935017701775443,2632.563649986412,1.6134257141898747,0.4481034086149355,0
6798,29,2071.889985524048,10.408304090339183,8.887599145068883,1,0,2311.02437586368,0.24283617844582617,1082.8625057627235,1.1154184787852754,0.46856386158109403,0
176,28,1383.231902838774,8.60282648131058,7.0951028175326485,3,3,2838.602662163264,0.36733097043676594,1800.4891398305112,2.0521523949365736,0.634287131422043,0
1871,25,2545.3402506067705,6.381060777063146,7.243830388419388,4,2,5059.17541931501,0.24553246194825407,2171.0099413533344,1.9876224477686153,0.4291232782846023,0
2316,55,1483.9223744715443,33.158034642753506,30.0,4,0,5483.85666475718,0.12735349858789857,,3.695514508776172,0.29216672465979826,0
786,23,1751.4780977389862,4.717219622895898,8.105649265160405,1,2,5528.735729816646,0.26115680357153626,804.5495811985769,3.156611399796428,0.14552143935178807,1
4793,28,2550.557530908655,7.104280517357251,8.86042982725921,2,1,2844.4880906863195,,991.286730264836,1.115241689793584,0.3484938936853337,0
3254,60,2290.2986599182877,40.0,30.0,2,2,6084.188823735852,0.3347661944121534,1263.084823191257,2.656504555590545,0.20760118723857915,0
7488,54,3667.8216011412496,34.12385269584918,30.0,2,0,10531.656204042822,0.43059044089028803,686.8348930464316,2.871365445027609,0.06521622807842645,0
1803,61,1795.8932604757365,36.82172952552248,30.0,3,1,6650.649361555224,0.15083762275617427,1191.1108122609653,3.703254256766602,0.17909691933938154,0
4196,56,2660.9379688181084,31.305321009254,30.0,3,2,9581.576350317215,0.29216989538947086,,3.6008266493235848,0.255343826185238,0
4216,27,3517.1017967120183,6.7027413519656225,12.450464449507127,4,2,13413.461032121439,0.5953010234381987,823.6261609941733,3.81378242866359,0.06140295625579573,0
932,30,921.2976725305664,3.3557359239177496,6.563145712468566,1,0,3548.810951136569,0.20161876373822732,423.0330550019773,3.851969951675774,0.11920416748784364,0
91,21,2930.7258008243534,0.0,3.7171408425226637,4,0,9555.863044429228,0.04768140912280584,2645.3067987283152,3.2605790148438176,0.27682552443763275,0
1302,53,2035.516682607642,34.034705871519755,30.0,2,1,4894.667109924303,0.2823803925562036,378.7915168841544,2.404631291772999,0.07738861670819785,0
2063,33,6852.305585093389,5.369503923491324,5.845666126704007,3,3,26630.10466405505,0.5514316172170088,2136.8537823445567,3.8862984631021984,0.08024203469349682,1
1400,35,3352.2268735317098,12.453569225303104,14.637490588021702,3,5,4734.1285432180075,0.20697699994789034,2204.832170406535,1.4122339333884066,0.4657313696234805,1
5862,57,1525.6201024181955,33.57372431085203,30.0,2,2,4170.729405281542,0.32211072269194757,617.4746981444875,2.7337929007822437,0.1480495707447617,0
7681,62,2733.7968401760245,40.0,30.0,5,2,6988.414687011136,0.07734711169185104,3562.2003761144983,2.5563035937085816,0.5097293929530691,0
5838,50,1498.3166443709888,28.438249777347846,30.0,3,5,1575.3750176125525,0.4151727627442343,2116.2296876939704,1.0514299654422605,1.343318044297206,0
530,40,1040.015570724872,23.002849026613106,26.183606258399614,0,0,1863.9655244545245,0.7086201273247139,130.86519961554774,1.792247709479363,0.07020795068291001,0
3571,26,1620.4698907970533,9.021257494003816,10.59528767110083,3,0,4740.904688369518,0.42654435357516995,1156.3906916475771,2.925635777186598,0.24391772618514307,1
6552,43,1903.595279868165,16.720799923300397,17.706474294812534,4,1,2615.6490501091516,0.09304693095523285,,1.3740573312885607,0.8359271683809364,0
4953,33,6948.789082351874,14.345536569165809,18.018581087186966,1,4,20415.28346416459,0.1520214677928265,10270.10348421359,2.9379627474971324,0.5030595584058843,0
1940,62,3010.1556071136965,36.37099244375676,30.0,4,2,10583.040682740022,0.516676862880431,613.9336695636572,3.5157786055079145,0.05801108471263153,1
3199,22,1283.0747977100139,2.2046721868047316,3.8859549368611086,4,1,5104.131670556432,0.18205821524844368,786.0053832538205,3.978046860296925,0.15399394725413368,1
5411,45,2605.7996103379382,19.804870646648812,20.43331546126518,4,3,9524.064887020437,0.2391238815528403,1446.629057140983,3.654949079444098,0.15189197829935772,0
3992,56,1500.1499272313192,29.5575982237185,29.58742373043553,2,3,2550.115816262325,0.6241115102601267,2007.5688444180153,1.6999073025779667,0.7872461445145207,0
106,27,2815.44262033934,0.6157368920832074,1.0,3,2,4244.743351751184,0.21717970569018,3086.319748337026,1.507664663838744,0.7270921920553227,0
5686,29,1976.82425712394,8.672834869175372,10.440990273473933,4,1,5947.272178112702,0.12353644906180312,1652.4145524272367,3.0084981791782157,0.27784411120588925,0
3592,37,2046.260228475645,,24.508141195169003,4,1,2122.8005989549374,0.21067868511261506,1557.7928186198233,1.0374050032416018,0.7338385053154453,0
2918,54,,27.767097032441153,28.722409105654776,5,3,5430.400230145991,0.10948310467366834,2604.451765284008,1.3422891840006446,0.47960585866688316,0
5753,31,1759.1554341591689,7.4694405062519795,9.939084661491975,5,0,2816.2149097603465,0.21067424252543618,,1.6008903221826016,0.37406464458984356,0
3404,37,6430.631714863121,10.885279859515991,,2,1,7598.633908968764,0.35996463358418973,,1.1816310194542847,0.5907688207720536,0
131,47,892.4124986613275,22.500616656778227,21.969951177268488,6,2,3479.465096723085,0.4758162696977589,500.2888520876615,3.8989425875842083,0.143783265007839,1
6141,60,5361.995072046488,35.49866139604237,30.0,3,2,11606.987855156734,0.2211694919804268,3467.3158880345777,2.1646770836599725,0.2987265887845419,0
1726,35,2236.883744386783,,16.593334853369946,2,0,3496.1781176140303,0.07056058000563825,237.71443171454695,1.5629681812420113,0.06799265475546634,1
7299,29,1890.0005026441952,7.279412988233577,6.662425271385773,7,3,2850.7201656232874,0.19450542324168923,2047.612587044528,1.5083171468129255,0.7182790551442406,0
3132,28,3930.467021654237,3.488552159067443,5.893157723749119,2,2,6887.301610194496,0.2009597880747484,1176.6099629892149,1.7522858154641887,0.1708375833646681,1
6270,49,2348.2818291081976,30.2227533286702,30.0,6,1,2501.8048260948262,0.17455696536926937,673.3435646104627,1.0653767342078067,0.2691431232313647,0
4489,23,3783.002247832946,0.0,1.8427322368086456,2,2,6588.285526814157,0.464586683065712,3048.512988243498,1.7415494613010574,0.4627171933936571,0
3126,60,1314.7088482060922,37.14291519463753,30.0,2,1,2147.409907711368,0.2976597083044433,137.96951705783505,1.633372978847361,0.0642492691136356,0
6187,50,3568.97901820329,28.0810438773046,30.0,2,2,9747.668651732185,0.37477055796630543,2789.159429306746,2.731220498079419,0.28613605252278507,0
5185,51,,31.493329879946334,30.0,11,1,2855.2024301753,0.3825764269200747,1999.4197413965142,1.8138213785918655,0.7002724991634854,0
7221,25,1968.1571095552688,4.40022870253703,8.03393194767646,7,1,2376.3155146928552,0.24306376486323056,2199.383876381872,1.2073810079266565,0.9255437094876469,0
2418,55,1218.434511012863,29.681602712743473,28.601776198179724,6,0,2760.581192494918,0.3155314497684587,194.6953979711691,2.265678760362833,0.07052695950420865,0
1617,27,1655.3101567491196,2.5078272108385296,1.8169914019441622,5,0,2417.240659191421,0.2346860681950421,1796.0484113949653,1.46029470630366,0.7430159692894428,1
1412,55,2711.1578639416316,27.84455992148826,30.0,5,0,9640.205383818151,0.24007866711412573,905.7912749913038,3.555752142666708,0.09395974867005907,0
5460,62,1386.3882033143093,40.0,30.0,4,2,1991.4871738395818,0.27072511491907864,490.81691590861476,1.4364570969939867,0.2464574828078461,0
7463,32,5613.438363957278,11.110273481284283,14.212837937759225,1,2,15982.34475391884,0.15574126361465118,5467.752649820426,2.8471577877363288,0.34211204513528864,0
7846,49,2666.429279519487,26.350253621327553,26.28142307602203,4,0,8484.903509657779,0.13067326151744077,1653.4786427933725,3.182122089203442,0.19487300485047734,0
5231,34,7262.12667411255,18.574098887434808,19.902836062036126,6,0,16486.85704834321,,5573.580926310538,2.2702519231885945,0.33806206422288576,0
2722,44,3530.2978980163343,24.971021083841563,26.921136676993704,2,1,12502.468714771083,0.04800281351756657,1546.862726620216,3.5414769733161013,0.12372458287319447,0
694,26,2154.356418121184,4.0567189389784275,6.470172633242645,3,0,7613.666565736361,0.15393305054594553,2680.4948274518156,3.5340793666705554,0.3520635956813233,0
5962,63,781.0079089553822,40.0,30.0,0,1,1026.6408976628159,0.7388765227948447,,1.314507684097558,1.109938165702455,0
2488,28,4341.256862842109,11.723041902941937,12.195457106070037,4,0,5893.446181798243,0.3413278694702744,729.9962110391193,1.3575437639365933,0.12386576351434138,0
5508,63,1825.6659957084482,39.357638612768305,30.0,3,2,3813.3406588757216,0.1381587459787495,1970.7983417179707,2.0887394889534314,0.5168167541315379,0
1103,31,2765.142287306734,10.105750021434277,13.875711587239056,2,1,4234.420035280068,0.461037455402977,922.3194511680558,1.5313570136039616,0.2178148231596143,0
167,59,1192.6463880670983,37.668669212653704,30.0,3,1,4748.050422503329,0.29450126052389486,783.3030296040811,3.9811049360560373,0.16497361230445776,0
93,28,3747.060384212378,,6.416739158723028,2,2,7191.131708696121,0.37899883078809715,,1.9191395310827577,0.5188936209679289,0
367,40,2178.5862257321273,17.711729472007793,21.16667183644841,1,2,3073.6996974067315,0.4096424467583819,2332.392413277429,1.4108689668107104,0.7588224754829691,0
3352,39,2480.986737476749,11.761148221157548,14.04655027886515,4,1,4918.915338714706,0.16026583048854634,2948.722417203831,1.9826447535618092,0.599465982672172,0
6687,52,2883.555979146951,30.639300570129656,30.0,2,1,3217.3929300058035,0.16694404870303228,384.5085995114668,1.1157726616972465,0.1195093691931415,0
6465,26,4597.749467699612,,8.903716968911052,5,2,17230.400858580593,0.13135637735662983,1651.1722401008194,3.747572802656745,0.09582900906675945,1
7354,58,4366.9543845378985,34.69053442405642,30.0,4,3,4569.124236816449,0.28938629166454044,1004.9882843429775,1.0462953890689528,0.2199520591375309,0
835,58,1640.9030032173237,34.17137859349549,30.0,3,1,5822.408089727885,0.28799006945984895,2159.9262784787993,3.5482951023380855,0.3709678616120062,0
5542,45,3459.585400831229,24.01076111620925,28.750564960219112,4,2,12086.068213274912,0.12472264456133467,385.3197747784928,3.4935019122149757,0.031881317230633456,0
6165,46,1676.5900350449344,21.65154520928523,27.175997198057402,5,0,5254.48970539699,0.11401123060138743,2250.323853428871,3.1340337205667357,0.428266868829816,1
6854,56,3076.4426609842008,35.08528293628886,30.0,4,2,4339.42265535585,0.424036975189332,1406.7774463730207,1.410532596751731,0.32418539471759733,0
3333,41,483.5329969684482,,22.28780682691573,5,2,658.1537917742259,0.23951182710300903,230.64041721421734,1.3611352191072332,0.35043544547918765,0
5921,49,5600.804951028538,25.01244395361194,,2,0,13887.841114172608,0.27417348602962627,1996.8649940633131,2.4796152045291686,0.14378512669082186,0
6455,21,3130.215015360832,2.4224437466393995,1.0,2,1,4268.300330836148,,2432.7284122756646,1.363580555933192,0.5699524924946179,0
4753,55,5197.035692727807,39.40378665426673,30.0,4,2,7515.5326296932635,0.11558255907887605,639.571869331006,1.446119109824418,0.08510000566082425,0
6849,32,6530.745883883245,10.759865522524326,11.526856644533503,1,1,18048.778530587006,0.39701515524363035,6952.163218942282,2.7636626583692805,0.3851874633599471,0
7049,53,3783.572503300534,32.87847121629576,30.0,1,1,9494.707575262313,0.19324651153333933,1721.2186718248954,2.509455697486904,0.18128190449060172,0
5247,44,1203.4940689883479,20.427460525107374,20.066415186660155,4,0,1283.5037670848355,0.06112096253372781,573.8683710621175,1.0664811735746595,0.4471107804891909,0
7423,55,3248.7391496564846,35.998790018760076,30.0,3,0,12275.654880160206,0.030569930552215747,4818.885191836515,3.778590497626813,0.39255626187607723,0
1880,23,3106.32084831936,0.0,3.1458280965834433,6,3,3510.1515438690144,0.06596149530095442,1179.0762882250422,1.1300028925756793,0.3359046677869133,1
5195,46,1830.2781001311266,,26.018758543871268,3,0,5573.857847330477,0.19863728633071978,1885.8980237735816,3.0453611650224897,0.3383469897203795,0
2706,25,2562.242085907898,0.0,1.0,4,3,5024.619587250271,0.35686335733056046,1567.7111082785646,1.9610245319461534,0.3120059302114245,1
5548,46,2224.435825116908,25.436413627563546,29.885797480430988,1,0,4015.244387663919,0.34204904432158284,1755.9856643299956,1.8050619138238764,0.43732971017279304,0
4656,49,3409.6117642306413,26.50522926325725,27.978176751738648,3,1,10421.917549499745,0.05716791961434656,5112.245685132339,3.056628810010981,0.4905283179272252,0
2420,49,4059.465084238589,30.18477101074017,29.375285318629814,3,0,13288.244431541532,0.503980716087085,4084.8846207956135,3.273397887602212,0.3074058911122647,0
5882,64,1958.1177917868763,40.0,30.0,3,2,4739.306237599419,0.4192530266146448,,2.420337661747394,0.544967345851319,0
2619,31,1579.2356503137796,11.610321651335402,11.854429097373842,6,2,5977.372008024708,,1377.8539035496744,3.7849778827099416,0.23051165323153483,1
4404,44,1497.433989180406,19.15017180787034,21.545421058688458,6,1,3840.165469343719,0.061893927968403956,958.1381993816334,2.5644973314954376,0.24950440470091992,0
1915,49,4429.877886259377,27.43729854088122,28.87821164838623,4,2,7402.047635354958,0.2018658574887946,1983.0387510024807,1.6709371737570184,0.2679040785323703,0
6631,63,579.6304045466067,40.0,30.0,4,0,996.8117556775758,0.20306332421789577,837.4040929658164,1.7197368320547177,0.8400824811667644,1
4450,49,2094.5225245435686,26.335717490719585,27.138507353956673,2,2,8255.197594638688,0.3796569984431059,1759.9832973679927,3.941326721438641,0.21319699222111996,0
5266,49,3051.2674633445154,21.250001490414522,22.58201970044084,7,3,5938.5581759543775,0.2244659788848596,1578.5674088911342,1.9462594634182226,0.26581661105600685,0
5440,24,3326.8925464853405,0.0,3.2282074654532624,1,0,11660.206436657754,0.3779335893519648,487.1643493744958,3.5048340978057895,0.041780079282553007,0
1730,40,6161.433723359434,14.692542888691602,17.034109865669446,1,1,15770.045674290786,0.37865233496601464,647.5494427253383,2.5594766384490772,0.041061989045536484,0
511,44,3475.6197758177705,24.04900439360364,27.077715895430863,2,1,4997.3699112726545,0.23187538023437765,3206.8669716823583,1.4378356188564485,0.6417109456813618,0
789,52,1191.0902028881162,28.448969279448633,30.0,1,1,4515.827149234949,0.13838377625017684,,3.79133934464839,0.38088819096241316,0
6161,24,3870.0000502862367,0.040639997031753916,1.0,2,2,5367.071160584818,0.2255222598594214,1147.438742906012,1.3868400751539665,0.21379234755310797,0
7767,52,3734.0706095508426,28.88640111821137,30.0,3,0,4962.284510623484,0.328387090636305,4323.249906768841,1.3289209095112366,0.8712216918464534,0
7981,46,1678.11235019716,23.500849494943758,23.849819472089823,2,0,3737.9148972289063,0.25234415045675346,1858.7107772349161,2.227452111171068,0.4972587199919577,0
1916,21,4155.755764258234,,2.16922794713553,1,0,5238.521643012105,0.3966697834653532,2900.0870899814204,1.2605460811884683,0.5536079236877782,0
1643,40,5516.156133062491,21.45611195839483,24.896573412545365,4,0,9878.298228320933,0.4625625401088024,4466.165909436915,1.7907938046047736,0.45211895877292757,0
7589,22,2324.474978267087,1.8552691521502995,3.9794892970143945,1,7,8555.632002290824,0.2841631220168814,2994.7468761920627,3.680672875502024,0.3500322215109533,1
2948,55,2239.9832805999818,27.086461276925426,26.573162945337543,1,0,4246.406982975782,0.05383214006561754,,1.895731552888367,0.500594491019634,0
4195,61,3425.0318040821257,,30.0,4,1,11738.871310942788,0.41153214270657423,1459.4693994617467,3.4273758558830925,0.12432791541902778,0
6885,58,4817.16046558549,35.332143956999246,30.0,4,1,4958.057489114375,0.2509283106500708,2598.4964598413644,1.029248978632843,0.5240956696340197,0
2764,35,4957.744921851445,8.221004978187612,11.778016946956384,4,2,12579.64787076601,0.3840985445529737,5862.686644574729,2.5373729526343207,0.46604536985483475,0
6661,38,1709.713997951261,15.424535017275758,19.31140302096844,4,0,4154.52636370398,0.02906988086710178,2300.547469920604,2.429953997383376,0.5537448239634094,0
2644,24,3488.9986040268204,4.987826068231541,6.623046539336988,1,4,10110.692680599135,0.5000447173133477,4985.87277605729,2.8978781100485107,0.49312870379538026,0
6059,26,4586.453306096994,7.988270180034464,11.997392742686198,3,2,6726.990490975406,0.4230813798924444,1821.217206336146,1.46670859638599,0.27073283495485834,0
1559,63,5556.857131727007,40.0,30.0,1,0,20552.946815766758,0.15985924474618202,6253.982064226373,3.6986638901366065,0.30428639359046866,0
5285,29,3380.474200912653,4.003964277899528,6.099106025634096,3,1,10626.061094702927,0.2576459870078597,2589.1495559012606,3.1433640557984814,0.24366033027910475,0
3245,54,3061.3041690945915,34.82216067046175,30.0,2,3,7609.743551347558,0.17205958596329154,673.936680291913,2.485784858679433,0.08856233797426329,0
4970,21,5883.151411473941,0.0,,3,1,13960.63067479156,0.20505018427076277,1617.9878228071452,2.372985105833596,0.11589647061781488,0
7050,27,1712.0677814084606,4.841709545258801,6.259916088947852,2,1,4652.40105463386,0.17350115427095794,917.0216306642063,2.7174163927122597,0.1971071753908316,0
6003,50,2860.8779726267426,27.823615481334222,25.888486327387632,2,2,7646.565430798752,,2086.774546519788,2.6728037700181893,0.2729035101321046,0
5121,60,3072.6328700771114,34.25846611928387,30.0,4,2,9714.731355119613,0.5064641737254935,2348.1292474607467,3.161696097742979,0.24170809892990966,0
3816,38,5836.214555587219,,24.005028840022288,5,2,9196.051694372407,0.5081463241861947,6542.151265078889,1.5756877350522855,0.7114087091400767,0
5817,38,4146.981878420825,19.403949593291813,20.001861927898037,2,1,13231.868994658174,0.330994698021097,1918.2466615863357,3.190722646634011,0.14497170901259296,1
2692,63,1791.5626517254998,40.0,30.0,1,0,3136.4374929811074,0.3678549930266153,1534.3764720423128,1.7506713984913251,0.48920996368524,0
6884,37,3385.6546604516025,16.05948006254512,18.417119400702802,3,0,12818.756591381933,0.16609091591563993,1695.5672019401816,3.786197316908889,0.13227236119610178,1
5816,34,2079.6839711587404,12.762117199387284,13.631620047754824,3,3,7468.120838306964,0.33578886061437435,387.10350630330197,3.590988314511046,0.05183412463249041,1
4362,32,4051.327047349219,7.042335636350002,10.600236319748074,4,1,15316.904344383547,0.3879311938745083,913.1619095754648,3.7807128788591355,0.05961791554246443,0
6771,39,2958.4094546889887,15.15787363084329,,3,2,4545.864775593009,0.08908183877143065,1441.1447667523482,1.536590808411578,0.3170232371384938,0
7810,34,4197.03236363392,,11.290316029895612,3,2,9733.012404434192,0.4469668257572095,,2.319022480924367,0.24369281692070044,1
6409,53,4052.170126123062,34.80664794255388,30.0,2,2,9945.366967256605,0.3929674916361151,2107.3092845364704,2.454331051685605,0.21188853980696948,0
5674,26,2906.4074918533743,0.0,1.6609225160657053,7,0,10229.270918511558,0.26635805460788775,,3.5195584057583402,0.2776367883876322,1
1883,30,1944.0615804838885,10.98666738990563,12.65167564308088,3,0,6385.409237593468,0.3451459234763384,2815.889768136057,3.284571487701589,0.4409881439638642,0
73,28,2683.4161984429634,,5.843237088745801,2,1,6694.42568909489,0.3166226587409596,868.4539613366836,2.494739985910233,0.1297279261388144,0
3491,23,2342.263358211237,0.0,1.2703532945223768,2,1,8965.503034974714,0.36697664012088815,3030.5756985292937,3.8277092127768153,0.33802628661291184,1
1259,61,2685.048031643829,34.99789611354447,30.0,4,4,4539.683505740388,0.31566027214431247,3093.8050966079263,1.6907271126025711,0.6815023762550492,0
1335,57,1159.1099370124123,,30.0,2,1,3946.6360500341725,0.2529245897069319,281.46666533112983,3.404885010481892,0.07131812048610175,0
6344,52,2666.8436202061425,29.590941792413993,30.0,1,2,4328.875405788154,0.3432655933018172,2907.0969081350827,1.6232205641864892,0.671559385665846,0
4498,50,3523.6176937829823,29.618669359350417,30.0,4,1,7231.826752997068,0.12400683505037383,2607.9209056560385,2.0523868879863993,0.36061717111451047,0
2513,52,650.8281166355451,32.030151742050975,30.0,4,1,1905.700596656246,0.5409240282827978,529.6146362216887,2.928116576320891,0.2779107259298516,1
7350,42,2803.262577584199,23.980225262995024,26.723918478597906,5,5,3037.092413933935,0.4955459188960455,3134.0877229731846,1.0834134619494855,1.0319368974728076,0
3405,53,4531.094003585833,30.56394685626222,30.0,4,3,13993.676725970285,0.5197219439829912,1689.0657153613113,3.088366013791795,0.1207020676865176,0
5617,64,2212.4571579725844,40.0,30.0,2,2,4344.072535179957,0.48943421340234194,427.53895434098433,1.9634606344923344,0.09841892622156069,0
2498,61,4404.160361992158,37.51000282276169,30.0,4,2,17221.922174970736,0.43614147964984984,777.7244456969643,3.9103758172830587,0.045158980385317286,1
1623,52,3003.9525124109373,32.04284082470091,30.0,3,5,3988.9790223608047,0.2291865520208639,2209.2091083617383,1.3279101470080485,0.5538282091677329,0
2304,38,,18.43089161732993,18.073046189699912,1,3,4647.508656925198,0.24110958507312177,608.1333023011055,3.048657234304828,0.1308514619752097,0
3550,28,1912.9080608385405,6.028314877308337,8.723890945763827,2,5,4513.781214896802,0.1863374533915894,2761.9743459672004,2.3596435747770053,0.6118981435900958,0
1417,33,7599.095965866649,12.551339221056445,16.532450946216727,3,0,10055.347918719135,0.54368850038091,1554.3582350040235,1.3232294951775043,0.15458025396718644,0
31,48,2632.0402937304934,28.70569178296877,30.0,1,0,7082.00653483765,0.616336555366858,3326.292141642412,2.6906907738863093,0.46968216214992026,1
2943,41,2975.462466830161,,17.03177140894205,4,1,3633.908566574398,0.14531417416989575,2506.094028897183,1.2212920200084718,0.6896414653766647,0
3077,43,2208.659770292785,19.555622373303166,23.15715678654894,2,0,4881.468218087834,0.2794595075826794,1254.392229039547,2.2101494688069296,0.2569702747201162,0
6323,51,4931.687844202367,29.68614576291417,30.0,4,2,7264.878056543702,0.1407357106970077,6750.020263470837,1.473101762733058,0.9291305663955203,0
168,53,4386.386515621446,33.969081251787436,30.0,1,0,6013.812729709538,0.434114386177242,5716.63196674744,1.3710175125452948,0.9505836353210734,0
6099,61,4959.246822043489,,30.0,5,3,9947.643252014068,0.19819866599702413,1929.7390128614284,2.005877829632823,0.19398956757629202,0
6773,64,3085.575321587405,35.33453788290048,30.0,6,0,5591.3240723541985,0.1478242600606147,1213.4480234435268,1.812084778237624,0.21702337545471778,0
5610,36,2248.431637915628,7.468306853950295,8.869133049437842,7,1,6737.612792889601,0.3949017506371484,2739.054819595287,2.9965833424829387,0.406531942958475,0
7501,22,2536.452247133573,0.0,1.885011454071819,1,2,5074.23113170363,0.3294954879620375,1820.67642018444,2.00052302874536,0.3588083342930347,0
1926,44,,19.877270990076337,21.35704983924823,3,0,2403.072963205679,0.11844068253501183,2152.355846503533,1.638206397549719,0.8956681213841748,0
2088,64,2627.0238669809582,38.65732992228571,30.0,1,0,8925.352510586785,0.4519550836641472,3468.083532130743,3.3975148162030306,0.3885654407506129,1
6553,43,930.0036337952414,24.177680127708783,23.884186397117222,3,0,3501.3973330749104,0.14774024007190087,187.02388726266685,3.76492865816674,0.05341407143256814,0
2495,56,3932.1882773299385,28.949731071207452,,3,4,7345.727377045007,0.1711123809628177,472.85319124535795,1.8681016418758447,0.06437118708257511,0
5987,52,7303.812948894883,30.901212775148185,30.0,4,4,10301.708391683504,0.056694890943720516,5157.7951568103035,1.4104562183841554,0.5006737679523287,0
3295,46,3787.132571095322,,23.391404986040115,3,4,11312.628676206112,0.5524320462934511,2899.887267973941,2.9871224373152194,0.2563407101015596,0
1402,49,2082.9713606323116,23.162743062596167,25.512402532141373,0,0,6036.34761767979,0.31222940442492864,541.4772617169565,2.8979503663686392,0.08970279646106362,0
4323,48,1212.7684053789615,27.558748483055037,28.362241934192184,3,3,2907.1850250367665,0.6101653129712296,994.1577045865255,2.397147725932339,0.3419657490062754,0
4710,40,5082.00461295035,19.90992795359854,20.465260576374966,2,0,17340.343274884144,,3755.0691729586156,3.412106952972094,0.2165510286291437,0
1507,60,1899.5915569031542,31.06650846597431,28.1652736545861,1,0,2778.434876609813,0.5029495902889272,750.1288921321977,1.462648571222021,0.2699825352924914,0
26,42,5166.199873315767,21.458886045517147,24.206697768394122,5,2,19417.986620689808,0.243412613594052,6409.837172928163,3.7586595750944047,0.3300979292105651,0
4750,43,1973.142298992349,19.462233987017992,20.107001269625034,3,1,6958.063357559253,0.5891418687866956,851.3430227466644,3.5263870026569397,0.12235344506050864,0
7174,33,4771.136127107817,11.057616257460092,14.460364280825102,3,1,17885.788320778393,0.17700298518368757,6733.483135747218,3.748748273845722,0.37647114094069606,0
2406,57,1234.3348883861,31.99992607893147,30.0,1,4,2086.597731100936,0.4053539731261365,999.5441596649209,1.6904632209085289,0.4790305983595309,0
2069,47,,25.72098049857936,29.154890151758238,1,0,8718.230355602389,0.401036596960415,4485.278987260256,2.891491311313545,0.5144712635836685,0
3942,48,5467.933224573912,24.014032907758303,24.97634333020481,3,0,9238.918193368023,0.2805315233875115,2080.4834226097787,1.689654539277583,0.22518690814939926,0
2191,41,2006.4917204472017,18.330626686542985,21.335536557572492,2,1,4977.378621458004,0.2114762616252768,842.1942158427063,2.480637508112248,0.1692043703912574,1
500,27,3857.1228999118484,8.729028590485012,9.997554354002176,2,0,11299.230436782907,0.03921105967470216,4989.104304333119,2.929445270473788,0.4415437256763839,1
6309,31,3137.0950891927387,12.723082001324547,,3,1,3567.7052427628114,0.4243375166430184,3085.784352489664,1.1372639787214358,0.8649213268807064,0
437,50,1886.9531615721753,23.77326877035764,23.199362605864323,1,0,2400.1725595009234,0.1705960472813294,244.8528259432037,1.271983114568219,0.10201467597567937,0
4983,28,2780.1363166632404,8.841963119109298,9.740596823817077,5,1,5956.042152238066,0.29365622601332353,2314.958421373877,2.1423561558976334,0.3886739486059546,0
1420,52,1807.5282872476744,31.891207217567597,30.0,1,1,6800.554478142095,0.5334179514584529,2297.0939124156143,3.762350236021649,0.3377803853786902,0
3857,48,3987.869028782216,26.055548519578423,30.0,3,0,13527.904834075285,0.5680914350473363,1982.8281439415061,3.3922640729769227,0.14657318840290648,0
7939,54,4319.242091589511,29.22068698317065,29.8550946339815,2,0,15683.066434366594,0.41746780026450425,3614.6933355718065,3.630976477309499,0.2304838375007366,0
1978,29,2249.5568900110547,8.894248066889517,12.0508036745645,3,1,4401.725558776141,0.14662975444532603,2807.3180965220877,1.95670782024744,0.6377767216597294,1
5992,48,3261.440858141245,26.00171382567541,27.088849918448332,5,1,11720.702868135688,0.6197314165886647,3594.945041279687,3.593719272535125,0.306717530657059,0
2523,60,7431.355760495392,40.0,30.0,2,1,28728.6695312479,0.14146661477634392,5104.17536277119,3.865871915857891,0.1776683517215939,0
6210,25,3449.9620351271237,3.289895403492668,3.2205372682777003,6,0,11716.008002405255,0.37535121510021946,1154.0139392417352,3.3959817189621755,0.09849890329580009,1
5716,34,3451.2976321645488,13.406639110100642,11.463150803389007,4,2,7039.4214671973805,0.42745482796016326,684.1634579745242,2.0396448575147863,0.09719029627116668,0
6264,45,6530.023595471898,20.987562770464397,20.129990917382894,6,1,15093.901029061419,0.16904899928016032,6490.73715170386,2.3114619431892947,0.43002383142745915,0
3817,39,1257.0603640842896,16.638897757022885,,4,0,1966.6558713830511,0.17712750492582677,286.2539176898067,1.5644880131239116,0.14555363846573655,0
1180,23,6729.532988396647,3.965344065537623,6.663410296968147,4,1,8594.355813061948,0.14293412231996871,3556.378298505395,1.2771102880215772,0.41380394015108257,1
3355,41,2373.2937499918025,19.20169895892842,23.36828525695033,2,1,5283.998017978845,0.14544464652770375,3359.7350631999193,2.226440792673514,0.6358320067056032,0
2954,42,1052.6675680893813,16.420365935205503,14.592872165466172,3,1,1601.9547797997802,0.514688479486776,1169.3840822266461,1.5218050107759749,0.7299732158312241,0
7732,36,1402.2501168105753,10.474794346286112,13.754084703649166,5,1,2177.265321862561,0.34925337104683923,1411.6513573455584,1.5526939850179948,0.6483598223747709,0
5517,22,5259.603550330727,0.0,3.5506122716084825,1,2,7545.603311932286,0.2608824437158571,4630.5247806492025,1.4346334737449582,0.6136719078945874,0
7639,28,3002.2806560694544,7.152510324672892,8.831883307659803,3,2,11353.105380625091,0.1386490072666353,4332.001417784454,3.781493698023697,0.3815697355524712,0
5887,51,,25.395205664505106,26.896325421255778,3,1,16933.265990709704,0.547676379864521,3441.774486865366,3.3244664630917478,0.20325520716167023,0
1758,26,2555.2583358744346,3.070308339090314,4.2708524492686335,6,3,10144.43523412037,0.10473956455922807,1809.330789561399,3.9700233403793375,0.17835697580046575,1
534,39,2989.2402788918253,18.859107588988923,23.73352386742896,4,1,5175.459187199673,0.4335311437809627,2571.41303173481,1.7313627224099646,0.496847320928473,0
3570,39,1455.2795910703383,14.428796210760698,14.808684944693608,2,3,3792.309334934066,0.1660526187771186,,2.6058974221887317,0.45516379944751817,0
585,28,1017.4477358914852,6.461845538022117,10.141639309375782,3,3,1770.965450998188,0.22106804732676996,927.2641360062543,1.740595991838807,0.5235924481099338,0
6191,62,1773.3132383043007,36.98188967926762,30.0,3,5,2092.184267683936,0.5734294249542453,1153.3248978735849,1.1798165278936,0.551253976854689,0
4552,35,3125.7441070790346,18.342651948816755,22.44126217537027,2,0,3377.0175265144603,0.17326039939840318,1978.102620870361,1.0803883526058176,0.5857543247375535,0
1203,41,2394.8190848538575,15.703451316997949,14.299482295726811,5,1,4748.95654252715,0.38089662198281365,1229.5575373155514,1.9830126511694108,0.25891109474361373,0
1606,30,3552.9600319292094,10.47363444616036,14.972445020795337,3,0,9248.47547360822,0.3034484395275033,5181.966273090705,2.6030339183372186,0.5603049159700049,0
6639,57,1692.5642502055057,35.48559927596614,30.0,2,1,6224.854093250931,0.6145647455088663,1051.1520972510143,3.6777653152576804,0.16886373262799642,1
3303,62,5466.358317446689,40.0,30.0,1,1,6750.493329049836,0.4681042547586893,5130.764992406583,1.2349159965428245,0.76005778278856,0
491,37,2329.2714235429917,15.166438072449049,19.151794452004843,4,3,7500.810121773249,0.37684382634200614,3002.2663430539883,3.2202387604807217,0.4002589446090697,0
5180,34,2331.047600074038,13.973692180997752,14.973469941913544,2,2,4957.876249744657,0.33646031485995204,2006.6117721506691,2.126887606064838,0.4047321213904875,0
3524,50,2634.212214636123,23.974725970423336,26.073243724055423,2,0,2949.772592195462,0.2580675988465601,3438.3490957350255,1.1197930735443533,1.1656319218750095,0
3460,54,3955.2710419940454,30.10665708480197,30.0,4,1,10563.348311332418,0.24050699611335855,867.3402735011689,2.6707015016616706,0.08210846106160122,0
6049,28,1794.5055301945567,10.867383469807827,13.662506864694445,2,1,4326.777795640924,0.15844626977466747,2688.487437245015,2.411125361743423,0.6213601816930768,0
7249,39,1931.1562747528349,17.584737118002746,23.749972307036597,1,4,4243.026602145783,0.297635554915154,1474.5414806306885,2.1971430575647433,0.34752114914504273,0
6753,22,4969.354526205279,2.021404709622736,5.627037239528471,2,3,5526.030373040373,,1671.4849400976664,1.1120217613574424,0.30247480148720757,0
852,45,1904.2536284020073,21.025863036508003,21.61198145908459,3,1,4770.189275839939,0.22829445463833614,2566.492122384427,2.5050178215193633,0.5380273137972114,0
7518,30,3099.1775998948096,8.256693677038417,10.867383362059268,1,2,3676.2677364091046,0.3223854220282947,2376.4707413041347,1.1862075076090774,0.6464357091753654,0
5209,63,1153.7628586391822,36.512104264160904,30.0,0,2,2926.5125267026824,0.2759748442095878,599.9867913266854,2.536493963893402,0.20501767405817115,0
2094,62,2100.870554563371,40.0,30.0,2,3,5459.665970933425,0.14492883320680827,628.7247171123842,2.5987636216207144,0.1151580921726046,0
2531,52,2890.6954075757294,28.835914380262412,,2,1,10275.056900600093,0.3750332837355466,4114.815680487641,3.5545277007297114,0.4004664616745162,1
5478,59,,39.43666393326369,30.0,3,3,3531.4674740684677,0.29962296105411124,381.12323642073807,2.7788208376899686,0.10792205767696358,0
397,52,,29.492972909816668,30.0,5,1,4916.338686068393,0.03404396998222318,2147.940705124869,3.225877773936352,0.43689844054307453,0
6055,41,3697.527757166878,20.105529137431887,19.714738627480898,2,1,10013.847580913682,,,2.708254876925251,0.3066405308725582,0
1649,64,1099.650668075036,40.0,30.0,2,1,1718.0065840366747,0.33473417227466634,1246.44856923296,1.5623203203650893,0.7255202516769584,0
401,36,2517.1324802258614,12.540161030889461,15.70358357445545,4,1,8195.239877064427,0.46711410680461235,2762.927868545884,3.2557840882213203,0.33713813262237025,1
7612,46,6110.4777344838285,18.735849659886917,18.66323900341943,2,3,13725.940148168214,0.14786292827652983,8704.92583366805,2.246295747173308,0.6341952346943434,0
7907,61,3083.4932148016887,38.15610823731673,30.0,2,2,8649.309441989133,0.2668731187412953,3233.3709348144453,2.8050359898539305,0.37382995214827786,0
7695,45,3123.481870725431,21.558115720818325,23.537098753360485,5,0,10073.688374243342,,2507.8875784845127,3.225147060611471,0.24895425442152275,0
3544,52,3279.307657294312,31.087273573840704,30.0,2,0,8637.328043253703,0.2066904053256877,1341.324703131888,2.633887681761516,0.15529394002576377,0
5632,37,2438.4785773205203,13.929261017020213,14.285491762877836,6,1,6946.10563534153,0.43080313240237295,1668.028243599237,2.848540766338877,0.24013862316063417,1
5903,51,1291.9890442729707,28.082724243806165,29.284534669955335,2,0,3492.6763311178406,0.24508992994693016,1492.8048329007274,2.7033327771623967,0.4274100120874788,0
5934,39,4373.555456180502,,13.082669720463308,2,3,15083.712204375086,0.5770876154872803,5289.143666549084,3.448844391137077,0.35065265067938306,0
4664,39,1024.6300674932654,13.56850058366324,18.42691095483901,4,0,3297.511201004791,0.1954963471371641,,3.218245594795084,0.4420737247261157,0
573,27,1998.0303192043682,4.732699969429028,6.627882112390574,2,3,4950.495143844089,0.21533572611460258,1101.5120626358835,2.4776876988610548,0.22250543241227233,1
2328,24,2127.5109565958146,2.7018559959464765,5.561044315915136,0,1,6454.977086881685,0.41956026131700924,3066.92590757645,3.034051160521475,0.4751257620742449,0
2955,37,5255.499215058362,18.07662173203089,18.616875774515954,5,0,13387.300138853558,0.2288967923843899,5880.292587800247,2.547293718643414,0.4392440990199399,0
2404,41,6946.825953841785,24.096778463880273,26.813940793050055,2,0,23149.93520774893,0.3629483714803631,7096.583265809878,3.332447849070752,0.30654873122212684,0
7226,39,1503.99355398144,22.6911600298094,24.478446880374594,1,2,5332.723708246296,0.24103604351741495,1694.1025643256694,3.545709151564691,0.3176805431914617,0
535,56,4284.749911593071,30.070301096017733,30.0,6,2,15715.109519939302,,,3.667684192587198,0.07879111801583491,0
3574,37,1460.2163525854373,12.537885342259527,15.373796215359658,3,2,3051.2471981234235,0.5434719600419021,1307.3978787037208,2.0895856923673883,0.42847982933267287,1
2373,57,3108.1025871022784,35.35149865714379,30.0,4,1,3408.3856424244887,0.09071372147230745,4490.528767304484,1.0966129807195868,1.3174943326278754,0
7474,27,1720.395119264361,1.5032573373802949,1.0,5,0,3152.7649516786755,0.14325180547140942,1519.1017273824075,1.8325818972485775,0.48183158296452405,0
3660,44,9938.804560879364,24.596525881556772,27.820544352709682,1,1,34607.53409125144,0.11824771604301014,2681.254309288874,3.4820620406876617,0.07747602883866488,1
3383,26,6401.308792405873,2.691288689897906,5.033488564490916,5,3,16614.79841054758,0.240709260032479,4801.8043077119955,2.5955314685425543,0.28900767791823845,1
5860,53,,32.22826663463344,30.0,2,1,7493.339306798777,0.2552891649763152,1557.7056503862466,3.8408604620733056,0.20787870221930638,0
473,53,1119.7399250309263,35.336600773052844,30.0,1,2,1559.9875957325921,0.2827335397413008,1183.6128955534462,1.3931695752382023,0.7587322481225275,0
5551,52,2465.3545747928797,30.263218000462004,30.0,5,0,7218.768620322182,0.09747168452945708,2550.5263830075037,2.928085352967391,0.3533187607408964,0
6048,55,3654.017660187836,30.940161544846102,30.0,4,0,13731.63165012704,0.23805497003085907,719.2754685496233,3.7579543743697066,0.05238091778721495,0
881,50,970.1109376062888,27.35774516012311,30.0,4,1,2452.6764704170932,0.3031718765955337,807.9886063650658,2.5282432919156417,0.3294313849015978,0
4848,52,4174.346717246954,25.643731556658782,27.679282591106677,8,1,14907.59123185052,0.33229982576412154,3476.936983140142,3.5712393439331525,0.23323264832426857,0
3346,37,1677.0941375440245,19.735691722550087,21.071545221057665,3,0,1899.1721071587708,,483.7830503524253,1.1324183089328321,0.25473365395839875,0
4756,62,3364.748647861126,37.49671304973549,30.0,8,1,7669.151319817624,0.32831515052401383,3635.1167398321422,2.2792642549073268,0.4739920479126218,0
2746,29,2072.2834277373095,6.107260001759523,7.314299880711431,1,0,2606.01280909532,0.6660238551733121,2820.077900340179,1.257556169302951,1.082142762498229,0
469,44,3030.6197651767234,19.839340653450105,19.151970964388482,2,3,6213.000592199758,0.32926027196042507,4539.153201351086,2.0500759163488995,0.7305895330269019,0
2602,59,2060.1024309938393,36.89117954110269,30.0,1,3,7314.698676491739,0.5447748192216355,510.7417041984669,3.55064804858415,0.06982402512900611,0
7068,60,3239.553876796599,38.730622475639294,30.0,2,4,3697.16399440096,0.40587316377911886,3751.360703452072,1.1412571406458176,1.0146589951468716,0
247,51,3137.483052841371,28.613665096339727,30.0,2,3,10957.37596801195,0.2759702042889678,1213.7912325956074,3.492409610974223,0.11077389660983145,0
2276,57,,40.0,30.0,2,1,1868.3877453106625,0.21707705099218247,226.84572492153347,1.1110139822912934,0.12141255234138519,0
6033,39,2937.437432808937,17.17046710689113,23.772339814362297,6,4,10908.889878986256,0.15580414704311826,1688.4331054783408,3.7137437404256755,0.15477588684168145,0
865,62,3073.9035256861894,38.25835218466357,30.0,3,3,3078.405440935653,0.19458688029936796,1137.0931576676633,1.0014645597078258,0.3693773219560235,0
761,37,5944.633683156966,22.11396542426354,24.112344974820925,4,3,17819.301648302277,0.15400823743572972,7535.436779616453,2.997544104153972,0.42288058916912646,0
6365,57,2726.4140451554963,39.71212245597848,30.0,5,0,6443.480727479765,0.28283709056383527,1446.7110400625932,2.3633537022482116,0.22452321986356658,0
4462,61,1434.084815733598,40.0,30.0,3,1,3697.262243174881,0.28998307295313974,926.2931583661235,2.5781335961524476,0.2505348816076149,0
2540,41,2003.6506003078603,18.09257842482259,17.99410058246491,2,2,3246.7743254927045,0.018717449695699908,1732.7648827830712,1.620429392726376,0.5336881190595594,0
1287,56,983.03177485981,,30.0,3,2,2743.6655861471622,0.45408574650435957,540.7660853353676,2.791024315097481,0.1970962088330697,0
4034,61,2600.305586503535,33.56239369724682,30.0,1,0,8486.785187789235,0.3942745610850561,3435.9849436063187,3.263764548227916,0.40486295665289196,0
425,42,1719.8587187506473,18.765756673689054,19.66968257666346,0,2,3360.986163458869,0.15465768134896574,2136.4010978668457,1.9542222432668086,0.635647097002097,0
5738,45,3359.181472175581,,24.777473992081305,2,2,6462.729966347363,0.06395185578908485,4672.5718394091955,1.9239002179187903,0.7230027966107428,0
3193,61,1036.8285688299277,37.45426283487834,30.0,5,2,3713.825111662668,0.18207002349119272,997.6457388676586,3.5819085462254963,0.26863024210125386,0
5830,24,2068.6283370954593,0.0,1.0,3,6,6653.9879862852285,0.23490546143208196,1231.37874207844,3.216618406972046,0.18505875643546074,1
228,56,1056.9037521229163,32.568752768249446,30.0,2,4,1944.3705732281123,0.5042682436793865,694.6351966177491,1.8396855620226664,0.35725453068572793,0
4515,57,,37.863495186174994,30.0,4,0,7657.166824934744,0.6144458089906143,1609.1382022637822,3.3904450081834208,0.21014798802917495,0
7882,51,1768.5550527232099,28.128781659480218,30.0,2,2,5640.246982877884,0.36515439112286713,1696.3494832882668,3.189183720457595,0.30075801439863903,0
693,41,3480.890585354773,21.967392133455803,19.607515239221893,2,3,8645.453059765505,0.2762443279839734,3390.512088950918,2.4836899775418706,0.3921728642226739,0
1041,51,1839.2382347345267,33.959889046385534,30.0,1,3,2981.2470031179832,0.1917664220303918,618.6161581383917,1.6209139995114838,0.20750248385705794,0
3096,24,4489.441331954816,4.520594907666219,,5,2,13357.6135274907,0.485403404096892,,2.9753398117521357,0.3976176772142135,1
3050,61,2544.188080644693,,30.0,4,0,4073.9657650166623,0.41627434567422317,3813.3427383860867,1.6012832526062013,0.9360271927494929,0
1595,42,6753.311159947273,19.854281015083757,23.066502690979675,2,2,23414.63203086722,0.13694886600107492,4858.615954041211,3.4671335995497103,0.20750340845144002,1
2549,31,693.2150561950081,15.339555408002528,19.441877493065345,2,5,2391.4714133403554,0.24638723290584336,91.85847175577298,3.4498261282247906,0.03841085920716362,1
7617,21,2881.692950767751,0.0,1.7053209547749888,2,3,9153.285977232352,0.21250783663683706,400.3157413345165,3.176357139227377,0.04373464811765431,1
7993,33,1006.9972950461815,11.357707464729856,9.944790354410912,5,2,3875.1819385531976,0.0812896280573229,,3.848254565942483,0.13793871252272624,1
6061,43,3206.5321957438014,18.951325733671503,24.376900165362862,3,3,6981.578991875586,0.44913965408590406,3702.029027429013,2.1772988904158215,0.5302566986260612,1
5125,31,2413.5285120105127,11.357232143878694,14.247150526121832,1,2,7672.584602396114,0.14441414217344387,1616.3021410089705,3.1789906621010715,0.21065940941259956,1
1128,40,2217.5401336782106,18.613370064153294,23.549920581067873,4,4,6034.694941571594,0.2796208132241843,559.7737123732078,2.7213464369467393,0.09275923933073374,1
5493,48,2101.2040345965884,24.73278661430916,28.714216638622183,2,1,2152.3760817519496,0.24538722693824436,274.4041525383121,1.0243536783257632,0.12748894343546036,0
3473,54,2238.701384031591,29.18467578868966,30.0,4,1,8707.252157981231,0.2826327584438051,907.9732858401385,3.8894209920488265,0.10427782144885664,0
5132,22,3636.133538052252,0.0,3.726998577767523,3,2,9459.385847539541,0.1687210185562919,3446.520350827295,2.601495723010932,0.3643492723921143,0
58,24,1500.4620232124632,0.0,,5,1,1543.0173310224363,0.26242875852598474,538.5387771418146,1.0283614694351697,0.3490166742229443,1
5752,27,2623.386257098567,3.1267445719530484,4.178531826039743,2,2,9724.79969177497,0.0465650421976047,2215.0570693994955,3.706964487391376,0.2277740559811164,1
4313,23,1645.1772344439623,,6.54676979530484,3,0,3673.6172215502634,0.2750229444004423,970.5062150101961,2.2329613762202793,0.2641827268548799,0
1199,30,2848.9219861409647,5.348509181513406,2.3938123689704405,1,1,3753.193096486008,0.33092439695798864,3174.8496631452213,1.3174081686841599,0.8459062940613765,0
3688,47,1588.686730198054,27.400097469479885,28.564725720150594,2,3,3392.636378149618,0.33315950623760987,2202.9035591406328,2.1354973977321974,0.6493190880486052,0
4894,54,3476.9050061704374,33.87906711825986,30.0,4,3,4862.700349088222,0.4118307080843701,1728.8749615343122,1.398571528545768,0.3555380421206674,0
96,37,3618.141650324966,15.657789001343994,16.203276608970054,1,2,13160.420836675805,0.6547115740840717,2015.5623244745475,3.63734262186606,0.1531533337336391,1
5729,48,3486.9893208035173,26.049340790544907,27.09936341995944,4,1,13841.735392729115,0.3076577732651881,2461.5062208629824,3.9695376496133123,0.17783219741044753,0
960,21,4192.425964390696,0.0,3.185552727042343,5,0,7627.795886300341,0.544420059705632,3049.835572232803,1.8194229191138316,0.39983182792166244,0
1634,61,3638.2152628682015,39.93624168097834,30.0,3,2,6322.293160249244,0.2134781547327994,488.9010348687724,1.7377457636371518,0.07732970023324551,0
7779,36,1922.428470844191,12.928671199416474,17.81336496759946,1,0,5358.460818101961,0.22187566582103627,277.48904461334206,2.7873395028054877,0.05178521482809543,0
877,26,7449.43525375007,0.0,1.0,4,1,27780.138440950614,0.10467180836484259,10486.7910135055,3.729160331578961,0.3774923957199204,1
6656,37,2986.4064014757955,17.201247897525178,21.11298748666499,3,2,11044.971811769019,0.1192457462976108,4139.226032368868,3.6984155292162897,0.37476112233788567,0
156,62,4461.633665654231,38.53011919306039,30.0,5,0,5062.431743393117,0.16712468186070384,4142.097710629284,1.1346587646502324,0.8182031720299353,0
2087,51,4258.758922701578,29.22051622240598,30.0,2,2,7254.924686395767,0.03567826375577129,5401.4729240478,1.7035302580108356,0.7445250168036192,0
5958,57,2328.8899924326242,33.847852274816844,,5,4,2887.512403063811,0.16922243539124127,345.6250291069282,1.2398663794538796,0.11969646562910029,1
611,21,1332.6310365384172,,1.0,3,1,4052.590317479864,0.17915117895527002,677.1905796555428,3.0410445249772144,0.1671006755197153,0
5929,26,3411.2273468724957,9.3184163977608,13.049997490210378,2,0,9384.355704011525,0.10325192500589717,2085.251398563416,2.7510203072848114,0.2222050681297209,0
1979,53,3797.0617267809803,30.131698460436684,30.0,1,4,3946.4594830947794,0.37842039995342647,3598.7727288462406,1.0393456222373434,0.9118990690927135,0
1188,34,3168.3834238632408,8.610769002806142,9.672715532875204,3,1,4813.1166946569,0.22532017417157474,2853.493218301872,1.5191080279003037,0.5928576843918141,0
4233,41,3124.1548778333618,16.615610170138773,17.15199161186141,5,1,7895.523729381935,0.42119640239129513,488.3105243883,2.5272510608877283,0.061846502033947426,0
447,50,2012.4383593410444,25.199653719441912,28.77067477047506,4,1,5528.409563798693,0.5444419482653984,2985.7001759066816,2.7471199493578142,0.5400649393738369,1
7114,22,3653.2364494739995,2.68063467291665,2.354356982463042,1,3,7673.7863822529425,0.3797080187648277,2294.8122702909877,2.100544678228487,0.29904562832217585,1
2357,43,885.6506367557157,21.369601479739284,22.292873298855255,1,1,1461.0198007765487,0.2942983348601579,904.5659643034232,1.649657031951679,0.6191332682983736,0
4119,22,1845.0858654771598,0.0,1.9711136782409544,4,6,6513.648277586295,0.32873307188800344,604.8731328255275,3.530268373662812,0.09286241857837463,0
592,56,5078.115982404238,33.327317613615456,30.0,8,1,17327.91390992755,0.08249572434643773,4008.768278460677,3.4122721832209186,0.23134742585280066,0
7930,44,2175.169192852941,16.617750282665185,17.153439257970405,3,2,7251.499412565853,0.4567863287973862,1442.399169615435,3.3337633855759163,0.19891047182820637,0
7954,60,3854.804066082605,,30.0,5,0,10335.130669342523,0.46988275904054244,1147.1509112574922,2.6811040177835723,0.1109952982655873,0
7182,28,2588.05149157322,7.080751369235704,12.288024180906742,4,1,9068.409317404195,0.1132351675427937,1392.8082139790245,3.503952431754635,0.15358903256670725,0
6550,26,3143.3808809486613,7.860031983353046,,4,2,11863.53090703108,0.2245876381382972,1919.930909889385,3.774130898019176,0.1618346953310091,1
4306,27,2164.396763652439,4.84021024035826,7.496672993737497,3,1,2635.0934291504936,0.3666751503075598,2214.609282040341,1.2174724493229003,0.8404291314840745,0
4127,35,1354.1752819107942,16.161287950269454,19.04152600618081,3,3,3775.142293531445,0.2870138546292893,1862.6801159592467,2.7877796500646297,0.49340659798463077,0
847,64,1162.0137071779097,40.0,30.0,4,1,3644.452158756795,0.20742088550470816,,3.13632458571232,0.13921542722014343,1
6232,39,3554.6609844636187,18.287491980346438,,2,0,10590.093840413982,0.5309953492497944,2199.9489214342625,2.9792134571201525,0.20773648983532175,1
624,31,5082.937654538812,8.0671072266296,7.524725516852701,4,2,9509.986648008657,0.40199286205250573,2923.9359484986103,1.8709626783473743,0.30745952194484605,0
3908,61,5064.710106960091,35.586085261750284,30.0,1,1,18746.844924833033,0.47519304370869025,7482.694017118313,3.7014645515585385,0.3991441785068779,0
3238,38,,18.742626983196786,18.98699590915331,3,2,3355.0823735540444,0.1179444622214478,981.2725831608996,2.1391741220991496,0.2924734697710077,0
2272,42,1438.5097757533174,19.908184717989215,,2,4,3593.4955661539784,0.30669952591288646,415.83666943536366,2.498068227775609,0.11571926604056519,1
6123,54,3367.5470269237667,,,4,5,11645.512743357021,0.28585241027786357,1478.193916164708,3.458158906245513,0.12693248882561378,0
3753,39,6144.871029524507,15.71650282068747,17.75967188401581,3,3,20224.669224238816,,2172.443839378514,3.291308983876885,0.10741554362604301,1
756,37,1726.010493523955,,20.010166136954798,3,4,4270.85091923299,0.05338701998434027,,2.4744061147121386,0.06383060751848602,0
5707,33,3683.0508129161776,9.571758488681214,11.527189817544325,4,1,10420.871662214446,0.13512271165469092,1462.784298037062,2.829412949088089,0.1403706278565011,1
1480,38,4850.209782683923,18.439661416503373,22.73294647155216,5,3,13437.367748938279,0.24771249729794245,1498.9374771642383,2.770471454020809,0.11154993337758976,0
3771,61,2190.35708287583,40.0,30.0,4,3,6931.468533898921,0.38033551434238017,2754.643340705211,3.164538142245851,0.39741121628604376,0
2641,40,1830.723305278354,17.32650258037098,16.026788962469258,6,0,4344.513956377679,0.4275261035096966,1108.7084844862388,2.373113372103554,0.25519735823582107,0
3334,64,12374.531066568135,40.0,30.0,2,4,20223.499105003833,0.2736323534821025,13072.3244295563,1.6342840788238835,0.6463928107437085,0
6995,62,3649.4648955563976,40.0,30.0,4,0,13696.682395377115,0.31237165337723616,2195.994722516575,3.7530659390789722,0.16033041134528783,0
7656,27,2254.687202663038,1.6826542886463907,1.0,5,0,3190.4432753501073,0.35781884480638854,1077.7707397761899,1.4150270031168122,0.33781222443389763,0
5018,26,2258.9277803225286,5.47401731534094,7.1947916729330785,0,1,3920.67896260307,0.11588109951694779,1530.1189770050903,1.7356371446471286,0.3902688773041476,0
5706,63,1834.1706770160345,39.9479732010834,30.0,2,3,6620.1098310464595,0.554518835191788,1779.3712661391644,3.609320503267748,0.2687827410044486,1
4562,58,2707.9610658209617,40.0,30.0,3,2,5805.9390572377215,0.2955158587789183,1724.9033794858242,2.144026046208149,0.29709291855820436,0
3006,39,1132.5965851931574,,16.114980078788918,2,3,2769.9941115641436,0.6254158646397889,1329.3529056201178,2.445702333714646,0.479911816444067,0
764,40,943.5630282226872,18.886850216355406,22.728068402971594,3,1,1899.3855348131456,0.14215673038107707,389.67676714171785,2.012992749822832,0.20515938444274442,0
3977,42,1780.4441354410117,17.847521026085285,23.55045379459372,3,1,5068.922772398857,0.0562322493535844,334.55026780423447,2.8469990557402673,0.0660002692536405,0
5636,52,2970.31596971751,29.49524321466319,30.0,2,1,5238.056368162853,0.6672580722003727,2202.4683483994254,1.7634677325796468,0.42047435033080766,0
1971,34,2904.1134072753853,13.176129753698078,20.15197056816786,7,5,5962.776443803599,0.5401040575381706,2878.274226209418,2.053217491047578,0.4827070498677616,0
2718,61,4487.886178250102,40.0,,3,1,14735.773321020235,0.45319548247472313,4853.837446880596,3.283455224964272,0.32939143003487376,1
7112,27,2976.209789659765,3.447374959619605,6.294223945898073,1,1,7950.094167466086,,3015.780069974109,2.67121430588901,0.379338911772327,1
3898,47,1098.1236871500053,23.399309953552113,26.507354949688462,1,2,3418.088204349611,0.030497601516415136,1389.9972923761136,3.112662302386612,0.40665928123425954,0
7956,39,1267.5226009236687,19.006751517584156,23.552176742079478,4,1,1554.9430592297658,0.060973577722136775,1181.940534640855,1.226757659466307,0.7601182098760093,0
1024,25,2800.6646257293883,3.4792582378684056,4.68342940064144,1,0,8827.838192005003,0.3294542915221416,334.38125966887975,3.1520511634647916,0.037878045835923295,1
2829,35,,14.428896137080239,17.42171100412761,3,2,9398.58261214672,0.11479000739566238,4200.211634133778,3.1549441796912805,0.44689841090564314,0
752,44,1210.0951272577815,23.55045110417047,24.8340701030764,1,3,3614.9163834719843,0.17832565492532806,377.159398753545,2.9872993470057283,0.104334197183089,0
351,46,3095.6157744957163,24.250531649702918,20.172829982328047,1,1,10312.486178203011,0.42447717987718414,,3.3313198179069694,0.23216902066466827,0
6989,25,3517.2135967924196,0.0,1.0,9,0,7060.246867003707,0.2734020497208187,,2.007340945526429,0.27182643566625886,0
1313,22,3599.728994675968,0.12231507457912562,,3,1,6111.662586771251,0.18252385217043401,4292.062769840418,1.6978118618958415,0.7022741699011046,0
6589,38,2914.970561405857,13.834708729367478,17.21526432143709,8,0,9120.51169903814,0.46774055839953926,2018.380097424315,3.128852078231425,0.22130119055021616,1
3742,48,9445.472464231598,21.978956576237305,21.72019083224655,5,1,21594.02066350082,0.605164408579906,4985.955995354349,2.2861768688939295,0.23089521275590122,0
7508,57,4392.32910632004,33.409141796635986,30.0,2,5,6102.409151878536,0.16020688574280437,1094.0594503489456,1.3893333136394297,0.17928320162081487,0
5532,36,5251.397389336957,12.518144941883927,15.863091525609745,2,2,8772.02351503202,0.31095072428169473,5539.630677000493,1.670417008022236,0.6315111521882727,0
3065,64,1857.0315952115711,40.0,30.0,2,3,5271.519838814691,0.27378101114865316,1333.9496846834506,2.838680748570736,0.2530484045343916,0
561,55,2092.0549059068717,,30.0,1,0,7736.212208995391,0.23541631402277574,2608.393427433565,3.697901134024907,0.33716673702417554,0
2464,37,12494.170913310383,21.56041948097414,22.69317926210357,1,1,36564.25098112563,0.23246776260220753,4189.618411237127,2.9265047864978966,0.11458236662361268,0
4271,23,3219.2474724301906,0.0,3.2209690611477386,2,1,7923.422506021802,0.14483771367327605,3180.550928738517,2.4612654273641343,0.40141124953532364,0
4320,49,3159.964611184562,25.138151927891904,29.056788619845573,3,0,9174.676384257147,0.056007710726455176,4109.7888971897255,2.903411117891563,0.44794919461592386,0
6902,62,1855.0323476679248,36.86477416163843,30.0,4,0,6674.577321143853,0.04644106613110677,2526.8976921519516,3.598092146228541,0.37858542504964277,0
4816,48,4282.018280482534,26.150713065578312,29.65701039413408,2,1,6656.569529708526,0.37311029024238174,1080.4371215487126,1.5545401942932406,0.16231140029810853,0
7691,21,2161.4931323537076,0.0,4.5227387088367,2,3,4352.499441078332,0.1778242864602154,2832.4466504356105,2.013654068999414,0.6507632427711172,0
1047,25,3399.6825661602566,4.460774841635638,7.576346059116774,0,0,8843.46150899842,0.31835168237689826,3649.183532965543,2.601260952132538,0.4126419874448955,0
3103,44,2129.397678765333,23.670731981644913,25.917849003164726,2,1,2994.434251800372,0.23849468687430767,1402.7780404972984,1.4062353320196181,0.468461793627258,0
1385,37,2153.2329546665683,17.71421786392295,20.256196705660173,2,1,3004.1777425360197,0.3051490652783705,440.9922603308976,1.3951940202407043,0.1467929989916734,0
414,32,1998.0321450704203,11.08272726178079,9.40744865691893,6,0,3688.048551193433,0.1698763336211283,432.2222010766235,1.8458404487098221,0.11719536635079239,0
4002,30,,7.9343511047448105,11.615116799336157,1,1,1943.653382802444,0.32619663347302846,803.5388672689853,1.6026478941550826,0.41341675135018574,0
2570,42,2140.942054966569,17.119273794787503,19.109760527665827,2,3,3181.466841395309,0.13629318517023722,1451.9284367606497,1.4860125868492915,0.45637075888047646,0
2002,21,1554.740396568521,1.7250681660266651,1.5936146954110355,6,0,2810.967556649425,0.0822684599058268,1786.855170511117,1.8079980187390337,0.635672641003721,0
5944,36,2603.846500356532,15.123935500742133,18.458018315180404,2,0,8911.125198537666,0.05908096954486039,1230.0901582438241,3.4222928261391403,0.13803982447084062,0
3114,38,2031.9232800334532,19.881986437821915,,2,0,2308.1606931339234,0.7752284493958348,,1.1359487416748935,0.992241588134443,0
7469,55,,39.93030263704496,30.0,7,3,5269.18916194104,0.22720651410700998,,1.4042863649642001,0.201648905207195,0
2662,32,8163.259275523134,10.278543456358605,,3,3,30677.258995641016,,5064.498630849723,3.7579670031581953,0.16508967217603587,0
4139,28,1430.7573432078386,2.2097876666397296,8.772208360622626,5,1,1886.104367882551,0.2948033606778675,1036.9160989308173,1.318255941048535,0.5497660238679786,0
6436,57,4269.030861044504,32.76127397364368,30.0,4,0,14735.280606977329,0.11881826581813912,,3.4516687947699793,0.15645311735434575,0
6951,44,3613.581088969184,21.16197744833409,24.431383959798747,4,4,7781.474981631615,0.11977603703647031,546.5512729234058,2.153397084511357,0.07023749022049869,0
2996,26,2188.1294198219666,2.5368002760507684,5.063765297304689,1,0,4696.480216610615,0.7674733977940075,1046.4853699723735,2.146344806694631,0.22282333187972153,1
842,59,2784.3823370316145,35.74074015519598,30.0,3,1,3363.295761350673,0.2308582323607259,4081.3154642399245,1.2079144866779425,1.2134869347918724,0
1146,36,3077.5692753169565,8.80704166065917,11.180289348834162,3,1,11542.858104416524,0.23316734264637565,,3.7506411949826,0.13790215496748043,0
1832,56,4521.742999921245,,30.0,6,1,11943.34768114628,0.21119390453040368,,2.6413150153280043,0.42468157358060005,0
2447,44,,15.12970941503457,18.15007373056517,4,0,2704.52886576761,0.028550269244212393,1205.4753138940957,1.6774696009281325,0.44572469872750015,0
6515,36,3149.0407781163344,,12.922357175914946,4,2,10324.959053367902,0.18078736953410268,2040.7613135166866,3.278763211044855,0.19765321130750732,1
1253,31,4102.822616764904,14.21851378961419,,5,0,8330.326955423969,0.07634275314072418,1038.511955371453,2.0303892547985596,0.12466640996548957,0
5395,34,2012.0489635760405,9.132294769747723,11.985194977107621,4,2,4788.54698815023,0.1311713949854022,617.3197921732302,2.379935615304055,0.1289158890370824,1
4464,23,4459.369358370166,2.0199806465955543,1.9619389498459272,5,1,5319.064485748764,0.16883107996387878,3392.7067543399608,1.192784014574833,0.6378389965810632,0
6341,44,2130.6187726632766,25.486088806680858,26.231176400131137,4,1,7485.003423778293,0.29564897133017914,2007.807201653209,3.513065556266562,0.26824399241753516,0
6492,34,4957.793463551047,10.159533970595579,11.263705979377262,2,2,15122.598326563018,0.3820419085554009,,3.0502679140916396,0.46635636952248877,0
5889,24,5259.577683080393,2.901091828446767,2.1681337536582004,3,0,15766.955765572671,0.31396175854686714,6498.953881738261,2.9977607929042676,0.4121882485348758,0
5670,37,3521.005951747187,11.60227385073301,11.30792739334912,1,1,6546.048036186865,0.5382367539656512,2782.2780621574198,1.8591414288688144,0.4250317209370989,0
378,52,3294.9998187442698,27.69391579359507,30.0,3,2,9857.80632167178,0.4338914261816469,,2.991747151424308,0.449626550420075,0
5813,63,2048.7541351384098,40.0,,1,2,6574.831824898615,0.2462783803784917,2314.2074479772627,3.209185383513299,0.3519797174451604,0
6827,21,,0.0,1.0,3,2,2161.5133209917667,0.4893895909732942,1227.6394187854019,1.9052860242669207,0.5679536678599437,1
6648,60,1348.4175056044362,37.66938874876087,,3,0,2937.829764939534,0.25589887202851114,395.7799717885306,2.1787241360550524,0.1347184838658194,0
4294,56,3109.9746868677285,32.62753968659251,30.0,4,1,6490.844085043332,0.08375097696044995,3826.3708434867253,2.087105117752811,0.5895028124776134,0
4860,64,3832.09241271269,40.0,30.0,1,0,12225.117262276892,0.321949442127734,4256.027432978105,3.190193749430715,0.3481379639695524,0
1731,53,3251.27490201222,33.66258975717383,30.0,3,1,10441.954992114615,0.414383103094865,3482.779917298074,3.211649370421452,0.33353715084274377,0
4463,35,,9.832231656389462,12.492048511085834,7,3,5168.096316907309,0.15720140661224102,1519.378853814273,3.62936724844403,0.2939919770542317,1
2024,28,3022.6936998829333,9.157016126647491,13.160826444310754,4,3,5636.890079605865,0.07157319098851382,1127.3715379630867,1.8648565284084782,0.19999885079219307,0
3044,61,1772.8683601348223,,30.0,3,2,2581.645304057291,0.4813835060995659,1183.8528420167968,1.456196840165258,0.4585652568756305,0
3859,63,6436.911317813245,40.0,30.0,2,3,24181.45720001547,0.23516699184782136,3840.14482232609,3.7566863991269686,0.15880535199192353,0
5993,53,2235.0791991129713,31.067112755318817,29.434655208870158,4,2,8722.495637822074,0.1196456232344882,1678.1087327985051,3.9025443220462805,0.19238860097813856,0
4370,57,2908.5777141075832,34.6260285807854,30.0,0,0,8529.662793064914,0.024578887621689197,2341.0566093425728,2.9325889254026705,0.27446062829658174,0
5219,64,6676.690205648415,40.0,30.0,5,2,7716.071948291624,0.5716912592403234,6652.4986724714945,1.1556732019352796,0.8621613065627765,0
3768,46,2407.268714993767,24.774625628180598,27.097300671578388,5,1,6253.997162639554,0.382719501978176,2231.5370407538535,2.59796387652375,0.35681772516379173,1
2753,24,1545.2932195697192,0.0,2.839341269672409,3,1,5203.1019366479895,0.06868554064601481,1445.670906758121,3.3670644967281826,0.2778478923458244,0
5389,49,2077.522698016542,25.168125115388726,25.362267127852462,5,2,4703.605725036903,0.14378844146270972,2544.3841542618006,2.264045408277629,0.5409433322011356,0
4288,38,3114.986153649897,16.273272359453777,18.39243060611411,1,1,7331.023803358003,0.18442851181815978,,2.3534691461687824,0.13024906420480611,0
6334,56,,32.77877357986826,30.0,3,2,3853.0031594287484,0.42240739346794376,2605.6541268296064,1.8116897053964556,0.6762657643955642,0
3455,55,2081.5011679696577,32.12557914703088,30.0,0,0,4092.473619703013,0.11037185969360148,3117.1896398249746,1.9661164176501051,0.7616883893441411,0
1454,59,2516.2348710342035,38.7026722312342,30.0,4,0,9170.564923923796,0.20562047859931096,353.6235240709158,3.6445583953594047,0.038560713217175656,1
3149,59,2038.64868530124,40.0,30.0,3,2,7469.016572665685,0.2794618943788379,1856.311899816535,3.663709508419804,0.24853498204972105,0
3298,47,2542.380748733797,22.53383831379667,26.210349270936067,6,0,6276.047308150114,0.2589624224718628,849.3509073530105,2.468570968874676,0.13533213910768935,0
4701,21,1777.7700868362388,0.0,6.222515568449844,7,2,6927.988075527388,0.15489008665382623,2255.761291027832,3.8970101515526103,0.3256012086678013,1
3406,52,3388.0950082648033,,25.367444314747946,1,2,9517.286371577306,0.3306781514727723,3605.3625963512213,2.8090376298070634,0.3788225399120466,0
1175,23,1521.7047719308155,0.0,4.877461828822444,6,1,5949.956510566983,0.12199329075663899,1681.7809682445982,3.910059704299526,0.28265432953296293,1
4074,26,3118.592601977916,5.507212270851476,8.346828112753553,4,2,11415.831157954177,0.36241656785774556,4263.806809911801,3.660571486866824,0.3734994632380245,1
1438,50,2227.7951095218255,28.39727512801821,,0,4,2907.726245647622,0.4823471532628146,1912.1346992051556,1.305203621832053,0.6576047872688497,0
2210,28,5651.265325159644,0.0,1.0,4,0,8661.710639100433,0.28634930689380994,4572.487113416903,1.5327028799264075,0.5278965442202513,0
1995,54,4864.534293401487,33.437518934669264,30.0,7,0,14758.613743606136,0.10959107404859343,5081.60609499533,3.033921204672255,0.34431459371967305,0
3833,28,3118.2608940742193,10.042736243286493,,3,3,9493.55680191056,0.17693380646213341,1955.008548704373,3.0445036911284813,0.20593004176379198,0
4466,50,2800.0209088880742,26.5017275628042,28.788091243982972,3,2,8078.405739473724,0.4313796007499606,2177.2891845213944,2.885123362411521,0.269519662014802,0
6660,57,3010.9201090064603,38.781109103026,30.0,2,0,10640.851922732309,0.2640212494080786,3699.6281588427746,3.5340864378641927,0.34768157528244237,0
547,25,2428.3944806201316,,3.4541773914900653,2,1,8474.54650548327,0.1266678470290689,871.5832854224313,3.4897734174223416,0.10284718891547677,1
5970,34,1659.9221783705218,15.504812758351969,14.466500101602628,3,1,3622.473556746223,0.4707795137645953,694.6812806124399,2.182315294023156,0.19176986932553794,0
3357,48,3282.992991546009,23.752475755581365,26.031594344912154,2,1,7381.735938804986,0.3051796089662875,,2.2484775196942532,0.2099225931628838,0
3185,57,3592.336949012402,36.972914835685614,30.0,4,1,14318.467498814576,0.4009816640250632,1409.5583990808743,3.985836435179328,0.09844338433547944,0
1561,59,3146.6316822187637,37.85377152907961,30.0,3,3,3988.848905382243,0.46210809275951964,1573.7449733324045,1.2676567543391708,0.3945361207362142,0
172,61,3507.8429480176383,40.0,30.0,4,0,8934.884403286238,0.12680941205922974,3464.262558902716,2.5471164290110377,0.38772326563380777,0
4937,33,3664.8339856391844,13.425737193171726,16.252007187230802,6,2,10484.371755953907,0.15346085277381388,4531.077376348868,2.8608040083227197,0.4321744289328296,0
3614,61,3885.922505091505,34.70902900280836,30.0,5,2,9726.11189934887,0.15478548418295782,4474.600856378866,2.502909382934244,0.46006059797424553,0
3519,34,6917.988118799276,9.971073436529508,13.797235315521185,2,0,13067.068187420273,0.45007378876741105,,1.8888538059079907,0.59137868385085,0
5011,41,2545.204778723693,14.648579771634365,20.519494605290696,5,3,7865.7851167105455,0.1239146087721677,3420.938810669582,3.0904331087476926,0.43491384012028683,0
1593,57,2422.505073787759,37.508518779402934,30.0,5,3,6062.660724959013,,2484.1804042685544,2.502641084453793,0.40975085312651216,1
5436,35,1882.3810127437469,11.203185085007803,12.038812884259821,3,2,4719.937474819212,0.3242971675393556,2674.204732460595,2.507429390152773,0.5665763046073031,1
1882,36,2034.2758607707317,16.33875273848911,,3,2,8001.4409879166715,0.27123022074487313,899.276932634674,3.93331167233393,0.11238937261334699,0
7989,46,2307.0783341539186,28.662734539285363,27.32679077378986,4,2,6430.483534895217,0.49276585388028005,2517.181556786389,2.7872844366394203,0.391445144541126,1
7862,23,700.9902457582403,0.0,1.0,6,2,2221.195709085304,0.08889113217815534,868.998373042366,3.1686542323890716,0.3912299890945776,0
4800,33,5510.727053102687,9.609276659700177,11.767738850566056,6,1,14014.084296657024,0.014921436454939752,2190.0745450547024,2.5430554192965733,0.15627667842537038,0
6637,37,1138.1949203742854,15.12065132602667,16.072267898534108,7,1,1540.7850746385873,0.14215238375788447,725.5658642595099,1.3537093225929295,0.4709066022265964,0
5294,37,1999.9049578132785,15.033796240786089,20.133133884294793,2,1,6048.0892727662385,0.36064268139464417,2477.0056759659697,3.0241883491199983,0.4095517715189167,0
6647,50,1675.1539079084175,27.631270799444696,29.41275445639396,3,1,1722.9038964248205,0.5117302703473329,2126.1437155823714,1.0285048366546947,1.234046611650429,0
7273,25,6211.3295932826495,2.4799760242581015,4.135526353094193,2,1,14969.571828824197,0.25808108436356375,8264.188917914526,2.4100430679146863,0.5520658180751484,0
1038,32,2865.6837420255833,6.984611795306408,9.382457549116115,2,2,7018.171209051031,0.6372186306832331,4207.123331656226,2.449038987145978,0.5994614845289726,0
323,26,1153.3134711580208,3.558405980477237,7.7689997351883555,2,0,4075.1020272195724,0.27177651357575217,831.8037362697786,3.533386307477912,0.2041185056751365,0
4081,63,2228.2133607315664,40.0,30.0,4,0,2622.686531995288,0.37269610282532245,2044.7084898524643,1.1770356368091288,0.7796236663848998,0
4951,50,,26.556780529430974,26.17046103321332,2,0,13284.15895166796,0.27080032944578747,4780.546973840047,2.831110616635412,0.35986824542172474,0
4767,62,2896.9102251278746,39.026928452208885,30.0,3,1,4724.145105388067,0.3217950977842623,980.1851106733727,1.630753022448093,0.20748412438801558,0
893,22,1471.5879212859325,4.585903247488595,5.5501196425397525,4,2,3872.9625465291015,0.303811858989974,1753.6688027987723,2.631825452294248,0.4527977695964004,1
2317,61,2644.149924786697,35.65155493775033,30.0,3,1,6438.705791005056,,3356.8444526422645,2.4350759125447343,0.5213539120442207,0
5100,58,2921.1844927316906,38.623218568471174,30.0,2,1,6802.362749681706,0.4757520818167904,4041.1439212075848,2.328631678898379,0.5940794500259011,0
324,55,6419.516517417385,33.78963969108579,,3,0,15064.895306143386,0.688408451542924,3547.611058555231,2.3467336309937705,0.2354885969309414,1
1215,22,7581.201960724946,0.43789052525307615,3.754595210141977,3,1,17489.026913206828,0.3011039061425173,3443.3628539708525,2.3068936830611033,0.1968870464354194,0
7205,56,2041.7784037601223,37.07807321034698,30.0,6,1,4592.765479302209,0.4143246418433931,1474.190366501276,2.2493946800711626,0.3209809804451965,0
3997,41,1783.1477858986505,,20.756374290330417,3,2,5992.439600455149,0.4089804463820693,1079.8746527861836,3.3605961591316715,0.18020618058531002,1
4539,33,2420.390881864703,9.741168121201063,10.9036325664153,0,2,6333.5945830599285,0.5792020512491554,1938.176892800204,2.616765180581262,0.3060153073239208,0
7281,44,4841.008176277392,18.38676342238388,,2,2,15176.890362170543,0.08933461584495284,1512.9086813684337,3.135068111750469,0.09968502409027505,0
7814,53,3170.097897880393,35.407116146889884,30.0,5,1,4959.314446956059,0.19491944888761584,2912.7494514096197,1.564404194038292,0.5873290517396844,0
1129,61,3411.9628633971884,40.0,30.0,4,0,5952.627420432947,0.34898625487143,4005.7980789907274,1.7446342937349837,0.672946212833757,0
5216,56,1600.9821200365195,36.240079972266074,30.0,3,0,4346.928415703328,0.48874997856518176,816.8786558232288,2.715163624440835,0.18792088981089392,0
5955,61,2416.343306984546,34.103106235968994,30.0,4,2,3862.4424441512565,0.14982585400247242,1592.0024918755685,1.5984659270008106,0.4121750718347337,0
7051,61,1914.4263751439894,38.62721568763713,30.0,3,0,7090.403888330182,0.08427948888377532,878.8509144215863,3.703670185695646,0.12394934453142402,0
664,33,4237.992009909891,8.555681670228205,12.893214599981452,1,2,13866.151272484029,0.19730682853908002,435.1804354261518,3.2718681960844127,0.03138437096743083,0
3328,62,2853.221065788077,36.840420716011096,30.0,4,3,8084.413257812189,0.10676910372731652,909.4939605601019,2.8334338880184964,0.11249968693537939,0
6797,57,2586.6307295555844,33.47007738627563,30.0,1,1,4613.357167756701,0.21072017314288663,1293.8211461750277,1.7835391480674683,0.28045111165848957,0
208,26,3122.1935257033306,6.307067037351211,10.446852799053474,3,2,9973.990026770178,0.3348116267343166,2302.9454118519084,3.194545739929224,0.23089509871884828,0
7064,24,,0.0,1.0,4,3,5856.040290426697,0.6261808617247641,2957.847661753863,2.432207245195985,0.5050934616329871,0
747,35,3907.5064408562544,11.42775127254891,13.811564783698735,8,1,9066.84512707212,0.03601888796642739,,2.320366009450594,0.28998683523517566,1
1739,61,4286.780249245076,40.0,30.0,3,1,4971.576959873533,0.2659753358759808,1827.3508643435437,1.1597461663095636,0.3675596051499176,0
798,26,2748.9766387089094,5.968382788488274,7.596260991084238,2,2,6021.06931828297,0.5027906195654104,2115.8652460083936,2.190294829537307,0.35141021206707773,1
88,27,2222.4747902480117,3.2147529603212384,10.95553239361497,1,1,8419.037619506908,0.23098829436648563,1924.8354328425064,3.7881363858203336,0.228628914590269,0
734,35,3015.981756430249,16.893339920969453,13.12837745044612,7,1,9061.180822704782,0.2995459015373456,796.552093063471,3.0043884726377463,0.08790819967608797,1
5733,28,2621.7569026608676,2.4381674821713695,2.1285184723687247,3,1,9156.53412858012,0.45915754332308845,878.5911742626655,3.492518364035579,0.09595237258171027,1
3649,56,883.343089940577,34.460332150831455,30.0,6,1,1672.1033802299596,0.18900805019356415,601.1278094682243,1.8929263151222964,0.3595039736033264,1
2689,30,1320.961795228317,9.398641792131546,13.691007918417249,4,0,3420.253495124199,0.02643665463355811,203.08521753710528,2.589214546158042,0.0593772414315538,1
1174,21,4010.4708415622968,0.0,1.0,2,0,12500.6576449816,0.5703244551408929,2840.4344308062164,3.117004994882824,0.22722279990977204,1
3142,29,2401.1706461436706,5.139486173344979,7.293891208306946,6,0,7887.800561004096,0.38868695613888804,2011.351492169157,3.284981254319457,0.2549952266938551,0
5187,26,4193.781830931744,7.905154098918063,9.351538919597914,2,2,15327.855796645792,0.46834772826921633,1208.9118077774037,3.654900615857826,0.07887024929096416,1
1153,48,3466.1074044285933,20.275662825052073,24.101936122905055,2,2,9550.158275800606,,638.1259413964898,2.75529784899294,0.06681836289702692,0
198,43,1554.459798498218,20.033844209115866,22.381003611085927,4,0,5322.232297972086,0.21137396102239087,2290.571532379602,3.4238468586411543,0.43037797002065686,0
7866,38,3898.924323468646,21.378989262213363,22.654564399791923,2,1,8614.982461955442,0.22281692942243778,2331.6790079293573,2.20957929603804,0.27065394714687663,0
7450,46,3477.0397054461523,23.638286511018325,20.84935402879801,1,2,5105.988857101484,0.13796933601530126,4081.733779461011,1.4684873598377028,0.7994012313176273,0
1097,30,,3.3662578496434286,2.593849197960155,2,2,11220.267339705113,0.3317573686499318,2991.441568165419,3.9936811396160654,0.26661054301082626,1
548,55,2952.3818997826647,34.76432123499253,30.0,3,1,9360.136135672697,0.3079196500883544,1900.1437546049967,3.170367673762575,0.20300385881817481,0
7925,26,4114.7324506273035,2.8794079467722633,5.544612405097843,4,0,11479.76598104467,0.28705713028179203,5732.561627777571,2.789917963996552,0.49936223763125026,0
6887,30,1621.4587677187567,7.784292973093963,9.571737772599192,2,0,1905.2035367710112,,605.9052014143878,1.1749935149146329,0.3180264941357876,0
6720,27,2059.5070100141147,,13.226567453694608,6,2,2093.210330470301,,1764.5089966421215,1.0163647515120404,0.8429678427230354,0
4921,40,2165.457163695728,22.640273505597875,24.34726590758192,2,1,5165.177966687108,0.18784885073166765,,2.3852598210125,0.2125031853639936,0
1321,60,7086.69884600334,34.661460889838395,30.0,1,2,15003.130733805518,0.20702849480531277,4698.121252989519,2.117083152512792,0.313142725764801,0
4157,23,3483.017591094896,3.7510046478246473,5.114575936503146,5,1,12637.4994528147,,541.7494308041814,3.6283191578260356,0.042868403898013205,0
6862,32,2110.902772892724,8.276299515564235,11.480849672168393,2,2,8038.208733282695,0.12908317416796783,1529.9576303925735,3.8079483510589887,0.19033564332034453,1
2650,36,3744.5429867590296,12.423072746299386,15.346164843811785,0,1,10605.505556619331,0.08929283990661409,1789.6256064890918,2.83225632450239,0.1687449595811218,0
5345,41,2032.7741290013296,18.55176908520645,17.959333927920554,1,4,7141.087876982677,0.20590378180132593,2146.9798437659056,3.5129765649324662,0.3006516487055287,0
4883,28,2328.5509064660723,4.78705606942075,7.48100018838244,4,1,3688.4410866800613,0.5559432886176313,2096.6303263598056,1.5840070648392341,0.5684326459574733,0
5234,24,1422.9340145962224,2.586350040315339,7.414805840063868,2,0,3352.0954283607393,0.31434128258009086,390.57075822131156,2.3557630880810336,0.11651540553316249,0
6586,23,4464.288198396254,0.0,4.807154617318713,3,0,7296.606049283655,0.421328211659798,2173.8826725987697,1.6344388455711438,0.2979306622716997,0
7787,56,3782.984748854426,39.14409812844575,30.0,3,0,14966.1649457891,0.49845062816687813,3008.9869695345888,3.9561790330561593,0.20105263976668927,0
5169,28,1281.2744533642556,4.322844862703924,6.16520151570705,2,1,3423.234298710676,0.6140422027251256,1404.7623838867144,2.6717416317185236,0.4103611559441908,1
7300,35,3895.6572799984365,10.668342768796137,14.037125182994702,5,3,5343.090171323334,0.27839132347887524,2961.3868735992487,1.3715503668036935,0.5542460970419663,0
6727,27,2854.6841505113407,2.49924100568992,7.031698983481228,1,3,8405.310885051713,0.3401656928127157,3137.860371511338,2.9443925989311723,0.37331877600051827,0
2268,24,1335.91469270003,4.019591102849656,6.993101680203162,0,0,4803.101755418848,0.22405448684931423,1892.1630661684608,3.5953656185270733,0.3939460712098649,0
1671,36,4547.721450319754,15.721231881563693,18.524781789103223,2,0,6987.343192464678,0.28150489980249593,2495.7308239563245,1.536449245802729,0.35717879531776564,0
937,22,1128.8836308484838,0.0,1.8516866174357578,5,3,4373.975530931871,0.5625359219690906,824.5229910877206,3.8746026706440353,0.1885065394757837,1
7038,25,2082.699780656821,5.709601261395538,9.22952486712043,4,2,7483.061432511971,0.11430063716078286,2482.7984640025056,3.592962126376197,0.3317891328828849,1
2670,53,1723.508904444131,,30.0,3,0,6604.404556286844,0.32292899525024765,200.53970266415485,3.8319526747190826,0.030364539445612508,1
2778,57,2350.5218208866154,34.24154205401648,30.0,2,4,5717.654404403604,0.21093735949477493,3182.348730581506,2.432504286323497,0.5565829106653483,0
3164,32,3673.2373067900485,8.591380424886088,13.01978061961023,2,4,9755.922982255217,0.2236200263289506,984.9870141510178,2.6559468303943254,0.10096297561415603,0
4692,61,776.302972048591,39.85497078645427,30.0,7,1,1760.9963263042068,0.4410097474185482,463.67344253836046,2.268439500697907,0.26330176594488947,0
5044,32,3026.435477439575,9.920735847154505,13.452941795849158,0,0,7302.572933529202,0.29386341680326317,2206.7352118759823,2.412928670697227,0.30218598731741897,0
4771,31,7560.633567714566,7.031116445741009,4.264501448413425,3,3,12424.189715122624,0.5528258451804848,1894.4453804892225,1.643273623017048,0.1524803970260788,0
4376,60,9425.994688400171,40.0,30.0,0,0,12842.66501387664,0.2629637768523699,11791.7918057632,1.362473185952576,0.9181732757976666,0
4766,37,2832.0665925725384,12.278428128606011,15.316029156536668,2,1,9579.790973743013,0.26876280833950456,1709.7691438751583,3.38261501296165,0.17847666494617867,1
4301,42,2161.6405463354718,23.39736889003148,26.75335068409078,1,2,3132.1130776122423,0.25323061304777467,2950.9702460086623,1.4489518541470585,0.9421659349088145,0
4999,41,5142.745771773675,12.919226962772376,13.957599250961772,5,2,10059.190393284825,0.08293797374097002,3648.8107737774303,1.955996045632939,0.3627340403272666,0
3528,28,1613.8352434713584,7.918675696504033,9.40478510483302,3,2,5469.936845235807,0.31832378354793645,1726.5348212716315,3.3894022747142247,0.31564072312377883,1
6803,37,2006.4525908478154,10.76722198363431,10.372179339293567,0,2,7175.985173832593,0.12854915124387242,1169.4543991715498,3.57645389009686,0.16296778363422407,1
620,52,2130.4238456326034,29.210348956801205,29.88883678397152,5,3,4232.150213268952,0.38164450656086946,1929.1896389934395,1.9865296860739308,0.4558414852442857,0
1452,63,3861.0318538526885,,30.0,3,1,11197.539332631186,0.37444697430942475,4096.545674915808,2.900141660695662,0.36584338337422984,0
7528,54,1707.3185266825026,27.831358404359015,28.685489167987168,1,4,5236.680038763844,0.2993213627100647,226.9309653101634,3.0671956971844367,0.043334892265774576,1
4112,34,1458.8789163006143,17.56049242185263,18.816190991269266,2,4,3373.4420893394613,0.43110621860007836,1051.8545900728475,2.3123523492228846,0.3118045492456657,0
4857,36,2022.7026684185082,13.8948687967407,17.944139061987734,1,0,6483.697792227776,0.3130803743301042,2331.438710448072,3.2054626186344968,0.3595847285237207,0
478,21,2316.432450599803,0.1726239713943145,2.5626799747918105,1,2,5754.1147733306625,0.38729799096198103,1496.1464306788548,2.4840416873976734,0.2600133104075778,1
1352,45,3896.371186573341,27.040011429187203,29.056518171612264,3,0,15367.465381375718,0.17644583888015528,863.4556010273486,3.9440455350689048,0.056187248814225134,0
4500,22,2934.1177619893056,5.777206261375798,6.443687607804057,3,1,11192.41615472012,0.5750394979210582,640.0041513025621,3.8145763267292185,0.05718194735215028,0
1894,32,1632.108901106468,10.437093346201666,14.187602243976341,3,5,5877.93767524465,0.1657658358188842,1217.290295517251,3.601437178156295,0.20709479459844482,1
5748,45,3812.278447071357,,24.553561292530162,5,0,9044.355979066528,0.10543408998251501,3895.593624901894,2.3724279599813918,0.4307209528150351,0
1718,28,1332.9980633928903,6.746205222216615,10.6210846535658,3,1,4908.477708272663,0.05838627482407007,1219.3006972318765,3.6822842006079712,0.2484070968025154,0
3501,61,3338.778931788152,40.0,30.0,3,3,10614.526330768249,0.4103559879577742,4973.399387635167,3.1791641637930845,0.4685465213100288,0
1768,28,3161.0535531946366,9.639225710159948,10.404268034839516,4,2,3692.531172555,0.13459117869031142,3946.7030680736084,1.168133063997995,1.0688340554597775,0
1033,49,2509.806222414211,24.451449506273608,25.449884808899416,2,1,3403.9598636413416,0.1369733640927686,1288.353038562433,1.3562640148238354,0.37848655394668324,0
3413,51,1764.263619144471,32.620731469582694,30.0,2,1,5481.333840670964,0.41536915614885406,2018.1074330974668,3.1068678065973945,0.3681781646144787,0
286,61,2564.205890523856,,30.0,2,2,7775.58278026166,,2490.9339700671953,3.032355088566286,0.320353347197388,0
550,45,3710.77340814577,21.16624364643099,22.116615928405665,3,0,8895.463323959752,0.18396730799028066,5098.844169343024,2.397199275070991,0.5731960195495821,0
7832,37,3005.4191251565317,16.462534806488495,16.58290114646375,3,3,5905.110553045155,0.2835120798346161,2091.677933160594,1.9648209807467696,0.3542148642893662,0
6706,44,2741.5617822574177,22.88658651112559,25.26129970920234,1,3,7777.958905309548,0.655132645447707,1588.3980098535958,2.837054030898086,0.2042178454773387,0
4557,32,3489.979069229664,11.949801198071148,16.975494648127306,1,0,7680.563541195222,0.19932484322056837,1690.1751119086814,2.200747737690741,0.22005873694596925,0
5516,36,,17.358170729196083,17.524050761220966,0,1,11460.196773941696,0.14991784571787312,4916.868111393389,2.491809188984888,0.42903871620890577,0
2842,45,2574.947685198201,18.727697450816702,19.121625151046025,0,2,4273.307612973218,0.11626541042733908,1159.572308108631,1.6595706536244792,0.2713524073456161,0
1783,31,6061.334926057095,10.379944784421303,10.639167649121863,2,4,21359.05050648031,0.4494546467619465,2295.614371182027,3.5238195491656152,0.10747736049809611,0
1425,64,3360.6201751956182,40.0,30.0,3,3,6722.533240928058,0.4326813304191285,4147.785374806011,2.0003847178405834,0.6169973767557602,0
6636,53,4448.7318914056095,30.81119644280275,30.0,1,2,7579.841938678422,0.4304617959427313,5223.973541173808,1.7038208019057572,0.689192938775796,0
2589,25,1452.8757476068124,1.6755334125959491,4.085266919475712,6,0,4077.5824029378277,0.23280915075382774,568.5131367618626,2.806559617816218,0.13942407058463335,1
5194,25,1516.5420426950882,,,4,2,1783.5510756111803,0.24425785425062038,1821.5038091029826,1.1760643789614846,1.021279308459836,0
5012,22,,0.0,1.145202994339686,3,1,2470.2645163144507,0.427023460078294,539.7236027145557,1.282996169437694,0.21848818179188545,0
6918,22,2115.085779746049,0.0,1.0,5,4,5025.853817993497,0.12087811355487775,1763.919592005001,2.3761938480797378,0.35096913994789086,0
5937,28,1880.3017878432643,2.1335428746544816,3.6594953363399654,5,2,2606.210465610912,0.14961245656761998,1512.4605656605565,1.3860596647096082,0.5803294037905057,1
1616,32,2461.4808224407775,5.684739492043682,6.222860767903079,1,1,9574.086704291658,0.4147153907355044,2726.548569234793,3.8895638011910645,0.28478419440390035,0
5912,25,2776.673091698069,1.6948266909812588,2.2361413831794774,4,1,3522.1096192297778,0.459271749697789,3403.922021087852,1.2684639145171528,0.966444088651684,0
6496,42,2055.983547133743,22.928876560131176,22.285698681269604,2,1,7363.223498961769,0.3858837940017978,245.19490031897774,3.581363046035498,0.03329993994526321,0
7133,56,984.0281334923139,33.564197207555125,30.0,4,3,3052.1197264487337,0.26606840243163143,1359.807825495928,3.1016590101105814,0.4455289921008833,0
2481,28,3970.3900000319254,4.332150221341589,6.151557715705303,4,0,13294.910519800853,0.18708728971427435,1638.955206091682,3.3485150123020535,0.12327688882529103,0
2651,24,1547.7550391473771,0.7395291742321854,4.143705913133895,4,2,4690.63336820764,0.4849919093464555,2015.580091318574,3.0306044881569907,0.4297031835785445,1
3105,47,1420.0404666396064,24.39127077315536,27.785712343196096,1,3,5299.860515847682,0.21571112010452198,459.0852705594693,3.732189779344323,0.08662214207085434,0
1784,38,2376.035438770092,15.207037924992072,13.482592585194368,0,3,3299.1669773768344,0.24421465823211264,1444.1383924655013,1.3885175799753995,0.43772819089433745,0
1575,61,3071.9938906357384,,30.0,6,0,4764.437230390084,0.231747651776141,2301.374750319155,1.5509266619681006,0.48303181237015314,0
4886,52,2241.7752107737288,29.901079639043587,30.0,4,3,7397.515597364955,0.13499316954348226,2330.7345168180404,3.299847175494357,0.3150699023396806,0
4639,51,,28.299755531228065,29.302921250286715,5,1,3676.255882246151,0.11693006624808112,731.6363063763695,1.2256032608500531,0.19901669791531157,0
701,23,2868.7382927968943,0.0,4.641280808976024,3,3,11391.490236105315,0.1908497090213359,345.90254285526623,3.9709060476893874,0.03036499489407703,1
4635,50,4510.770350077668,25.9477493135198,25.99180702895006,2,0,11163.067049700014,0.03362288407074757,4629.26187094624,2.474758452180525,0.41469444287451834,0
4842,62,7230.8502779700675,34.85100960859367,30.0,4,1,21262.852600571117,0.6587146743800262,10218.62388227245,2.9405743146627956,0.4805857461476255,0
6215,64,3956.9807263349126,40.0,30.0,2,3,6531.911206107593,0.20507619426253207,2156.781963688066,1.650731114921974,0.33019156195378013,0
4246,61,,37.54250371085356,30.0,4,1,6114.691701690148,0.04951149638017354,1721.7886091214123,1.4813627702232166,0.28158224373691587,0
6960,49,9892.74432982673,25.57729790197586,25.946228920360955,4,2,10676.631896426163,0.2556258377463192,13505.299543334784,1.079238635960297,1.264940074205937,0
2521,29,5094.959223036594,12.540113695983756,10.588690860210894,5,1,15516.192161502302,0.11584840938604239,4486.002710429103,3.045400656269562,0.28911750149366294,0
5174,37,4537.1605097642405,18.894032520256417,22.26288447371011,3,2,9813.026164118091,0.4431646878193068,650.2619014252608,2.1628122132774172,0.06626517554829128,0
2354,51,,28.748961347087594,27.740420031189352,1,0,2389.5891968556,0.14299298567102253,1576.8590704489002,1.4198739624572343,0.6598870937832532,0
4739,49,2830.1269392551667,30.715323096747703,,5,0,10632.249452315313,0.2083145962909082,2726.4438781450435,3.756810093865793,0.256431519065923,1
833,63,5762.507488342364,40.0,30.0,4,2,6317.046111493697,0.23163534453571538,8290.930520106478,1.0962321739751615,1.3124695267019424,0
2225,32,1806.9412247514863,,18.02536384874536,2,1,4839.255613720979,0.6456273121043288,1554.5178088532293,2.6781477711797383,0.3212307703783261,1
5849,64,2131.648910850966,40.0,30.0,1,2,6184.180714474803,0.26123767582519203,2430.4981447501355,2.901125360276165,0.39301861587926573,0
549,32,2740.222775473104,8.199481972360845,11.577932581202012,4,0,8560.341023460633,,3655.4613740093882,3.1239580592065828,0.4270228678964029,0
1020,24,4594.713382485035,0.0,1.4877959861715433,6,3,16260.885302279585,0.41216484268108744,497.4750981887294,3.539042362090699,0.03059335878342302,1
248,50,1560.260963545743,33.17648608653312,30.0,4,1,2624.8315754677856,0.17870907286473645,433.2699689407994,1.6823029203414612,0.16506581717098706,0
2264,31,3022.48258176402,3.6561832347065195,3.643435986059682,5,1,3199.800294350387,0.23333734489933364,1806.9965703848873,1.0586662479566313,0.5647216714041017,0
3707,27,,0.0,1.0,5,0,5359.03141895045,0.1516111661768953,326.1739610302386,2.552085810193258,0.06086434945629014,1
296,23,1997.400188566909,0.7290142442535212,1.0,4,2,5855.972515327947,0.09829274125524831,965.6666295357857,2.9317973177570784,0.16490286233553236,0
2663,50,1990.410305112256,28.61838990469322,29.08153311741433,4,2,4399.5943496472955,0.5549945402935594,496.02762757526546,2.2103956849234487,0.11274394595379703,0
3000,54,1863.2630211024236,34.41556288666679,30.0,2,0,4224.391241852788,0.4276216942240396,793.1549984734452,2.2672007086543116,0.18775604650803437,0
6338,33,2398.896912468588,13.070030485889625,14.069138781984226,1,0,7064.142295944858,0.37574110526862575,2467.2813408094394,2.944746086931886,0.34926835239796516,0
2318,26,2512.6823139549947,6.747605676536885,9.055022507314082,2,1,3712.5549321933086,0.28192362386589725,1046.64801296098,1.4775265904386052,0.28192121923503494,0
7321,59,1657.1777009618836,34.232214659138805,30.0,5,1,2551.4360876524906,0.205908520621159,841.4047646307688,1.539627335180499,0.32977693178468886,0
100,53,2744.1715490001748,34.06629416423785,30.0,2,1,3286.753103942195,0.18698065040873038,537.3858002127618,1.197721441700577,0.16350050740599006,0
4629,36,1441.726995687239,13.086023886267116,12.404984197776828,4,3,2395.227452466015,0.06699894536977752,771.8553920379957,1.66135992433454,0.32224722175897286,0
4773,27,1513.5120004398184,6.425804366344037,8.748044390178883,4,3,1579.8227917856489,0.26397375032993736,692.5201189928567,1.0438125309390087,0.4383530371847036,0
3838,52,4494.5999448296725,33.12137776744178,30.0,6,0,8684.985053220875,0.629134769577933,2741.4785307971492,1.932315480760769,0.3156572537543351,0
2858,30,1309.0376878964016,2.336189175225587,3.1308026541624345,6,1,4168.315958636862,0.6388512778438965,1154.5721024412023,3.1842597025111368,0.27698766453845663,1
2291,27,1017.5336717512506,5.9593836047994735,6.227601390209683,3,2,2448.235352533619,0.20036523232197487,1330.1387280768802,2.406048488125238,0.5433050898069715,0
532,42,3312.6900123305327,18.76453668918777,23.78104596645477,1,1,11551.266744032764,0.30168262904197873,1136.4578674659283,3.486974845529315,0.09838383033211555,0
4693,45,988.0906785479192,25.50252039060384,25.454771440764077,2,1,1927.136504435488,0.2090407702968902,1217.477258986323,1.9503640164560343,0.6317545519916121,0
5049,58,781.9084419572354,35.2443595924033,30.0,0,0,2863.330795013206,0.18399572536049813,,3.661977082439288,0.08064284340657318,0
3370,48,2553.824117192097,24.167063945308787,28.070952578221476,4,3,8851.57401973514,0.12704130552148316,,3.4660076863348572,0.036325518815149796,0
1370,34,3016.8772115331667,12.974993175979641,13.464579634063139,8,0,9389.771155021024,0.4557263355396648,3343.991019027036,3.1124140946555707,0.35613125855989497,0
6626,53,2045.6949104952434,29.89858907790614,30.0,2,1,2091.432993830011,0.1681990035788656,1753.8073841676683,1.022358213387594,0.8385673312707695,0
346,43,2371.0214883881367,19.53877135542344,25.12279808523111,1,3,2543.168649823598,0.18419246041784434,256.32759079915036,1.0726046399320026,0.1007906380164485,0
7618,36,1433.370604196269,,12.219823180816556,3,1,5230.663485781151,0.15997084746923163,491.1748472459221,3.6492052163397974,0.0939029720763177,0
3872,64,4304.468003393883,40.0,30.0,4,1,10650.287868462718,0.5456091326233683,5516.9435733181,2.47424022203567,0.5180088690048174,0
3856,48,,23.090597474333485,27.476256154609423,2,2,5270.700184525695,0.3626112532048506,,3.559739814630741,0.28227139368760135,0
6262,54,1838.1430663054452,31.996879362797554,30.0,2,1,5169.909187950983,0.13996704480180058,490.9473577575424,2.8125717103958525,0.09496247224259699,0
681,31,4321.2477839879175,10.933608018703588,14.547506738467906,5,3,14082.73942667606,0.6120547581181403,611.5248505167716,3.2589520737178437,0.043423714093466646,1
6823,37,2589.3250323206653,15.5257569222447,16.22031173434289,4,2,9540.569031390602,0.2630104508822114,3083.590646329996,3.6845776070221397,0.3232082526927162,0
3358,25,753.7491363843,0.04362963663815833,1.0,2,2,2758.3098602958835,0.08822814876278019,877.9151461363839,3.6594534270743835,0.3182801028896043,1
7605,30,2806.2487230747956,10.010480858516942,12.109591068880857,1,2,8056.518700586756,0.4382237716590994,2165.284361715563,2.870921110570434,0.2687617868444674,1
6395,60,2000.6121883351057,38.621741845294764,30.0,2,1,3406.811636900364,0.043568252018683085,1067.8174342671655,1.7028845754136324,0.3134360064704672,0
6486,21,1920.7500542060259,0.0,4.433440895400756,2,0,1960.7181350373398,0.45618422306040896,2237.8061962808442,1.02080857982734,1.141319680933245,0
1566,34,1142.8957412419404,21.595194579875653,23.27613688686316,3,3,2006.7554002284796,0.10795161173100254,1241.323393896236,1.7558516737911862,0.6185723450675178,0
4222,56,5913.702177780517,36.604923452132894,30.0,4,2,12759.891764598096,0.12306919356286644,8598.08786606022,2.1576825110572337,0.6738370532197878,0
6691,62,2270.154750585452,40.0,30.0,3,1,4029.006307361658,0.49587838708743576,1558.5497792916526,1.774771656567736,0.38683230067024854,1
5372,35,2741.3254128511853,10.070299891669418,9.933089431144179,3,3,7528.165072674709,0.24212616004709228,1011.9434230342667,2.7461771000929254,0.1344209928004049,1
6676,35,920.0073682092683,10.951374882052537,10.818793345581675,3,0,2300.999895151223,0.11375600791784932,1171.01641662032,2.50106681170387,0.508916327674739,1
5064,46,4288.794401243199,24.527089498877228,24.120337186215345,1,2,16860.379266927543,0.540907728845727,4995.799705335754,3.9312631218787732,0.29630411192085454,1
6627,31,4424.688573553932,6.19412455524149,5.990750549230455,1,2,16271.110325847252,0.13649430563450154,3314.6642298125653,3.6773458866910076,0.20371469207894807,1
1181,53,4956.364114420632,32.98066731519535,30.0,4,5,12331.33068283709,0.4791759086875248,4703.840704151569,2.4879791714573303,0.3814544289772747,1
1375,43,2221.2332048801873,20.9677579899449,22.66665876704979,4,5,7804.803606395089,0.34604271585144747,3126.351675015296,3.5137254338029216,0.400567628947592,0
7485,61,7541.41536808004,40.0,30.0,3,1,22455.420107877966,,5867.865953697738,2.977613486577502,0.26131178688743983,1
1544,33,1286.4748593006902,9.171044522878468,14.890889297919102,2,3,3826.83914500973,0.2697290349506492,1160.9796826255092,2.974670758113335,0.30337822903778133,0
1992,58,,31.02125270955651,30.0,2,1,5207.520223845716,0.16106270045969234,677.218247600515,2.600222470404412,0.13004620596564756,0
6421,52,1424.10655146021,25.119043337615906,24.22600231854917,7,1,4381.102435192091,0.011835860209337795,1155.0407733079392,3.076386686586001,0.2636415811759708,0
4169,63,3002.4317215227015,40.0,30.0,3,0,11917.863724316852,0.2342440105216084,2824.8526316611715,3.969403746597986,0.23702676058440128,0
3755,33,3964.4292365827364,11.658291467756877,15.881047008753322,4,1,14023.149298311393,0.7443368509169414,5569.315012474347,3.5372429324527643,0.39715151668141907,0
5908,48,2851.4568919531616,27.64667144634701,30.0,1,0,6441.935802461003,0.3199242668887095,3956.7047745400437,2.2591734844879494,0.6142105255113641,0
5235,60,2677.133646385511,32.4217660167685,30.0,1,0,9721.807579768416,0.144265501447389,1937.9860423852983,3.6314240766030337,0.19934420903560646,0
6618,56,2189.6914896359144,32.747975888492796,30.0,4,0,2706.634212631178,0.18049676585697588,1925.7917500145152,1.2360801626357039,0.7115079462999957,0
84,49,,26.528243692240366,30.0,3,2,5508.016825863314,0.4067654170876703,2372.7706315459486,2.864093827837532,0.4307849279625332,0
5856,51,1086.7345334645916,34.103434295578,30.0,3,0,2196.340070422857,0.2964620132338109,606.6845025253115,2.0210456213448555,0.27622521243192893,0
1558,52,1021.5178058366536,29.408830407838195,30.0,3,1,1789.2713535048813,0.29929384016231453,1248.693086246665,1.7515811699820687,0.6978779846895137,0
3721,49,1785.575559976029,19.97620183133199,22.31162038091689,3,2,6726.441988354523,0.18872224251685998,1447.2999234780066,3.767100165979436,0.21516574824903184,0
3620,33,3613.6588644320072,7.900315951412386,11.20259575751976,3,1,12026.730667311102,0.4121925254024125,1584.4865564926129,3.3281311597190446,0.13174707244415804,0
2627,40,,13.12945784430291,16.53772442856272,5,0,5008.621569140865,,2813.343737079019,2.47217050837994,0.5617001999936672,0
6582,61,4056.9135794598556,40.0,30.0,0,3,13211.156355979088,0.33228643205207203,3961.5184805880967,3.2564549619363703,0.29986159983605054,0
418,52,3041.52423542816,37.23115247380785,30.0,2,6,11922.220454569286,0.09870011029887638,2151.8588813224897,3.919817674209976,0.18049145203465622,0
5608,26,1872.9075562624769,4.228109831962305,7.745881261675145,5,2,6685.776696184906,0.1858934552985322,2165.0491760900873,3.569731284296198,0.32382911881061266,1
1782,34,1758.013094119918,5.5765928520902825,7.22841777833509,5,2,5032.005994051097,0.522530756047927,2054.6005438691254,2.8623256623524633,0.40830645796092074,1
3248,23,3400.5471667763,0.0,1.4924830788423997,2,2,8383.184549147858,,1657.2360356149186,2.465245778988877,0.1976857393391602,0
6678,57,952.2698702161097,,30.0,2,1,1648.1054792870727,0.7501749286937953,676.5684937376627,1.7307126171208682,0.4105128599113259,0
4962,29,3691.5391822637926,10.337684777791122,12.98254374829393,5,2,14369.012939684711,0.3569427014665834,3178.5026299144674,3.8924178317601075,0.22120535650267226,0
7945,64,6601.166681422154,38.3601543117867,30.0,3,2,6643.468444456053,0.17463357822656286,4950.449086296781,1.006408225254022,0.7451603221548996,0
293,40,2302.997193723349,17.999203885268084,20.184253833946322,3,0,6609.716443895182,0.056070361706850334,774.7625535120513,2.8700497169121535,0.11721570207866207,0
5848,26,7048.387358780192,4.327479820731815,5.720568740100977,5,2,22462.835408589723,0.17030091677683545,8071.382574672819,3.1869467816078125,0.3593216273839742,1
3647,60,2622.0791717007814,34.78750398851822,30.0,4,0,8442.721712776287,0.1613301655114295,2078.2374552036968,3.2198576625358006,0.24615728504455153,0
7030,57,1632.1400426150701,34.26052847244147,30.0,3,0,4114.773875590782,0.5214007281666924,1146.674411690104,2.5210911858996803,0.27867252159159517,0
6587,52,9860.729782825176,28.7823027371371,30.0,3,0,24124.018542326045,0.34083970375598954,4509.899013321945,2.4464739500664345,0.1869464245937816,0
5798,24,2876.0849898626648,3.959228781011381,7.078207031646338,5,0,9694.78174357897,0.22745339388205205,2791.2700575445915,3.370825889273148,0.28791468765073547,0
7539,44,1846.7906358157993,20.01115573165674,22.138791201066073,3,4,7063.0309156010535,0.258528201790168,899.1494136493388,3.8244892402115944,0.12730362140469587,1
2684,59,,40.0,30.0,3,3,21691.54666477515,0.269478367852561,4812.300351351498,3.863265369727689,0.22185141639375033,0
1149,38,3761.55112646245,20.22223875389477,26.760301181228748,7,2,9425.835168337022,0.27746808823498087,1681.987378481374,2.5058373132366665,0.1784443869898611,0
1755,60,1962.5018688765363,37.498035172036545,30.0,0,1,3828.8860078417188,0.27991066106613627,822.4919994924257,1.9510228594246497,0.21481234954708175,0
6808,31,2249.7098687812368,14.225089956056676,16.53049928177046,1,1,5316.588411632815,0.2768629900939289,2220.264640657564,2.3632329152349927,0.4176107813423313,0
1721,44,1399.593004175794,21.323760709393923,21.60299843944277,3,1,5113.864853319512,0.2773800171732788,430.2548703215347,3.6538228171060445,0.08413497084152462,1
6422,53,2251.3658352430607,28.319315544561228,30.0,2,1,5126.2496349400635,0.449118830827914,2309.5238381394333,2.2769509755781767,0.4505289446690078,0
6050,64,2935.6643535706403,40.0,30.0,3,4,7670.852865605337,0.49137442829632183,2883.59315575048,2.612987024989863,0.3759155867374239,0
2685,29,2610.6062486117635,4.376275821676291,8.70469941878541,3,0,4732.575762013375,0.31301146765990673,,1.812826336614343,0.5762563128559683,0
3527,43,5282.553505523918,21.83377258493032,24.419420924782592,7,2,16748.82282009627,0.2001909930075908,3060.3407607941467,3.170592177170033,0.18271975252625883,0
2571,63,1166.6557447162245,38.714464709065574,30.0,4,2,3172.79612546206,0.27560434351174323,321.1678288947212,2.719564995785287,0.10122548572135216,0
2348,39,3937.173730313414,17.877572391611142,19.65953180829701,4,1,14743.050878569746,0.1452773070004968,,3.7445771734833104,0.06692990561870066,0
5709,29,2939.37255289387,5.488592066585807,4.77672037163034,3,1,10118.371403486357,0.40027237303067403,397.55895297348366,3.442357585303238,0.03929080452971927,1
4454,64,2493.0410162975904,40.0,30.0,3,0,9322.04617402262,0.45851435414823793,3031.4075135102007,3.7392269573914874,0.325186923226974,0
2312,34,2728.665295825278,13.04249041281408,15.518362376258146,0,0,4130.204230170609,0.4842196848844804,3298.903040668622,1.5136353427038542,0.7987263720691004,0
7043,62,4911.1737362464755,40.0,30.0,4,2,18189.285467033842,0.3294703624145982,6744.04927741543,3.703653432740418,0.3707704345856964,0
7784,44,3105.1296528278863,23.284269127742924,24.580663887367603,2,3,10424.679073615642,0.42835702699840766,602.2692770391842,3.357244379190974,0.05777341180348646,1
5149,41,1000.7954129449798,16.347924705461743,18.997982925026953,2,2,2381.1442928084193,0.34161042703738886,1429.354675600577,2.379251805123258,0.6002805793489892,0
6630,57,2061.254861451514,33.53073454115473,30.0,4,1,5575.6004540253025,0.027543067371458948,1024.9113733440374,2.704954422811657,0.1838208067086484,1
4102,32,5239.900252961196,11.459398789213585,14.019851605597268,3,0,11858.026418807643,0.2835209295076923,5690.162871285109,2.263025219250382,0.4798574965442917,0
6812,44,2280.5775821533325,18.826452194958826,20.830906139864464,1,3,3613.7162926004626,0.09746948788465795,2446.061101309481,1.5845618762894151,0.6768824399187334,0
4908,51,1868.1191856820255,27.636983452432407,30.0,1,2,2489.410622364694,,2390.7285127720584,1.3325759092056235,0.9603592478050498,0
373,43,4812.281933873473,24.567171966188074,25.11339287092443,5,4,8871.706361027054,0.36689490833965316,,1.8435549876202066,0.2881289099116674,0
6279,31,2438.5231559875097,14.688773726520612,12.962831885282231,3,0,2689.2683196444273,0.15575170820800327,580.3809525054413,1.1028266485972225,0.2158137022869398,0
5783,62,2910.3497284924742,,30.0,3,1,10418.188987291707,,484.98846581254764,3.5797034580748486,0.046552089466234986,0
1867,48,1270.5191134254555,31.389294001371262,30.0,0,2,1893.875889202935,0.2865256087302598,572.8172114827353,1.4906315609033562,0.3024576292186779,0
6734,31,4175.51699872088,14.228358454137586,16.299378443720382,2,0,5300.0836904764865,0.15120259275481893,3941.2886135165713,1.2693239405084698,0.743627618672988,0
4392,30,1251.2975956380315,13.568550919456921,20.01596842898192,5,2,1408.2381234207094,0.49425452153212085,1307.1488778057255,1.1254222243611478,0.9282158010539929,0
5459,39,3197.5159204604497,19.360493240903136,21.57119753219514,3,2,10981.611512453557,0.3325904693308517,4614.715706646627,3.4344196512623397,0.4202220868415685,1
1746,59,3150.9363543747227,36.807462878893006,30.0,2,3,9368.210413924222,0.6401988727020825,3978.023459010565,2.973151266898016,0.42463002892184426,0
2441,28,5183.553441814789,6.000686825558888,6.893246411642405,3,2,10133.037260827865,0.4171810823277287,1036.309063180838,1.9548437909574703,0.10227032986318772,0
4786,60,1326.5865662995873,40.0,30.0,3,5,2582.9732719136346,0.46626384015543176,1186.1541904571586,1.9470823371283208,0.4592204663342794,0
4338,45,3908.7303598767903,23.215992667070378,24.179641105665617,1,3,5054.651663252444,0.4049930336416654,1256.4851157491696,1.2931696990763455,0.24857996148060518,0
4251,43,2261.918305894757,21.52922824701641,25.77380127396672,5,1,6348.928796812321,0.5372954635771445,2169.758634608629,2.8068780292667763,0.341751924466065,1
2288,26,2886.382671199638,8.721741947186759,7.479180453073591,2,2,3142.2072997275754,0.31167047122256275,3235.3335752084067,1.0886315702628617,1.0296372156887628,0
3033,37,,13.953726562212728,17.099336816267066,4,0,9259.480921755547,0.27097205481392767,874.4910393151363,3.7422534186503706,0.09444277132862623,0
2638,30,1867.102484033516,5.749439521753473,7.691278159270856,3,0,3692.4295337830476,0.08600724824614722,415.8990607629803,1.977625526910694,0.11263561212416,0
1393,57,4271.045190334905,33.20095214722161,30.0,3,2,17014.88041642131,0.22046538045808273,2565.8793653274756,3.9837743826557652,0.1508020804454851,0
812,63,3170.2971806433366,40.0,30.0,3,1,9661.489354688461,0.20808954226859502,1852.1180452937044,3.0475027431743453,0.1917010905150893,0
5060,23,5555.598571836649,0.0,1.0,4,2,8378.917771110757,0.09107725273912294,4765.754510978759,1.5081935209621768,0.5687792434734663,0
1858,34,2515.6454196677482,11.982828507290966,10.96009568722251,6,1,6781.054246310761,0.2679211357224475,2749.0345875790513,2.6955524786185343,0.40539929157397114,0
1869,55,,29.361926257406168,30.0,4,2,6803.641621238789,0.3399115064658606,3791.2968828137527,2.63114932971794,0.5572452362832484,1
6110,60,2458.9090736861813,39.03830343484416,30.0,5,1,5550.294529726192,0.422247982632126,1017.0816974009168,2.257218288029527,0.18324823880131846,0
2874,32,2620.2824678603856,7.317285134857007,4.128096367666975,3,1,6077.669717355107,0.22446599883830706,1772.5957979993184,2.3194711989650036,0.29165714499713224,0
4387,37,3259.1191270992945,17.74747729658885,22.185119213002935,4,0,6289.1796207877915,0.4964492135929365,4462.232613652236,1.9297176247697745,0.709509488153765,0
4769,49,5196.938335413323,25.976462706525528,27.00757685664519,5,1,10204.330180895418,0.18700167950714727,6684.293972973105,1.9635272774665022,0.6550448539471472,0
6364,37,1416.9929985808024,17.70579836725858,15.815372249439399,7,2,4055.8925440031967,0.2657808790677297,284.1861158429477,2.8623236304381177,0.07006746671904031,1
7254,40,,17.79453536664907,20.999408088014388,4,1,5906.175585062169,0.48467930220740885,3195.2192872357427,2.23613500337895,0.5409963251544797,1
2283,50,2763.4612281190794,,30.0,3,1,9658.128156177967,0.3348847069875139,1883.3770681789397,3.4949389041190457,0.1950043567162866,0
1720,42,982.0667648717181,17.636312882966465,23.20385490955291,5,0,1070.2086250528625,0.7167777732136033,1046.882176328436,1.0897513930151765,0.9782038303762741,0
4588,40,3605.2759186825283,19.98558515517317,21.653945697310515,2,3,9899.763548142737,0.3246953815601985,2304.032354905527,2.745910097155725,0.23273609957459834,0
3532,34,1256.7866048354106,14.769809671636363,15.700990792729746,6,0,2753.5673025034866,0.5149005875283739,1532.5489183806014,2.1909585063282044,0.5565685345650493,0
7265,27,2036.5701295628946,4.819348442341315,12.606055611790307,4,0,7904.418861285941,,2600.947605373787,3.8812406931365784,0.32904982023569646,0
921,57,3736.1407002852875,31.31606056586689,30.0,3,1,4396.821436798068,0.4561276005495182,1061.5368700639422,1.1768350791666737,0.24143279078374252,0
322,49,4921.129692550508,27.28415776234091,29.58944567736799,2,5,18470.689144747146,,753.2458152313566,3.753343296907547,0.04078060159685872,0
7213,41,4614.606891387458,20.26569861674231,21.09064217880705,3,4,9854.658668715721,0.018707002513425237,4974.612388888762,2.1355358973498078,0.5047980408170812,0
6913,51,1633.0004353831555,29.729570728032474,30.0,4,1,2373.371921825375,0.6206458128353595,2449.239254106089,1.4533810710641384,1.0319660528478671,0
6188,31,3067.8386290087974,7.770980175841156,10.088876383769126,2,2,5420.54479725229,0.02435202767311882,3558.7976315205624,1.766893716637123,0.6565387363507337,0
3469,23,2464.877949568385,0.0,1.4844447337502484,3,0,9051.455698084756,0.45431603802978515,,3.6721719627820604,0.24421651024234783,0
5366,24,5698.1648301975965,5.390790055633235,3.4984200200630884,2,1,8711.970069261011,0.6573243661686231,3590.123763533417,1.5289080482704998,0.412090920307529,1
7931,26,2532.4519902767574,0.0,2.634003298252966,5,2,7399.686713150627,0.14698931473660135,1311.655130164986,2.9219455063951507,0.1772581976793598,1
7658,61,1535.9927834700109,39.28105448602059,30.0,2,1,2665.244498844129,0.327942887711711,1816.3627434021512,1.735193372994233,0.6814994812633051,0
4993,51,2805.8327458794993,30.553512328955172,30.0,2,1,10064.616650232998,,,3.587033712188787,0.20207921278852023,0
231,23,6523.440185082492,2.4642880051115132,5.623680137195066,5,1,24292.50598603828,0.19920693058486322,8141.580842769546,3.7238796243720125,0.33514783725683905,0
1941,28,2767.272359144073,8.537843774308119,8.234634532254978,2,0,3401.439448166482,0.2919004182940444,1821.8405035402534,1.2291668497778654,0.5356086831186431,0
6880,42,4548.781225809188,20.198708848830872,21.59833189142011,6,2,7809.482285588625,0.19582478459703692,4784.5120452830715,1.716829607297587,0.6126541901647259,0
7241,41,2360.2917379954615,18.42579075597216,21.187264053513275,5,1,6636.496268996316,0.06953412927888492,2771.461625262743,2.8117271107479835,0.4176091589488516,0
1079,34,2845.320906875449,10.298547029605142,10.472288417038449,1,2,5796.538123528669,0.22209168589930298,3993.184105305524,2.0372177034660246,0.68889120026604,0
7979,43,3371.486596116123,21.18671866468639,23.292257964414446,0,0,11761.297545603436,0.28748590683133163,3983.784844369374,3.488460419552665,0.33871984183059606,0
1115,45,2955.5318567147233,25.25074491015771,28.444314224546552,1,2,6389.644015669386,0.2860955805201735,1392.8236276904563,2.161926964567357,0.21798141246598737,0
6093,43,1272.9464835686265,25.322143793318368,26.240763381437148,4,0,3534.883329247531,0.2483795331523338,590.2146999837062,2.776930039774889,0.1669686507331898,0
6832,33,2836.1043464212808,8.233210296898053,10.541582557677343,1,1,5874.025886153881,,534.1039131740513,2.071160002827816,0.09092638056516379,0
1467,54,,34.24860314679317,30.0,5,1,8485.383752810112,0.06892666838432082,,1.4243374300171363,0.305310710814862,0
5768,55,1376.8060910572567,34.04148909279639,30.0,2,2,4288.121793354004,0.0616549824649994,629.5649319865483,3.1145430145948385,0.14681600997487687,1
5714,35,6974.616647054199,18.375290050037975,17.22342584798471,3,0,21421.948854526265,0.10908123156211123,7055.296026182443,3.071415955681814,0.32934893431470974,0
1578,51,2029.6803030594053,27.195885306494073,30.0,3,1,4727.243387181114,0.25337170475033555,356.7031309309334,2.329058118195058,0.07545689987069565,0
6958,33,2281.9854108219506,7.646576523414796,8.741246397477953,2,1,4489.964162154118,0.2249028838391652,460.15932887081846,1.9675691793914112,0.10248619192765475,0
6861,62,2325.4022252449095,40.0,30.0,1,2,8119.145671803375,0.31449454576636815,,3.491501635141109,0.34090519822316645,0
2126,30,6249.950646202937,7.520247927276699,8.54591047662802,1,0,20707.852792780388,0.583281504930292,8249.867881017735,3.3132826105372737,0.3983932068463409,0
6202,59,792.075668832605,34.57257741607185,30.0,1,0,2884.9922863971337,0.5597805125545938,854.4441567662024,3.6423190358178266,0.2961686105002583,0
1450,57,2497.2781294703395,,30.0,2,0,8107.603253766491,0.22276614744954834,2592.368609590338,3.2465760053270776,0.3197453709129168,0
5067,30,2177.53520839337,10.01296020652529,14.178862577566267,4,0,6130.7049604182885,0.1907764856872634,2993.2891521861325,2.815433218616772,0.4882455070847032,0
3049,22,2795.3816110861494,3.130903848552732,6.915281142072633,3,1,4812.358464362975,,3786.57413906396,1.7215390003560644,0.7868437414013795,0
5007,61,3049.1024831556524,36.89806250946616,30.0,4,2,9936.941862121343,0.06741314511239872,2434.6596794629822,3.258972736081064,0.24501096144515733,1
5328,45,1659.4037050292472,20.593750102637088,22.217529349761847,5,0,3970.5220881221912,0.25537105135202254,518.4279616701058,2.3927402813965695,0.13056921738856006,0
7601,56,2869.6741825237423,33.38653229900071,30.0,3,3,3071.3754368958507,0.21543837469069207,2284.58307822559,1.0702871620759127,0.7438306143825097,0
6128,39,2269.3162325609646,25.332057832750458,30.0,1,2,2466.742710830465,0.2908004684395909,874.5287880135319,1.0869982223882042,0.35452776820777915,0
7824,24,,0.0,3.5569579760078955,5,1,2449.080457916938,0.4255774035734894,358.60531929729007,1.891181906800702,0.1464244745974174,0
5397,27,1759.0772778023497,3.763350974625178,3.9615685316975813,2,1,2578.6307175296292,0.22961751843654768,1137.1589732929222,1.4658996225288998,0.4409933402105514,0
1488,45,2191.5478597066367,25.39245730873092,26.692523040521802,4,0,8372.375466057434,0.33780531223041577,1013.9920575469876,3.8203023625403145,0.12111163213568564,0
7278,49,1490.337518573463,30.954888346342557,30.0,4,2,4253.872791799404,,1483.0138797768536,2.8543016187844286,0.3486267578653976,0
5488,32,2851.49477961153,12.240066879805937,,2,4,9459.420401821211,0.42987869256752637,1211.8959207145306,3.317354977977517,0.12811524059985807,0
5274,64,6161.452618872263,40.0,30.0,6,0,15816.237042009048,0.23719791852218172,2270.474294107149,2.566965620017039,0.1435533804960439,0
7827,27,2517.078739839571,3.861280409742649,5.200422049458663,2,1,8901.590820150011,0.24515454459331895,,3.5364769004871754,0.3485219797736919,1
5648,22,3483.7137999710903,1.9728940769916654,6.861549169091581,4,4,12158.241656234888,0.1851277822005434,4976.298050487762,3.490023105898017,0.40929422125245046,1
2825,40,3237.9828826490975,16.560523688609322,19.83178448527165,1,0,9683.245598170757,0.18745804069570648,2164.1201248853454,2.990517846792502,0.2234911944497375,0
1514,58,7116.572751395427,37.3152945779021,30.0,3,3,26892.15566248713,0.07483586979896331,7422.647038626436,3.778807103069955,0.27601532327066525,0
265,23,2431.9480245717227,2.4291275134516512,4.692880517969579,2,2,6675.747650798198,0.28545485492798184,2008.8684675364914,2.745020692608687,0.30092037216180534,1
0,59,2302.4785229426543,37.63919730610398,30.0,1,2,2971.2073944725203,0.6654108616066885,1428.6950891761073,1.2904387011068426,0.48084663892327995,0
1451,57,1967.2528910752237,34.980423132737485,30.0,4,1,4459.478384438616,0.07365570207444558,1490.1968154547264,2.26685567710679,0.3341639283766415,0
3608,61,2732.126983773522,37.184119286548,30.0,7,0,3003.3535392095328,0.4239563925442302,2426.664607551933,1.0992730414972884,0.8079849993919193,0
4982,28,2607.1100931163087,4.208770014826336,7.520408774804853,6,0,6715.3197620602805,0.24515739930120542,3364.748131290001,2.5757714565990506,0.5010555342874226,1
2899,31,1698.0161371442766,12.358780667686911,15.377650447350698,5,2,5845.33554039016,0.28047356039537724,251.3155114479026,3.442449934675441,0.04299419763183141,1
7811,57,3213.5722603370086,38.73155302883138,30.0,2,0,11991.764929538722,0.24052810347360568,3865.834743113094,3.731599590133735,0.3223741263965719,0
838,45,1433.6175232626315,29.535123830070464,30.0,4,0,1756.5037053922783,0.11764408301766985,308.9648019892386,1.2252247736166209,0.17589760900631735,0
14,44,2912.773286181911,22.367265774151733,24.454918783841045,1,1,3555.2238066531872,0.25964967195675187,1510.7086117202596,1.2205631737694924,0.4249264445442631,0
3918,25,3723.836205255725,0.298849934190736,4.981517593946277,0,3,9612.02835308862,0.10921280478547889,1476.3001393617787,2.581216740822933,0.1535888248693525,1
4617,40,4141.360687264928,18.365050281399615,17.413372489573703,4,1,6961.056463777583,0.6994963750857175,4002.287347361374,1.6808621584648455,0.5749540128265872,0
7376,37,3338.436302271769,15.094232694153177,16.069469734657567,4,1,6147.546123135086,,3411.972891808134,1.8414447862766616,0.5550137930592894,0
6965,22,5855.699418271695,0.0,2.022001569310784,5,1,12900.527595519112,0.4428059647169805,6431.9484942308745,2.2030720284694345,0.4985802670942665,0
8,43,3954.9817525661642,18.328189793185732,18.790182953607797,0,1,12702.376091631508,0.23378244305247328,5570.516843771733,3.2117407579414627,0.4385413251495256,0
6504,49,5981.289290443198,28.742910723241554,,2,5,23550.675056522075,0.7542907987229648,2419.3960630503266,3.937391072883056,0.10273149526473145,0
2905,54,3775.0069009437298,28.902252686018418,30.0,4,2,4860.024670550932,0.28478616928928685,,1.2874214002988853,1.1014470505847673,0
2249,36,2643.5710935401366,17.624058313622015,19.922643056210184,3,1,5873.897225746433,0.12457196062742731,3368.1695471523844,2.2219554602106073,0.5734130880583069,0
1039,22,2823.3038853526295,2.0518185619826834,3.4381430432580276,2,0,7320.284979759345,0.0788197993993699,1640.109926741975,2.5928080281181085,0.22405001052239001,0
3905,43,826.5192844746889,22.555493525199857,27.432693758800966,3,2,2530.0562068210675,0.5154389440268022,351.8949678445489,3.0610976106009384,0.13908583014710704,0
6034,48,4046.1130188974776,29.252192741021325,30.0,3,3,7575.122557581986,0.639833996164702,5765.870565826908,1.872197470066253,0.7611587168389524,0
3616,61,3443.0081558868737,38.84914702355345,30.0,2,1,9718.693856582093,0.46207640122256577,4599.092414557774,2.8227333240454335,0.4732212458202897,0
7701,43,3019.5083963584757,16.316456464431315,19.55279475051438,2,0,9665.561795970618,0.171606073145104,3455.1907759556266,3.201038224509419,0.3574743867858801,0
3680,21,3280.3916271473627,0.0,4.414039706999272,2,0,7487.991098064864,0.26121250112764033,3577.065139043032,2.2826515700433125,0.4777069166077748,0
339,62,4661.775243003975,40.0,30.0,1,1,11173.381428203387,0.07312345502639737,2215.9712416902958,2.3968082641846618,0.19832592809342683,0
121,21,2530.808524390999,,4.041015623213898,1,2,9279.925492205452,0.07096848262343194,3151.1905120848805,3.666782928368129,0.33957066947699965,1
5458,24,1774.576900855583,0.7009895574936384,1.5607768317032955,0,3,3142.9580223781636,0.32956716487301757,1707.0745487254703,1.771102746160416,0.5431426498766243,0
6399,22,2966.1690801812624,0.0,4.80751864309129,5,2,5752.051527773213,0.19247799690188724,2787.221947941782,1.9392190304342682,0.4845613664070908,0
1090,43,983.9893697978923,20.60211407168688,24.19736464204382,3,0,2690.2318335237264,0.1437303627907115,983.834556479928,2.7340049761678724,0.365706235507324,0
6411,27,6041.280879836086,0.5975870380922474,1.0,3,4,20916.24064906062,0.19942163065103863,1938.490635499028,3.462219530111986,0.09267873075394592,0
1372,27,5147.8391098501925,9.33840391157022,11.371556787946842,2,0,11316.642978545015,0.14880869101400448,4525.040742629681,2.1983288010868587,0.3998571618110256,0
6021,44,1090.5290348222434,21.267475098262413,27.070990552911326,5,1,3091.248894159903,0.27148751083261186,1376.2476052117568,2.834632362322914,0.4452076336563557,0
1317,37,,21.259265145188703,24.030264376696167,4,1,8602.739398993135,0.22692798903478448,3359.59032168323,3.2325759683203046,0.3905256414109715,0
622,36,1925.9875276963558,14.618818976586827,15.851277411246011,3,2,1979.1149736470713,,1516.6153560154632,1.0275845223225617,0.7663098790166174,0
1419,52,6268.1463278340625,24.765122342168734,,0,1,12986.42594391535,0.4773639043321712,6916.804689685305,2.0718128238724076,0.5326180366759108,0
6067,33,,7.893836097813475,8.15916568334652,4,1,15082.117268085254,0.22837610263819907,1675.3212536563065,3.594497394354233,0.11107997795517714,1
7914,33,1691.1222879995225,9.468811672316225,12.654188037495176,5,1,1920.8412895126457,0.14302031333663381,566.8812937358274,1.1358381964114874,0.29512136001598344,0
2499,61,3177.4900502162764,40.0,30.0,3,1,3226.1177240805073,,,1.0153038005141577,1.1074200223473403,0
4328,39,2202.8857138886647,12.706184399032633,13.113602567671407,2,0,3836.8357128557827,0.2597463518801771,2852.124437271436,1.7417316244167622,0.743353286593702,0
3720,23,1169.608047642905,2.3333102548377638,5.676263343762146,4,2,3291.7869597669087,0.11805050518927414,1002.6494078038024,2.814435969725757,0.30459122053111237,1
4998,41,4048.270643125683,15.484607392871911,17.36013370815313,2,2,14454.682901019289,0.11463881903204041,1418.879915738006,3.5705821510635913,0.09816057020787029,0
3143,44,3517.75626630764,22.096692897690975,23.620603247624757,2,2,13696.746535369788,0.1883003044482566,459.6634468390112,3.8936030521939404,0.03356004622353195,0
1410,64,2670.1526668308493,40.0,30.0,2,2,4784.370456104996,0.17762095692693236,969.5378607021019,1.7917965948304633,0.20264690403832405,0
4482,35,2766.018688546733,14.335992447564715,12.52040117515595,4,3,3689.854748276832,0.3563281873929892,1746.6866445770788,1.333994872686664,0.47337544801534104,0
2821,55,3465.186989457423,33.82017331195587,30.0,0,2,11054.74874363152,0.25272323254016826,2853.0402235801866,3.1902315162976147,0.2580827741764625,0
889,56,857.257742164495,30.285157934579356,30.0,2,2,1394.9818105086729,0.5411244013888165,574.1407890380614,1.6272606730695431,0.4115758246544476,0
6252,38,2473.092728223126,14.168371955868245,14.699784754577719,4,2,9250.786755727477,0.26490953141421586,,3.7405741605063088,0.12094871062601696,1
7108,42,1745.306812301337,18.649630382489736,18.591614014599852,4,0,4671.225626840054,0.4311755405243321,2192.190462743886,2.6764495468167238,0.4692966338744031,0
7116,60,1532.049321437905,38.35047241817537,30.0,4,0,3408.097621648473,0.3324532715925679,212.29842639131675,2.2245351856230076,0.062292354844175356,0
7536,48,6639.469150326771,27.898239557589623,,0,1,23806.630506123907,0.2265908191348199,5616.064706692851,3.585622580225744,0.23590338436378894,0
7879,64,2616.489755853214,40.0,30.0,4,1,2983.7305103336444,0.3484204806663446,3657.139597122108,1.1403562745311329,1.2256936692024383,0
4818,25,1808.0809641168053,1.8445185829083797,1.2138411205798372,3,2,5776.453198752757,0.25390855282620306,,3.194797862149047,0.44216351888293115,0
196,22,2963.3904744344395,0.0,1.2889836678056372,2,0,11604.001951210772,0.23259393682170976,2666.2234352006026,3.915785668922144,0.22976757901375625,0
6438,59,,,30.0,2,1,8994.790406241093,0.15861100313278192,1808.737302821035,3.896165691306807,0.201087209499182,0
4055,63,1308.7288944472052,40.0,30.0,0,2,2058.5833112777536,0.38662967946890886,1348.249591831821,1.572963904145541,0.6549405042028482,0
415,21,2027.1074458573187,2.043818288525082,1.0,8,1,4545.381311101546,0.10954427862854912,946.0789492985699,2.242299154093029,0.20814072231693437,1
3217,50,2169.126119974487,34.84268240507733,30.0,3,1,3617.093750573186,0.19555003782125907,1216.6729058654173,1.6675350120332004,0.3363675342041152,0
7212,47,2557.2428680895932,22.29916245630757,23.69049417719328,0,1,6394.146800746351,0.2857479515292507,3268.6828260740026,2.5004065435220646,0.5111992151466508,0
4663,40,,17.859634101809306,22.97966904663224,1,1,4568.087084242936,0.535485129978706,1425.3295034428506,2.5756806033240434,0.31201889919291437,0
432,42,3538.600024605518,24.866784116165366,24.387391609530297,3,1,12997.99046453238,0.19459771320863511,4673.756484099183,3.673201371771706,0.35957531257254444,1
6192,33,4588.841745991085,11.706918945753882,14.20972657191437,3,3,11261.67309788262,0.3027549330258892,4392.568116078879,2.454142836309635,0.39004578430755144,0
3939,61,1014.0680553970822,36.61195964045001,30.0,1,4,3335.657447002641,0.23029871275218664,1235.0467948195294,3.289382235491568,0.3702558834179208,0
3454,56,,35.23686140162926,30.0,3,0,12725.435494947147,0.2222972489079442,5407.70405053408,2.7946343722337494,0.4249523761038514,0
7546,58,2317.523430216012,38.97772639108948,30.0,3,1,3955.329182055899,0.09986305405973378,406.15752424375887,1.7067051536506925,0.10268614963486972,0
3734,60,2279.2168093998766,40.0,30.0,3,2,7286.339664427326,0.05046960863137253,351.26073376837127,3.1968611473806376,0.04820811956972895,0
2157,38,5968.722586694518,,22.912158656817375,1,0,14664.321125031132,0.11280324247355394,5271.970268100848,2.456860896453933,0.3595100123047569,0
5430,56,2911.28781708785,32.71877757839408,30.0,3,0,9372.939477887621,0.4996358703906193,1985.3229681788819,3.219516608036143,0.21181433773925465,0
1108,47,3042.601791785101,23.827224707787575,24.485075556934504,2,1,8872.287884332443,0.04579769014628908,2268.462216505086,2.91602006818219,0.25567950973626086,1
5628,63,1468.6659064243001,40.0,30.0,1,2,1968.1626641423113,0.394772839303256,,1.3401023715013003,1.0523709274054653,0
7821,57,2642.832851299995,35.013622114733955,30.0,4,2,8917.556720131863,0.30141428447000274,3325.099804954427,3.3742416648655493,0.37287116968348916,0
2280,58,1676.7716111114612,37.288987732509455,30.0,0,5,5418.145290491829,0.4278411736267345,442.255124861901,3.2312959347518824,0.08162481830046228,1
6712,28,2879.3997594933785,3.5155852130228,1.0,5,1,10774.924314724087,0.24918782777302964,946.535677529817,3.7420730758899214,0.08784615556290847,1
7225,49,,33.14193738896959,30.0,1,2,11354.711888599191,0.19058365212450087,1695.0625525289179,3.984937031478646,0.14928274439361705,0
3071,37,1730.5934665433156,22.384480472199904,26.396676236662362,4,0,2736.8612940215426,0.2552354918247666,500.2782474754329,1.5814582378426199,0.18279269342887464,0
1195,34,1276.9883346854726,7.672490687029444,11.008865886503248,3,1,4984.017745384193,0.37026962335964214,1258.7489408569147,3.902946965143403,0.2525570744652082,1
3481,62,1465.5642765607943,36.51220813615638,30.0,4,4,4943.502112489879,0.08175460779698342,2020.5571505090852,3.3731049477343165,0.4087299053446539,0
5751,52,4452.497171416534,26.287071662337997,30.0,3,2,5081.68955973368,0.026306046601615,2395.9062242730706,1.141312248855842,0.47147827432391104,0
604,33,2651.569949895355,11.081877129976434,13.7620343146902,5,3,6131.524643673476,0.09911532175231984,1012.5169028027148,2.3124129325403837,0.16513297452819217,0
3107,21,3758.4435986793874,0.0,,3,0,14647.678804399131,0.2606027264564792,4662.163873557766,3.8972724799025635,0.31828687233076003,1
880,31,2268.7247114903284,,11.850182555003682,1,2,7505.734777885755,0.256130182395631,1066.1574462408682,3.3083497261134105,0.14204571275048272,1
1219,40,1493.4869952036868,16.31837675961668,15.470470739977225,4,3,4952.796383301743,0.2482028189028267,2020.5063866783728,3.3162634821780044,0.40795264539654225,1
2648,44,2537.8927468327233,23.768474634154284,25.691858514682778,3,2,6860.384775533461,0.14016502371410494,,2.7031815210060333,0.1653918519156402,0
2457,28,1041.2296283740488,,3.9204304259348275,6,1,2338.370913897173,0.6797342293171932,1453.8508739497458,2.2457783088142613,0.6217366395165814,1
6366,34,8453.78583200421,17.468164076377448,19.04892708832411,1,1,17005.753093932373,0.10835140782628218,1906.7797148897694,2.011613900786587,0.11212556740989645,0
5780,58,980.6476771314789,,,2,1,1535.0102602589777,0.25852178879307963,128.0857101792711,1.565302499618498,0.08344290165048229,1
5123,45,2034.8032465008012,,28.09031686147467,4,2,3258.777081532709,0.3054332937278351,635.0047269842182,1.6015195017684114,0.19485982351562225,0
4325,27,,3.3203626232668015,5.1593695652578475,4,1,1763.1362513038957,0.15147184911152264,2351.995379499786,1.0107770248911188,1.3339839038306938,0
6852,28,2263.3990568003746,1.738676519544529,2.6320407138336623,1,1,3634.2876730691737,0.15816879766834926,2128.6080272770055,1.6056769406835127,0.5857015786203258,0
5357,55,3177.318635455979,34.21499459754851,30.0,2,1,7137.353323150833,0.3899667177166175,1579.6923782820977,2.2463448404275472,0.22132747347089884,0
1897,48,2174.5467577804334,26.057316125876014,29.332126143332722,2,0,5825.465269426123,0.37349188953949547,705.6616162960918,2.6789330919571457,0.12113394959191093,0
3984,25,3331.7216476316125,3.9050610697246846,7.823815536373142,3,2,4316.845394789883,0.44813047540273376,3130.880664852501,1.2956800871581082,0.7252705108761238,0
1706,41,1948.162055973759,15.630021457585757,14.806560552203912,6,2,5385.474017932217,0.10904547942845833,1839.2960165253944,2.7643870803347363,0.34152908553657874,0
1158,28,1503.8509057673414,6.966241138142944,10.904764198685886,6,1,1877.933957049459,0.3176248801615166,1691.8523174469271,1.2487500920786037,0.9009115102775518,0
7046,62,2211.3336949678974,38.56840374417711,30.0,2,1,8578.859877888572,0.5121475570864165,2993.7829891866522,3.8794958433503695,0.34897212820819284,0
4086,24,2916.8571539107725,0.0,3.3852414986957067,3,3,3432.9064216108345,0.5142908677303711,999.6955135949828,1.176919622892115,0.2912096605085705,0
6286,28,2692.243563262294,4.876412390529827,9.05834507823421,4,0,9055.550893476748,0.07708225039790008,3070.2555725845723,3.363570449957281,0.33904680219910865,0
4373,52,1699.1390028651442,31.82372124071731,30.0,0,4,6367.401348630814,0.21055474290462414,268.0889047185346,3.7474281609061366,0.04210334641088423,0
2629,44,2377.1874188104825,23.67425128523822,25.93591499107802,4,0,7927.191958471455,0.32611484721813916,3396.9701504604964,3.334693720715606,0.4285212428633443,0
7804,41,1753.7534803164604,19.14008989299809,22.482281989072884,0,3,2201.234001811255,0.1259710568314101,308.66179816261274,1.2551558850871378,0.14022216534390922,0
5288,40,4370.875298756461,23.389079277157332,22.544429442938018,5,4,10567.902805932174,0.293814534719808,3985.8204640142126,2.4178001163608585,0.37716286165849455,0
4382,38,3112.517082919176,14.279132400054968,12.63531262094142,3,2,4378.05784700609,0.680766111158197,1807.979822227919,1.4065972106729725,0.4129638952724884,1
1870,57,2614.2436943557223,35.6098805089685,30.0,5,3,8685.674674628983,0.23537365123771134,2062.1379304591655,3.3224426220791012,0.23741827868394713,0
5814,47,2381.5095017874382,23.929361832726354,23.38067628621748,3,1,9271.583083660293,0.12182070643181662,,3.8931539331258267,0.24499811992543222,1
1864,26,2198.12144496781,1.3990252778811065,1.0,4,1,2980.792344254749,0.13180256678007563,2481.223321201963,1.3560635382902606,0.8324039499042368,0
4537,32,5654.225449058949,17.422521889911334,17.840327247275308,2,0,18355.058806962854,0.40077493280147763,8418.42049292325,3.2462552072481907,0.45864306845640745,0
7443,37,1043.5487911464743,16.858895888822655,15.216233021715695,3,1,3800.7551699576593,0.6816592285278562,472.41149054702515,3.6421441931642073,0.12429411246509936,1
2997,47,3105.6541335515185,25.08759445059979,28.846252503696334,0,2,8343.437730316306,0.33548479304020346,1094.3913376382745,2.686531523320351,0.13116791579348017,0
904,31,3868.9121578021764,5.7739894372245,8.145586688837744,2,1,8330.658323251795,0.3726775953876991,,2.153230154489787,0.39008549068784343,0
1446,35,3314.136308035405,12.798852421496806,12.362679269272958,2,2,3552.9833813512378,0.18823016463610173,3383.7497533717433,1.0720691761339833,0.9523685844218238,0
7504,45,1900.623702221051,24.299560086141017,26.64606615485377,4,0,6730.507829919259,0.055958199711942054,2452.526194568562,3.5412100891165625,0.3643894720196742,0
4830,62,4262.749238758804,36.96902645386428,30.0,6,1,10919.07742422851,0.3946709778090123,1428.8554641075114,2.5615106150151696,0.1308586255590607,0
1886,32,3762.8008702959232,11.105341086688728,11.457647224392067,4,2,9607.721895889685,0.43841403472964385,4918.542881226234,2.553343168312303,0.5119364334775817,1
7802,49,3071.1656675993895,26.06390141175793,25.484527337654914,1,3,5893.444541650213,,1701.4813803397274,1.9189601537376162,0.2887074559393917,0
5928,55,2314.576731018597,32.79695639811618,30.0,0,2,8447.216241114998,0.2631705484183825,710.457139895261,3.6495727827513216,0.08410547565211655,1
5210,64,1938.4266700270439,40.0,30.0,7,2,4728.895253439098,0.28982661252304415,564.5727792492368,2.439553338054889,0.11938788004209865,0
1565,22,2330.9951114282385,0.0,1.0,4,2,5806.7113772498,0.16042346025142964,528.6995169510006,2.4910868962277375,0.09104973238766444,1
3795,64,2473.207814229491,40.0,30.0,4,2,7088.8932138380105,0.1958028572024002,3577.29791165733,2.8662747922161573,0.5046341937658473,0
7533,61,1606.3407292941206,35.17716160476116,,2,0,6210.361235690086,0.0429367055295498,2302.2143542831877,3.8661543733745236,0.37070538522826674,0
4209,56,3067.5170155266137,32.39743490346862,30.0,5,3,4476.302651175639,0.37575494771952217,3673.722452179331,1.4592592733857004,0.8207046615166824,0
2388,42,3439.6384292339367,17.541889234762333,21.80338718584985,3,3,4785.679008467964,0.014921234264379888,1710.6930614820863,1.3913319980942918,0.3574608866276071,0
6139,36,2159.439903003405,13.286774577694201,18.600777871580764,3,0,3882.094782290857,0.23855169444737026,510.66509943591484,1.797732262375785,0.13154369691472784,1
3221,61,2440.999148630032,40.0,30.0,1,2,4909.60193199142,0.5451693620769242,,2.011308334436269,0.20225730994284763,0
3296,47,732.8422123201983,26.756487379150613,27.1743639709351,4,3,2136.7973001292635,0.14966669367999863,82.0068145035634,2.915767220018761,0.038378378004597105,0
2623,39,2603.230542996891,20.49207226540657,22.787476292872753,2,2,9920.039753197436,,2760.436184291651,3.810665090682782,0.27826866151437596,1
4561,52,9147.413583143569,27.29570939768102,30.0,2,0,13816.133363982774,0.24282047230795886,6339.64721235894,1.5103868692941256,0.4588582814990584,0
2399,25,4969.888073765334,3.827259205861105,5.899434576474508,2,0,9273.293793089515,,5221.319335433429,1.8658959025738768,0.5630490580730194,0
5257,59,7703.562446374498,37.507806208988825,,1,3,19380.85041800914,0.3930912472901366,1385.669224168664,2.515829598698234,0.07149682259974866,0
2303,40,4665.670687134401,19.060834811175194,24.498938530216158,2,0,14162.120216364337,0.48557107026344065,6497.215734425533,3.035387871547904,0.45877422555119934,0
4913,51,965.6725773037566,33.266731517395314,30.0,3,4,1924.6292984164986,0.19045123294895266,455.1548127915318,1.99304541068178,0.2364895999276398,0
5193,46,,26.17420445810125,26.205454087548066,0,1,6805.0462962087795,0.34393256645625386,1051.077088899845,2.8619103891217126,0.15445553830918388,0
4302,31,3233.933186316232,6.302796005460351,8.5630942223703,2,2,10486.182945144357,0.07079568751411336,1870.4457987992757,3.2425478020123077,0.17837241716876479,0
6153,62,3459.1616541257295,40.0,30.0,4,0,9758.818378503714,0.21316758345518289,4744.543131877024,2.821151294523749,0.4861800832699264,0
4615,58,3052.8801650143455,33.85602865104056,30.0,3,0,10319.297836881338,0.11413345790933777,1938.1925289387739,3.3801843764256785,0.1878221328210571,0
254,22,1963.906121126061,0.0,3.0118317118291023,1,3,6847.316203605651,0.34834556382340204,2702.034719509619,3.486580203578952,0.3946122304220134,1
5281,38,2901.1230857476235,20.02223394689612,22.64225176310432,3,2,6224.800597481371,0.24822936705195636,3471.7355747470765,2.1456520159596164,0.5577263914528896,0
1113,64,1286.788136820878,40.0,30.0,3,4,3550.8121502192175,0.27373995212636165,344.48887634895414,2.759438052476772,0.09701692507943185,0
2260,22,1184.9557668297914,0.0,1.7406989299016602,3,2,1790.9000243476603,0.1677380175551962,1679.561186491463,1.5113644529862924,0.9378307910310333,0
221,53,2359.5390647627282,28.334972098642726,28.547623617087055,5,4,5059.987221288885,0.04761785406836981,,2.1444812238350077,0.4395442069487196,0
267,44,2554.4036059957944,17.35227190471329,17.484554610084338,4,2,5279.36228300488,0.2601904806721813,1465.8686077033983,2.06676903783449,0.2776601659678227,0
107,29,2910.237717552537,9.046084172892389,12.976094315597667,3,2,4322.479396657968,0.14699433166705422,1904.4723864551852,1.4852667775514585,0.4405972155535721,0
4727,58,3249.705142485692,39.203031839843774,30.0,2,2,6441.362644035917,0.25447585726521366,1989.2279295349797,1.9821375668282735,0.3088209808179041,0
1226,64,3216.747691119919,40.0,30.0,3,3,3453.9908008353796,0.1889165274310941,3011.687953996563,1.0737524768791746,0.871944405083001,0
2835,34,1788.9206858333748,10.480893362386572,11.5448373388496,2,1,4089.467389075782,0.15038233338569335,1192.7802784874066,2.285997038024461,0.2916713021538422,1
5711,39,2768.163893732325,17.88710247688577,18.599241776099014,4,2,7176.348492382087,0.3446630335010181,3102.3836790554183,2.5924579497011613,0.43230672010266685,0
7294,43,1439.5483934082044,22.839843066528985,26.339629775040777,2,2,3389.237868639619,0.2151228491403785,1470.1503202962526,2.354375777958687,0.43377017998631806,0
5570,59,3883.6624257559984,40.0,30.0,2,0,6858.004868864475,0.19624686525996074,2715.7356176386265,1.765860189954457,0.3959949970243006,0
1512,44,4037.473103632677,22.941394290210578,24.528095766023867,1,1,8963.18097795677,0.268264324007323,3525.1393664244965,2.2199976935802335,0.39329110670574463,0
5035,39,1666.2408784940885,15.61594405224052,15.721069748391955,4,2,4695.106293354948,0.20558044083212676,2281.335426226077,2.817783643381911,0.48589643847997305,0
3203,34,6931.020485588192,8.6664327009246,6.107155891025097,1,2,22248.63772227348,0.29078826713006134,10277.06787974819,3.2100089400306224,0.4619189726596001,0
303,58,2920.646523590339,40.0,30.0,5,2,5484.831579923722,0.23626582695713766,2187.457478069113,1.877951178145735,0.39881944344032794,0
4428,27,5913.089677111491,9.203532408466089,10.931868738614101,3,1,21999.32653454935,0.11602965269897911,7940.945183956881,3.7204452724105965,0.360963103642552,0
4101,53,1393.2789434595327,29.41251185610702,30.0,3,1,1892.5081529605557,0.3387745806839544,158.77632686391846,1.358312462730133,0.08389730137518077,0
3693,57,3106.7898282584847,36.31571970628186,30.0,3,2,9035.684882108908,0.4385223607674665,776.0590658626004,2.9083669580487435,0.08588823935186526,1
4942,36,3416.0305170181605,17.60416571465658,22.49336264491447,1,1,8514.520673540537,0.5225079608710707,2428.2098705826684,2.492518913728215,0.2851845645437798,0
7361,51,1262.0618292353781,28.73063290833434,30.0,5,1,2613.69039628558,0.22559712513752697,801.9178449270977,2.0709685815227354,0.306814397782819,0
1210,21,2160.1699241924716,0.0,3.638171038479305,3,2,2334.8093578186595,0.19621994329029538,2320.690570101195,1.080845229660103,0.9939529162540898,0
5307,21,2742.218294063275,1.0499002296647904,1.1395979521968562,5,1,2787.720819932007,0.11822990534544921,2712.7287262386,1.0165933273682997,0.9730991377769184,0
2957,64,10079.378078913176,36.1625233984615,30.0,2,1,14757.228235333081,0.09545006135702269,15017.285858113915,1.4641010705021893,1.0176223894239287,0
6919,38,1741.0593657602508,16.658689711501246,21.62200606711179,4,2,4723.394386935514,0.2520034852476431,980.3154590268001,2.712942751881983,0.20754469746127166,0
1436,23,4341.484169963805,0.0,4.428783687646904,2,1,13400.845965213653,0.07060517509488717,678.3518253787388,3.086696954448501,0.050620074817636605,0
5979,38,,16.374510423122004,,3,1,5777.412619437095,0.45311181867145006,6403.414128044348,1.2608980225411268,1.1083532629297033,0
7753,62,2508.6539345436163,38.31950767079687,30.0,5,5,9196.098980400297,0.3571950479879031,1669.4034259184157,3.6657503268075455,0.1815338688150732,0
5492,31,687.00646210147,10.620553416071548,12.471928761650137,4,1,1293.8429772666086,0.5954658513499802,556.010485605654,1.8833053961514405,0.42973567532923496,0
376,54,2945.8041515005552,27.918517092954428,28.934573783808155,6,0,10827.586120959231,0.04958590284346216,1851.2736715417896,3.6755960559848475,0.17097750605356374,1
2688,25,3679.79557889175,4.643582962701437,5.770200956078213,3,0,9626.738077315242,0.17769167914040315,4116.792834476344,2.61610675672765,0.4276415127754736,0
2115,28,2524.162185334797,7.671554447603376,10.353924884585979,3,4,6260.41222679418,0.21884605513585792,1910.5260904379306,2.4801941266558587,0.3051757649857299,0
7219,45,5042.154646893042,20.546129772350387,23.875108024653166,3,2,12410.831069223368,0.38204294637236247,6957.466016355824,2.461414204514905,0.5605963031443632,0
755,62,3550.181714712574,38.96860574124655,30.0,2,1,7371.477949893694,0.2820002487250975,3973.9639222256815,2.0763663784715582,0.5391000216290399,0
291,34,2546.5868705241237,11.387838638630466,16.808835391698977,4,0,3552.065021738261,0.35695423660344355,1775.433919096854,1.394833635110667,0.4998314806264488,0
2995,53,1920.95164144402,29.678257483393054,30.0,1,1,7170.819285833729,0.6329011946817356,229.25978565930635,3.732951486713779,0.03197121228702823,1
4058,34,2296.4953003343594,9.743685617710398,14.176195050477956,6,1,4101.477654897598,0.2985173043330315,1972.4318967406457,1.7859725880128912,0.4809076295674447,0
1543,61,4938.821038004345,38.93662724958267,30.0,4,3,9946.684351610871,0.23377919122492058,733.918192657826,2.0139795054469274,0.07378520989649857,0
4160,45,2034.4456517578658,22.993469031041393,23.872888077067827,3,1,5433.051892909136,0.14838899941468292,2738.357385923594,2.670531841543518,0.5040182644854762,0
188,61,1302.7920611968161,37.181566589519264,,5,1,1862.1343898675173,0.19818845485072464,1552.537437167002,1.429341216707184,0.8337408114123591,0
4925,53,3257.9508842774717,31.496447298423615,30.0,4,2,4464.188992048809,0.5901315936557057,787.5225397714265,1.3702444114773233,0.17640887094477567,0
1201,53,16080.076781580594,31.544762232123475,30.0,3,0,41691.52213386689,0.04930890460191458,11117.586914854526,2.5927439713237996,0.2666630131458664,0
7478,23,2208.819071693423,0.5244768154572252,1.0,4,3,5825.117478913582,0.3861273637651767,1160.1383427473227,2.637208974498609,0.19916136403204268,0
6558,64,4539.905970727823,39.07052405347713,30.0,4,3,16022.703097544627,0.34913138577219066,5523.299862136067,3.529302853595428,0.3447171072515521,0
1536,26,,5.414288486670524,9.180052917488123,1,1,2100.6815959588234,0.2955396192555059,866.5236135860326,2.18280035632236,0.41249640842905627,1
7592,30,1929.7840011941341,7.853146555519852,3.9010580936172685,5,0,2550.7188269659673,0.1810963445995784,1700.9743469172745,1.3217638996839045,0.6668607801591961,0
4597,41,2836.4788769596985,18.903250322003366,17.741778614529554,2,1,7531.998806180975,0.06654453330404361,2473.8776123130087,2.6554045113335043,0.3284490181122803,1
501,24,5318.108610834318,2.190023261250629,4.9022098470930064,3,1,10587.18656533259,0.1849954255234225,3236.194653600294,1.9907804334352708,0.30567088183721175,0
4679,34,4097.914948161612,9.40488466395399,13.114310801211854,4,4,6779.329910184044,0.09084544643378638,1086.3593421946427,1.654336411551283,0.16024582909922885,0
3106,61,6955.506084062388,40.0,30.0,0,1,11329.868088697614,0.15696527605893826,7527.578421781218,1.6289063587563373,0.6644012412898732,0
2647,23,,0.0,1.0,4,3,8740.484484003877,0.03733450275557101,7823.648668178805,1.6164504996257487,0.8951046915645248,0
1539,36,,15.694242065470677,20.534894417287283,2,0,9010.899241541692,0.025318975610675434,3020.5198329593327,3.8390700075957014,0.3352073696523263,0
3980,32,4795.708481156595,11.746666737340863,15.254085124595155,5,3,15844.102333741968,,3936.1745191320565,3.303808477099259,0.2484315258902038,0
4475,60,350.225728428301,35.31714144815412,30.0,5,5,794.5183653766568,0.25563356884659116,,2.2685893721806116,0.6236404885277568,0
4709,34,655.8991247670346,,15.503936344107915,2,1,2298.5791773499054,0.34145307900087973,194.06026995070172,3.5044705665163467,0.08442618460262878,1
6835,41,1976.100554477401,21.994364022083417,24.95752160427865,5,1,7836.189122463876,0.577974115552466,1778.4616533348403,3.9654809593109155,0.22695491718500685,1
7406,59,2707.912824141189,39.775361261099185,30.0,1,0,9667.611366236624,0.30369517851807987,3917.4299411393026,3.5701338979783053,0.4052117728708686,0
672,45,2447.3062601551815,26.600243566812033,30.0,4,0,6865.250117194954,0.05539706578760169,910.6705089567879,2.80522721204482,0.13264928347998414,0
6904,62,2986.3756595806467,40.0,30.0,2,2,7698.394380926988,0.5992417647159173,660.0988685760532,2.5778385770824332,0.08574500550549459,0
6672,29,1512.0314836605176,9.496969244674693,9.445599704932052,1,1,3839.128321613433,0.3229726929072837,787.9582979854283,2.539053163310584,0.2052440637499402,0
6981,36,3073.1692946484513,10.808220786018472,15.28113834931465,8,4,6859.610028738999,0.14550945170799778,2051.7050100759316,2.2320963705722856,0.29909936592315234,0
2476,63,3582.394349524231,36.884750508376165,30.0,1,1,8669.677518863213,0.07404596092701288,942.489873378125,2.4200790513234844,0.1087110646650334,0
4204,30,1386.3362678432093,11.17969297560318,12.457334927527603,1,2,3170.637821164442,0.3401466686475007,1600.283459962748,2.2870625941981286,0.5047197284031107,0
6980,32,1909.0093881837822,12.116832559215034,17.416234103557002,2,3,7468.911746901229,0.2977695873624062,1291.3332227097349,3.9124541728980695,0.17289442779204015,0
6405,42,1341.0895986752214,,22.497291481419417,2,1,4610.011811402659,0.3949462092644297,776.5544352190905,3.437512166194266,0.16844955435869333,0
7615,35,3039.4578701478767,10.260675729712645,9.422053988858165,3,4,5351.927345423777,0.07781891161324386,2920.5296466284617,1.7608164265041757,0.5456968038113769,0
6276,54,1824.229777055527,32.416745140332594,30.0,2,2,2966.948963290214,0.06243491426766965,2068.1722261231353,1.6264118701532984,0.6970703748909871,0
1192,24,2331.3702092947465,1.7861863029544558,3.4803586313565775,3,0,2448.1118072836284,0.5499771055638355,3078.582507591696,1.0500742428308703,1.2575334584116173,0
6820,54,2335.907375441426,32.60491188209491,30.0,5,1,5113.107727539132,0.12405913203639338,1459.5997561869053,2.188917155404283,0.2854623516585657,0
7962,43,1457.9381308702532,23.871980198294548,24.04921897732171,2,2,5387.738208515368,0.2375602893869562,540.7730076071763,3.695450509480392,0.10037106234161114,0
6429,54,1017.3594024089963,36.452720522160774,30.0,5,1,1246.4594039623503,0.3353140098826036,425.92525634746477,1.2251908234306088,0.34170808531228347,0
7207,30,1920.5336810954266,8.800093039651742,12.92362268145659,1,3,4365.09997065739,,1347.3969608581845,2.2728578069860466,0.3086749375536672,0
1513,35,1929.717942755897,11.075952458806873,13.067799286237141,4,2,6334.852734884,0.6953752278839634,1774.5927945067901,3.282786874975613,0.28013165716302724,1
216,54,3679.4348771666587,28.003276838641764,25.879573731284687,8,2,12364.177325335959,0.12258508410708543,2798.0120699032454,3.3603468299069252,0.22629989818810836,0
4604,60,1804.248694115827,40.0,30.0,4,0,3518.404105470453,0.17146084934556552,1198.3057729989166,1.9500660396457423,0.34058218927603506,0
5425,33,1625.9807724798775,7.514527106350998,6.855830372700174,5,1,2357.9133014924714,0.05833177902029743,1509.721311163517,1.4501483297962259,0.6402785506184301,0
421,21,3684.823728067165,2.0739853916946656,6.127015959554352,3,4,5685.987049785393,0.43471219219347795,4350.780770947183,1.5430825106979857,0.7651759901759528,0
505,45,3047.451615585278,28.546497496294585,30.0,2,2,8282.883015408675,0.38666504248696343,3785.0715789837236,2.7179703110127664,0.4569751343755963,0
5316,43,1839.6821670422592,19.40251422734102,23.1345183142399,3,3,3321.67986111382,0.20141850663995597,1460.4769449034593,1.8055726802278222,0.43968022385328087,1
7115,44,2476.340166921084,22.349933806916923,23.322496465857576,1,2,7733.574657464601,0.46669072710385545,2389.0779226134814,3.1229855900936307,0.30892284983729945,1
4458,49,1899.9061717831257,25.819066922691643,29.16558964579906,8,4,3802.6507848210426,0.3336145086534929,1264.7184131966449,2.001493990228016,0.33258862955415036,1
3070,55,,33.955023639033136,30.0,4,4,3878.9386329760914,0.15214255444322716,1883.8562611677648,2.4928001866599394,0.48566281640872155,0
1582,26,2696.48198049851,7.4330293553779505,8.308562585235288,3,2,3378.785634727248,0.2558757527138132,1976.8706819877195,1.2530347538619924,0.5850831913304563,0
506,41,4224.436018631314,17.9772561913319,21.16023667614997,3,1,16085.107260865605,0.3148324147139058,4609.988816832329,3.8076342474887475,0.2865998182087501,1
2177,23,1553.8708170474142,2.9023654037254447,6.186159023247367,3,0,2044.5727814289012,0.2803094721311306,1614.6451657132372,1.3157932815250972,0.7897225182587053,0
7685,61,3656.7586669907205,,30.0,3,1,12978.219884764845,0.3430386503851746,3299.9937623552473,3.5491048402833467,0.25427167914061277,0
7002,56,3909.2558223448245,33.55007531125552,30.0,4,1,4017.3896438703005,0.33481552877890064,4279.031106718236,1.0276609734536677,1.0651272308741935,0
4844,35,1251.327279955679,12.085976989435597,13.98036252788052,7,3,4851.672114202809,0.3649022766876677,420.1067390410649,3.877220765437681,0.08659009289008676,1
6478,49,2930.1577434562532,27.430894188723826,28.526670631696895,7,1,10578.746057589371,0.2587782679843264,3415.5538248724088,3.6102991660480583,0.3228694408844452,0
7451,42,,20.634476103895754,22.913889816435784,1,3,9676.833349518698,0.3066182268052245,3250.5202669426926,2.4217143681861226,0.3359074347502704,0
1965,24,4422.532900726231,0.0,1.0,6,1,14744.90576724943,0.4550829963752343,2134.9904879265464,3.3340409440092906,0.1447951259660587,1
4140,46,1945.810933826044,22.567467186584956,25.48817067418448,1,0,3548.0717950155777,0.3209219819422293,856.6994560790254,1.8234411850276797,0.2414549382237808,0
3611,34,3175.986856614733,16.253616658419233,17.26080864295248,5,1,3914.5943777708776,0.2974127982757692,367.2884028346459,1.2325600055988337,0.09382540498200843,0
4098,38,2201.4837631604687,,23.293891243859978,0,1,6693.3910046786,0.0725222341767981,630.2738680325851,3.0403998960544283,0.09416361117885258,0
3350,42,2177.3880307874424,22.690347291676815,20.624870830140946,3,1,2868.873685062346,0.24354113002607855,1991.9374097987773,1.3175757579712748,0.6943273313741204,0
6468,47,4889.241706697107,26.335382672509816,25.603471732104737,5,0,4895.527343011654,0.24211874541132442,1537.9640155085488,1.0012856055584116,0.3141569656850117,0
5130,25,1882.8366243200735,0.20569412966962153,2.0932931817857807,1,4,5235.636537888198,0.17202898480087664,2414.815279722866,2.7807173868730546,0.4612266841381784,1
2577,49,2163.0253957578175,24.45780162239427,27.28786381213491,2,2,6008.073396744493,0.13987326338301664,451.1677259476114,2.7776249916102165,0.07509357761709087,0
347,22,1611.0227407495688,0.0,6.488600582402001,2,2,5730.741285897417,0.14115845118369405,1703.4732123454628,3.5572069474519306,0.2972518086861609,1
7065,51,2745.114773446294,27.779661987169927,30.0,4,1,6385.634999875874,0.3553228812464372,1469.4314028625897,2.326181426599941,0.2301151573635438,0
6715,48,2487.200732238327,,30.0,2,1,9479.094745823795,0.1475287854654733,2243.241279592929,3.8111498693928074,0.2366514250299306,0
333,52,4424.133225353607,31.377861293062086,30.0,5,1,11368.580912134581,0.0681885381173266,2150.8688097409577,2.569674178658109,0.18919413305535487,0
4827,21,3839.95204823236,2.0931756392296434,5.070393333777522,4,1,7589.496020322728,0.4279708403765516,5208.718057745582,1.976455936166284,0.6863061847318936,0
6946,39,2486.2005094367655,15.540858575222899,17.503460166750898,5,4,6747.530565044141,0.2220371184997123,2399.2134327916147,2.71399291385905,0.35556910927100327,1
7955,45,1691.5781324874451,20.184265242524745,22.699630557301983,5,2,5786.983772966875,0.18844721262774966,188.5991401856378,3.421056149772512,0.03259023138558874,0
3393,37,1623.0371664862057,15.192089865115479,18.32036911708734,1,1,3017.62998257323,0.01870446651107802,1491.5459385588006,1.8592488483219691,0.4942772795778333,0
6590,63,4813.247965783376,40.0,30.0,2,2,12518.788210116098,0.6879647779555463,2850.958397628922,2.60090240501013,0.22773437410860092,0
7001,35,1876.939248701022,13.843179522583414,18.453968750007363,4,1,3745.0230232472436,0.20025348128584913,422.40077643772327,1.995281960158844,0.11278990110759506,0
6173,40,,19.869303572429516,21.50514720904335,4,0,2997.2476526736295,0.426750330604051,1044.8287237591064,3.6157739286496673,0.34859606039797536,0
7492,27,2298.2040679318766,,2.1861419730982425,3,0,2908.284267292448,0.06866821509767385,3248.6782822010705,1.2654595420282126,1.117042896644186,0
3621,56,,35.776342774064844,30.0,1,2,2906.3183993174957,0.6267837498824198,1001.0681953430504,2.807959971827659,0.34444546598133774,0
5520,58,3649.287901210882,39.6437014174593,30.0,3,0,5651.696027819905,0.14441944499195697,4042.7125092364627,1.5487120174718463,0.7153096149079174,0
746,50,1758.5837696656145,26.672031199362635,26.469726648598417,7,2,5977.970133621228,0.32646039395180276,2530.4564415534583,3.399309283263719,0.42329693608231583,0
1563,38,1873.3954945440662,12.89126538608544,10.554273994763973,1,0,5527.94718489369,0.4503443378709017,2669.4487743619056,2.950763573945203,0.4829005569475684,1
7922,57,2287.0935869497002,35.17791749852814,30.0,2,2,2823.5483113773225,0.22352667744963198,845.8586628216192,1.2345573996134949,0.2995729378574049,0
3038,34,1763.9566290424195,12.737352559126718,12.558155852970938,6,1,5710.626311435677,0.8347117749833337,1764.7896646547422,3.2373961000026084,0.3090360966398213,1
3307,57,3759.115406488338,33.696609460143975,30.0,2,0,10244.599070341577,0.21207130725592616,2914.996403749502,2.725268570541653,0.2845398227626598,0
4618,32,1480.0765741826308,10.373399951789105,13.650470100816623,3,0,3050.2226551602075,0.1262240429941621,273.5082117209862,2.060854626284918,0.08966827757910698,1
6434,38,1387.7557421788413,15.508412264768348,,3,2,4496.06652961065,0.49086982666905127,361.2320842447784,3.239811151890185,0.0803440255756314,0
2275,42,5904.380394072598,22.14978095653743,23.420750873642632,3,3,6910.957634629646,0.3612196604644464,5779.307843114981,1.1704797410355792,0.836252824667285,0
6870,40,2209.304864493315,16.481190646239224,16.12692877784023,4,1,4029.6441962508893,0.4174001445759723,661.1837062324786,1.8239421190859746,0.16407992220445478,0
2333,33,4120.951676525811,10.420782703299976,13.682645262124367,2,1,11514.674291677386,0.5722046649939231,5006.073268637788,2.7941784314697156,0.43475595938098693,0
2992,33,2567.5066078837986,11.995701500185216,17.614021824317753,2,3,7820.661386291396,0.22023466437395878,2206.08686170715,3.046014122135941,0.2820844366915225,0
5896,22,5337.264032280478,5.920942359053999,10.993028117570516,4,1,5442.157181067665,0.03359307641135925,1450.6214584832364,1.0196529810316257,0.2665526573781626,0
6386,37,1672.0117286784978,,17.085704494609672,4,0,5929.617779601552,0.21198969896506287,2462.786043975028,3.546397239861543,0.41533639022185304,0
7397,23,1339.3370114237368,0.0,5.014971753626328,4,1,1726.6884957898012,0.11770629193177132,1969.2736459935602,1.2892113643259238,1.140491554090536,0
2927,39,3303.268262333734,19.532625946504407,25.159092360887726,2,2,4990.130375355981,0.09759538699909506,4304.157833550552,1.5106645839991488,0.8625341443596062,0
259,52,2489.869530414635,,30.0,5,1,3677.7480621273908,0.4131924902959126,2312.1468044854346,1.4770846492968408,0.6286854796540835,0
7328,27,3391.5646731849315,2.375427351668451,2.991615570490005,3,2,4757.9781079839595,0.2638155172728356,1076.444279374231,1.402885855488011,0.22623985544783007,0
5704,46,1572.083063779265,24.613376668852215,30.0,1,2,4530.401410116557,0.14496275664906116,283.91405687804325,2.881782467158915,0.06266863157954447,0
5312,62,946.7267334353221,40.0,30.0,3,2,3561.9948319741056,0.42732657912864325,646.5821138285977,3.7624318677987896,0.1815224738746331,1
6787,47,1194.4309727470081,20.58604446311946,21.02970040843208,4,1,1963.9069199496134,0.4671102275211669,1676.0448474139148,1.6442196868295609,0.8534237699294404,0
380,42,3075.1991543251243,23.58258826923086,24.326415093728617,2,2,11059.992821810281,0.20163765661832964,4365.125863850695,3.596512702682985,0.3946770973705043,0
5168,36,4212.361211246489,16.809715178016813,13.336969154350616,2,2,8550.694473351828,0.07653209323739162,2395.273757192263,2.0299053297049934,0.28012622420987143,0
2569,33,2216.414903819845,10.012868444426372,11.506525747575262,2,1,8510.628809044536,0.44651957030626477,3217.0696417096483,3.839817533430689,0.3780061043539766,1
2227,40,3614.692603718417,15.233170927909192,18.462747825539275,0,2,4752.135093934393,0.21630278660311555,649.6772302605771,1.314671983184931,0.13671270227351545,0
599,30,1252.053382464607,5.228156654597779,7.491149733948955,3,3,4324.086744710568,0.3404384237144398,1141.3442838231083,3.453596152744551,0.26395036714267023,1
1844,46,2135.581938302739,21.18469396572778,25.18989838396061,6,2,2789.2220265689616,0.129534867257089,2496.8880419624425,1.3060711820711992,0.8951915688956031,0
45,29,1679.764162344706,14.052959847203812,13.66309803117192,0,1,2057.798124995137,0.21784712084891267,325.50379726720087,1.2250518085364739,0.158180626813415,0
1444,35,1946.1127067158097,17.11888904176953,17.998035397336437,4,2,2145.0328292684667,0.2190534865908229,2711.6634121457605,1.1022140813665142,1.2641593989358826,0
1652,41,2254.188827958735,22.644633755495605,24.22174938021278,5,1,6334.439846084879,,,2.8100750777923897,0.21127347878379588,0
1586,30,1849.376761197068,9.773172807344576,12.626159698709028,4,3,6110.748360167846,0.050378192818498646,987.043502180646,3.3042203667642442,0.16152579749717177,1
5117,42,2710.376952787615,17.94497805587074,22.396917731517963,0,2,6544.209765685004,0.05520066640244588,1393.0854185863986,2.414501702043438,0.21287297755813606,0
1893,63,2764.1833047644104,39.17649330643448,30.0,4,0,10840.557100938264,0.5393896840845475,2247.8102922307007,3.921793855802988,0.20735191663130947,1
5324,39,3184.172158161865,15.328857342523895,16.915741235073277,5,1,12654.250871848548,0.20603108901863107,901.3753824865609,3.9741101433263895,0.07123103466296989,0
5574,34,2986.1879548622937,11.452046552293675,11.324006608927323,3,2,10450.46337652094,,2190.1466774581436,3.4996000032432173,0.20957412112258553,0
5133,21,3227.774116194662,0.506480756078977,2.015743649217792,4,2,7772.180332322531,0.13580513124201626,555.4924858080125,2.4079071374069483,0.07147189875379754,0
5322,43,1876.9624504535159,,22.982699782502216,2,2,3757.8588400343688,0.17956587726702636,902.5267103606155,2.002095907207087,0.2401704664224059,0
4381,64,1194.988263265226,40.0,30.0,2,0,3198.228660443972,0.16067583716588035,927.7922398780869,2.6763682613124793,0.2900956555586906,0
7651,36,1605.2663711691125,13.18874036882772,15.617246720863337,0,1,5244.306793297824,0.20065085556425344,312.44773248943403,3.2669386760269603,0.05957846190248431,1
2691,33,2657.821875718304,5.713853673379194,10.455093464942784,3,0,5949.418357256935,0.42857698481851086,842.5911120003799,2.238456388522667,0.14162579623815,1
2310,56,2413.249061698002,33.31121745880278,,2,1,5745.032622865919,0.17939223958680828,807.1200667810278,2.38062150900563,0.1404900754729561,0
3790,23,1986.4527516849892,0.561222945675403,8.69461994575368,0,2,4054.6622145960187,0.3136325060274247,1587.1649393493624,2.041157138601304,0.39144196368217016,0
7018,43,1638.072232126771,27.032776978329377,24.48684035617952,3,0,1904.269492804355,0.49382880165792736,669.9734771841619,1.1625064239883793,0.351827028535501,0
6226,38,1514.8828863883675,21.548160052807763,23.92604841426834,1,1,2872.229075790598,0.348305726168767,155.37596650613594,1.8960073426126556,0.0540959521006756,0
3379,46,2554.0934516817074,26.513510883636705,28.148466883199692,2,1,8188.658700448315,0.2442380607947645,835.3336245060829,3.2060920461060682,0.10201104418484919,0
4015,57,12227.693133574268,38.346661175228746,30.0,1,4,43273.94974334374,0.07453829721804787,10593.102354545372,3.539011755579964,0.24479166836798316,0
1600,24,3773.070729251705,0.79993370829467,,1,0,9670.175390702752,0.2781030607344133,2585.0792712752404,2.5629456971829923,0.267324962250491,1
6634,44,1308.2153085638724,19.35795829390018,20.952803135846835,4,0,2607.8224952873034,0.16036697301061703,243.6950529269713,1.9934199502298353,0.09344771485304772,1
5688,24,1094.3790583730292,0.0,3.1550383393133163,1,1,2027.2739932834654,0.17638353482239896,1225.9784789340754,1.8524422390696462,0.6047423698009486,0
3360,57,909.2093484508798,31.659381316555024,30.0,3,2,2753.6370095127218,0.32298010661952586,815.8146499187727,3.0286061336747103,0.29626804371834675,0
6274,31,,12.053124794799004,13.15194170060309,2,1,10872.00475911021,0.32831011310926617,1775.9251348958505,3.964310237863903,0.16334845083724892,0
2851,43,2004.7143674504907,,23.6726849376877,2,2,3344.5191802301797,0.1155044339874324,2420.4143796398694,1.6683270367756156,0.7236957688708154,0
4446,45,1972.7829195915656,28.496206609979115,30.0,5,1,3091.80329741928,0.23136218387007979,2401.3824510931195,1.5672293523604668,0.7766931528592219,0
5819,49,4172.764291293289,24.176124988388153,25.425955138455603,3,1,10743.905363131906,0.5156853227202072,5300.377386051617,2.5747692927562857,0.49333805603314884,0
1298,54,1833.8512356156377,33.57975608866821,30.0,3,2,6843.145368590575,0.1633569730182064,491.50984880929593,3.7315706070854104,0.07182513629847499,0
426,49,1704.421580011972,23.31151505864228,23.06620218079803,4,0,3014.885395012948,0.549825368744534,1036.6983658623233,1.768861313638009,0.34385995818520027,0
3441,21,2804.8872659259255,0.9744696828619208,3.469874250512129,2,3,9162.555367735633,0.25342428734534916,2357.8235680210223,3.2666394400385887,0.2573325315253967,1
805,34,2546.422608711102,14.24466365750773,14.130965149069478,3,1,3990.89816975912,0.3568157122587669,3696.293583882042,1.5672568080830676,0.9261808812589024,0
2273,63,2581.6367759093055,40.0,30.0,3,1,9794.142755662342,0.24680586929236356,531.3220255583859,3.7937725581913604,0.054248956627797745,0
410,57,1152.48368752421,32.523161127554765,30.0,2,3,2385.671427773093,,389.94434204912926,2.0700261995881637,0.1634526605422454,0
6693,37,1485.0866967461825,15.73413818875276,18.439403508595486,2,3,3857.542822000764,,,2.597520286494129,0.3427336413223556,0
665,48,2968.001447909469,28.766033975741998,30.0,7,1,4415.291558087995,0.27349978953595866,1546.0529155060342,1.4876312008533334,0.3501587370088736,0
2462,55,6493.473994103234,35.172445856722916,30.0,1,1,11682.379680915963,0.37725978973833485,2486.914569137274,1.7990954751685782,0.21287739630649347,0
438,25,1523.6650417920912,6.177705143632973,8.593221051174481,0,2,2181.1491773419134,0.5007982783345734,897.3696462980427,1.431514878609086,0.41142057389748743,1
5525,62,1791.5832945687632,39.623538219287816,30.0,4,1,4250.979950585144,,1250.6109088519713,2.3727503842395232,0.29419355616575554,0
7130,50,1635.068856698476,30.14967644014334,30.0,6,2,1841.2124620522607,0.19036606446257598,647.0019428967278,1.1260764062071544,0.3513999368522433,0
434,34,2577.511900769631,9.664963726247843,7.993164320228318,6,1,7100.543567592725,0.48994047140266633,1565.283076568707,2.754805347541767,0.2204455281019253,1
5265,25,2267.0191163452823,7.070974507170442,7.059874946171945,7,2,5844.8175828374815,0.44839357908944794,277.95834726860744,2.5781951024127476,0.04755637679519625,1
751,53,2119.1778861161742,29.470875097440725,30.0,6,0,7711.639147246722,0.29152431704330994,1942.1023200457082,3.6389767927315786,0.25184040422055987,0
1952,46,1426.7552193230777,22.91082585612149,22.47022754588238,2,2,3129.036581257962,0.2557905614251474,606.2566143189126,2.193113814395247,0.19375184615936325,0
2133,25,2712.010764384279,,10.471425638916063,1,4,3746.741264758155,0.4547456915521776,296.8683674376985,1.381536280741421,0.07923375180187704,0
5013,60,1605.6762212628473,36.07605687428841,30.0,3,2,5427.593284809623,0.1577104880208478,,3.3802538848964696,0.1517964778597423,0
3159,64,,40.0,30.0,1,2,6271.205947211392,0.077551507312311,2832.4502248672616,1.6981081391856803,0.4516595769154676,0
4775,54,4217.138125361338,32.354387462250784,30.0,3,2,14370.074662319701,0.1401913292756531,6092.166276706793,3.407541853063783,0.4239481296977033,0
7835,30,11531.965811719336,10.987315928293759,12.537602195297067,4,2,28151.901909180582,0.06679169909486113,1951.3403607198263,2.441205807302279,0.0693146902477476,0
6475,42,3789.83246927443,16.996034448793793,20.070465644878666,3,1,10334.946443554652,0.2740709361770865,5222.095612046468,2.727019341182988,0.5052852127069518,0
3135,53,,34.49226166711456,30.0,6,2,3514.8521825018765,0.1792785188837462,2549.4786668682286,1.0550808318419067,0.725344490889374,0
1049,31,2141.236547658911,,14.356875688397277,3,3,6864.458170517089,0.2985094013249108,1397.3226100164084,3.205838317126728,0.20355905379654318,1
626,56,4129.154834265305,31.52036020034729,30.0,2,0,11305.096015653535,0.24619449527326798,3080.0771776363504,2.737871663673042,0.2724503333161912,0
1775,24,3980.5993812487004,0.0,1.7014321207595324,3,3,13683.804334188591,0.40737172480039596,,3.437624092152682,0.4324636054364761,0
3039,31,5139.791900349753,6.1867688102205864,9.848682443523092,1,3,17415.515405084643,0.21332169961645583,,3.3883697516818825,0.3993885642035726,0
2178,29,5926.674402502413,5.254037761403229,6.31464795276419,5,0,13239.468421570604,0.08488136609934803,8256.263965338845,2.233878145217581,0.6236099292239863,0
1223,50,3768.3717671935115,,30.0,4,2,7796.829717577858,0.3546599133816242,2938.517478449893,2.069018185905934,0.37688619411875074,0
210,24,3446.5673343200638,2.655954395006991,5.545597488958828,3,2,8129.450169403872,0.10515227698680153,4950.871158375041,2.3587092259747315,0.6090044289844125,0
6134,21,2302.9836830289614,3.3220415873538585,5.747326827142102,1,2,3731.791414106687,0.31449834673282917,2786.9670297415673,1.6204159159297689,0.74681747195367,0
3961,54,1997.7318953804809,31.740090498034373,,3,3,7935.60389501579,0.17034596074690378,886.0875658961522,3.972306751154115,0.11165975237910852,1
6822,30,4968.422686805286,7.826987878446338,14.020565244632081,1,4,8904.182214090304,0.0942898491233213,,1.7921547290525972,0.6189175904177749,0
110,54,3307.948425037943,35.29174636007365,,1,1,10114.785577206721,0.2727007254325367,,3.057721668405608,0.24497248374002992,0
51,64,3032.5020844947717,40.0,30.0,2,1,6588.065493229982,0.2339172497202112,2291.279195569556,2.172485066676412,0.34779241310277154,0
1499,29,1332.4439800259668,3.4972986485670763,3.3073446477702437,3,1,4485.0135819435245,,171.44050820338154,3.366005362458931,0.03822519264904655,1
1109,54,2545.1331481109737,32.5654404754775,30.0,1,1,4068.379160853924,0.19778196542388685,1846.3192029336824,1.5984936441826316,0.45382181206192024,0
1464,49,3791.3962751859303,26.421285221931452,25.728603618340063,2,0,13290.768501720613,0.06539618888760955,5148.94455800828,3.5055076117225,0.387407587254394,0
7775,55,3898.144697361943,32.30582252262244,30.0,2,3,11348.987085215218,0.30524401634052356,4117.361158595335,2.911381687010133,0.3627954748454324,0
2036,49,2171.2459873665093,26.879525062813535,24.90191407542682,2,2,4547.6583128005095,0.4609850634691316,256.6335377836387,2.094492443169157,0.056432018443707634,0
652,46,1922.0861808231252,23.559707109003625,,0,1,5334.026192338577,0.09219901999598702,2607.420702813049,2.775123324623406,0.48882787762800384,0
2337,38,4006.5484915417046,10.596891452936202,11.496104180643147,3,2,11721.393230737824,0.4023883586379976,5680.251841496722,2.9255588084065534,0.4846055182758482,0
2726,50,6526.571799359788,29.858273710171673,,2,0,19458.90505914864,0.4193873829618509,2043.3984455529935,2.9814894645083694,0.10501096743839067,0
5597,43,5919.021374125375,24.19199233973355,28.601531468510622,1,3,18804.279645256735,0.2512445511722927,1426.9368179534272,3.1769237609883363,0.07588362037114053,0
4774,64,2272.1404982483346,40.0,30.0,2,3,7315.067172919857,0.3515112378570787,2130.369307927774,3.2194607589448254,0.2912303137576553,0
3855,57,3571.048667891169,31.05221020280128,30.0,2,2,11803.375718887,0.21895504201032184,1254.94885238176,3.3052967955929073,0.10632118152213622,0
7216,43,7622.873683717557,26.02959816680142,29.915377634465237,4,2,14905.465698755572,0.6364892175036144,2862.196793527535,1.9553604476739026,0.19202330550238994,0
1795,64,1497.0692032543745,40.0,30.0,2,4,5452.158012062378,0.18678613964974888,2228.178275570341,3.641887763244552,0.4086782280778932,0
1702,31,2576.7118326941313,5.94992765039214,7.197611270899169,2,1,5479.001813518265,0.14782755709350046,2836.457239378112,2.1263541169016125,0.5176959847649183,1
6440,37,2616.223338470788,17.786104415798874,19.60091624167735,5,1,5497.484551755485,0.073263741665913,3663.5601158571844,2.1013055234683544,0.6664066231322683,0
2669,50,2683.536786505733,31.80890184210189,30.0,4,1,10429.305009284248,0.14230908691858893,3950.000497483564,3.886402847812039,0.3787405291116947,1
4591,48,2360.925472426577,27.972670351897293,27.703749226952386,3,1,3064.2329338432196,0.34030847683697135,1272.2112114388096,1.2978948169396376,0.4151809731524483,0
3787,33,3029.538557342622,14.489257135844701,14.307847610989947,1,2,7997.903024442503,0.24974658479416845,2105.2259743793034,2.639974000350044,0.2632222431236654,0
5157,57,2607.64382365083,35.917947656473594,30.0,3,1,5050.212840446602,0.7537448011824561,1330.9509971351636,1.9366957997262273,0.26354354542757535,1
2945,46,2348.55473464589,23.19141173806451,23.716654636480406,1,0,8094.292655898701,0.3442850760685623,3285.2320455876256,3.446499473268244,0.40587018350436327,0
1498,49,4177.2537270263165,24.394225786944236,27.150711648500398,5,1,8335.202364498742,0.08371831921875726,919.6754107859565,1.9953785211970752,0.11033630265571404,0
2941,50,3614.464552871422,24.593626327039814,28.113945387389016,1,2,9920.428329219181,0.05779471508057378,,2.7446467337293825,0.5369251968650237,0
6924,55,3571.7930317860696,35.64813918348251,30.0,3,1,8068.619095361114,0.5935530712630761,1182.5420950531004,2.2589828199889883,0.14656065444122632,0
6482,49,,31.330998826902395,29.921580414992512,7,2,7650.089125610424,0.3400626920077478,1546.1437782770247,2.9321824336307385,0.20210794317427683,0
6217,22,6713.212459841355,1.7100902812632217,7.14297753002295,5,0,23170.347523330518,0.10765052005736406,8959.490105126915,3.4514545252271183,0.38667914221422406,0
6266,44,2131.0504358680373,23.94939097860452,26.142125579862864,4,2,2904.654841167113,0.23802654681745072,1906.6191879106896,1.3630155308754879,0.656401291089235,0
4824,64,2751.956138459531,37.982113375153794,30.0,5,0,8658.110403596858,0.22790473162394054,505.0499605521788,3.1461658427606443,0.05833258494167096,0
5876,64,2171.514567246193,39.493158747811925,30.0,2,1,3497.372934401736,0.2971217839405963,2330.5703204743536,1.6105684885351383,0.6663774107558887,0
5965,45,785.9615378977006,20.369143186824722,25.327859029473714,5,2,2468.294999493105,0.38965289910602846,1110.3708170549546,3.140478102904794,0.4498533673175139,1
3975,40,4499.54200637962,20.54599964090402,23.023999246560606,3,0,12366.41106102286,0.1402968963506956,4607.2795893222865,2.7483710660972376,0.37256400151890195,0
5202,34,2889.7622691079573,8.077633400221773,,5,2,3188.425414690187,0.4661578718132387,,1.1033521507201436,1.2773780062215636,0
2510,51,2045.0871278996176,33.696276991234456,30.0,2,2,2423.1847697785956,0.17865527342889925,1922.8326869766915,1.1848809455210345,0.7935146799195091,0
2083,45,1720.3592457382624,25.76041339639391,27.46656035144589,2,1,5663.665968999752,0.20986093794709262,1983.2483372743666,3.2921414425678797,0.3501704281519667,1
705,30,10397.10601431577,6.486766798568353,5.2964059146435165,5,1,37937.32965338524,0.25955540311832953,13344.756474040718,3.648835512607965,0.35175792803460887,0
1872,21,6057.351702112382,0.0,1.9128404324661483,4,0,7222.680325808733,0.02259265374254963,5668.529929941516,1.1923825263918497,0.7848235937683983,0
2516,30,1952.2839383668504,8.224029821626484,7.309753429158901,3,0,6221.293062969845,0.25260488523413505,,3.1866743052622564,0.05723389034148225,0
5579,54,4852.863378166792,29.2919047929573,,1,1,8108.890831699014,0.10953978713315349,3176.5324959395275,1.6709497465313379,0.3917345247172313,0
4667,31,3290.081337607868,8.698615149451724,12.846900863183063,4,3,4414.071562708675,0.16603135508205108,4688.732879700391,1.3416299202858097,1.0622240290148743,0
57,60,4613.525594812828,39.399269902227054,30.0,5,0,11861.58015610391,0.13473217884976135,4966.342470619449,2.5710446192040988,0.4186914732489325,0
1918,26,1589.462555241787,3.5747220251667886,3.1304344384338787,4,1,4601.62704566107,0.04306997891281129,857.5102701436189,2.895083643515639,0.18634936330882698,0
7902,64,1487.2760396408103,40.0,30.0,2,3,4624.2070534998975,0.3182576952793359,,3.109178747084961,0.20390048466374627,0
3728,35,2299.2191803794926,15.676032120705855,21.519666140731662,4,4,5729.343652641042,0.6318645996559353,836.5789073370664,2.4918649346407236,0.14601653488727814,0
3836,28,2260.376113147251,1.6149451386558802,4.825297249389771,1,1,4797.747547284233,0.18263049953227256,1212.86178324036,2.1225439073517967,0.2527981664910445,0
6408,58,1681.0078097727526,40.0,30.0,3,0,4757.282672315538,0.41296727790400484,,2.830018185911136,0.17166865177005305,0
4840,37,1659.7042810552534,14.466731020921754,16.26287994377618,2,1,5650.088723260921,0.08502784646969762,2068.9648681130934,3.404274356434478,0.36618272198016044,0
527,61,1737.9343283101452,38.35391728412597,30.0,4,1,5999.803912650869,0.44123588103083206,2380.957331945936,3.4522615814169972,0.39683919118182764,0
6105,58,1917.4930489643032,34.56256255797825,30.0,3,1,5214.471178503882,0.3520736626481118,2586.661249173926,2.7194211636492645,0.49605437648925355,1
6483,61,2842.999570099206,40.0,30.0,2,0,3440.196584910948,0.4548467456784851,,1.2100587777404774,0.7163426063646874,0
3209,40,4792.550873846517,13.726180237752256,13.122101408783527,3,2,12055.87193392134,0.25283932903198447,3333.1975221957105,2.515543861977882,0.2764791746681686,0
6066,50,2792.330647375279,29.16863329698888,30.0,4,1,2961.8501723926815,0.00330312305812571,2241.818355400614,1.0607089726915924,0.7568979607059592,0
5561,51,7043.37425841276,28.497544956897563,28.11022830846961,4,1,24675.757432082868,0.1904090882338953,8672.243808562023,3.5034000078314174,0.3514479274823218,0
565,31,,7.032467587857178,11.764337933883336,4,5,2955.1460037005063,0.24557225367348082,478.3843547812945,1.343029303983629,0.16188180014870665,1
7510,42,3886.8264093740354,21.85282652962817,25.206262288278722,2,0,7597.100984969562,0.23577557154784645,1865.1996604608257,1.954576866784503,0.2455146593616458,0
2862,61,3075.631557743541,35.54438435482696,30.0,0,0,5399.0901045775245,0.2550767365628661,2492.4254317003474,1.7554411193968256,0.4616380507499195,0
7538,40,5063.782926402737,13.31576048611036,15.10987931173813,3,0,9924.822058127394,0.2375601941463437,746.4544045579655,1.959961989361557,0.07521086022360443,0
2183,59,1200.0268201003487,34.35520827824245,30.0,5,3,3693.7759064344164,0.2855611471656813,,3.0780777933992636,0.2050246095773297,0
6412,21,1032.719456823729,0.0,2.159660389980753,3,1,2259.458406458114,0.1307176459410773,365.5213081960807,2.18787240961586,0.16177386012122494,1
2034,26,3223.689761960034,9.02278315608076,10.488399394625311,5,2,3856.3351390067714,0.3924801639049862,4763.771578246959,1.1962488402302345,1.23531057507463,0
640,32,3537.5226535280567,9.144543188939691,8.26813386148945,2,2,9017.887132407788,0.6316214615432764,4753.0949852677695,2.5492097198060435,0.5270741267304692,0
2445,37,3658.8824466192696,17.326871058189706,20.023410744051787,4,1,8519.003273237919,0.13583727960465572,3632.031922033275,2.328307453853648,0.4263447031935234,0
2412,41,1612.0040139810312,24.57582669003554,,2,0,6287.869606046091,0.3796831801627652,1109.0319236507062,3.9006538144514082,0.17637641890415767,0
4003,52,3337.7770245914126,27.88882183122237,,8,0,5968.016602966281,0.2705853864790402,568.1637481930245,1.7880213564286382,0.09520143558424926,0
730,50,1291.7582566543222,25.85335918867157,30.0,6,0,2167.1099394571893,0.2990889328755624,1724.9470199078664,1.6776435747893295,0.7959665490436196,0
5789,30,1752.3282673481208,9.645661887777987,7.861956899233565,2,2,2084.3927714711676,0.3310916104925071,315.31204110702754,1.189499028412967,0.15127285290117362,1
4947,59,4182.089762627394,37.013173292210574,30.0,3,1,10137.194529859424,0.43195756451783035,3308.3738115613905,2.4239543159615833,0.3263599018265332,0
1964,45,1047.273844444457,22.08923579353726,23.770046139518602,1,1,2595.120226689009,,132.01036476715362,2.477976739756765,0.05086868940002035,0
5296,24,3577.134586854776,3.7580773601200135,4.752123182709805,1,2,11155.927403959204,,3249.212154178765,3.118677011749827,0.2912543293375708,1
3479,37,1247.5300241935793,19.57460113322947,19.70662387331931,1,1,3408.6138327635513,0.40660927544348735,978.342235874956,2.7322900184041075,0.28702055553232325,1
2166,24,3451.536971052926,5.319380608443447,,4,1,12180.97508496938,0.3481244139329376,2776.7232068670182,3.529145185790506,0.2279557414326653,0
6940,24,2762.9726562744645,7.773008561658177,11.86714518716066,3,2,3441.3257709391264,0.3494146878815459,3576.352500700779,1.2455156814976733,1.0392368345077672,0
7634,28,872.4129123192587,8.086097465980927,10.392121997469516,3,3,1832.1897593229855,0.30453667276526,870.2009359010676,2.100140579593459,0.4749513152079927,1
325,61,2498.083353402481,40.0,30.0,4,4,9924.087694315707,0.31843492910649973,3552.87503394436,3.9726807677569034,0.35800520343843456,0
1820,48,1867.2471865855475,27.845266952448092,26.043432288343947,4,3,2563.485691696682,0.3825459421239167,1165.3346490648546,1.3728689538872878,0.4545898784765833,0
5021,48,1761.5149048570065,23.597018127904786,27.058716190394705,6,1,3070.508250381682,0.21019625280547094,911.8920347786147,1.7431065964388959,0.2969840692221756,0
5159,21,10698.90872506943,0.0,1.0,4,1,26705.03786888322,,2931.716798493275,2.4960524998506255,0.10978141326320001,0
290,53,4201.210254859624,29.615799774928917,30.0,3,1,5595.447564968704,0.7004503593471546,4728.748089424251,1.3318656352645855,0.84510631804137,1
1747,22,1254.9332534959713,3.389408999974796,4.5058177764653635,1,1,4509.44743204695,0.17817914802067672,1455.352954104899,3.5933763166165287,0.3227342099083475,1
3176,40,3858.6768609060346,18.23154568416632,25.637151344734242,4,1,12988.65160034181,0.37077533065118207,5238.954368889446,3.366089483142679,0.40334859461097394,0
7029,46,2120.2436388084034,21.068573233631437,,5,1,7651.3615995004075,0.2908560763127093,2210.4710512769034,3.6087181017557697,0.2888990439846988,1
2750,38,2989.818847866946,11.823222137811598,13.976929202199223,1,0,3202.9521215812815,0.1230427303536894,3278.394826648693,1.0712863502972407,1.0235541157668526,0
2372,37,2029.550869190856,9.833415227688262,11.733242552821885,2,0,2641.580799935855,0.047828243159953765,1055.4989695953545,1.3015592957219169,0.3995709575194463,0
4477,35,2507.9917314785303,15.070354649679551,18.44998050606319,4,2,5715.0093312877825,0.39088798478509584,,2.27871936719609,0.5879761721887493,0
7752,61,4351.926999507907,37.265300946409496,30.0,6,2,12737.646986666756,0.0690259638325584,1316.6649892094617,2.9268981276816137,0.10336799179532079,0
3102,22,1665.6513542994853,0.0,2.7302331371264152,3,0,3641.84190639638,0.22594945875408742,851.4756609959594,2.186437093810674,0.23380357601478055,0
5292,31,,8.201094182130024,8.562518455249576,5,2,4067.405682624435,0.08157445090319576,966.4986617444398,2.2155438254847084,0.23762042371952935,1
3464,51,2955.3754526246667,33.20421106713365,30.0,7,2,3666.628309304346,0.12813987496438317,2591.157931438383,1.2406641281560407,0.7066868285675764,0
4372,33,6928.364861277658,10.57464278895954,9.26184753616732,2,4,27570.563052392437,0.2208794390245149,5096.7437417755555,3.9793751634650714,0.18486179379398945,0
7500,58,3010.0678375635825,33.207076693670125,30.0,5,1,5026.884929337201,0.26379351708322324,4080.147716978842,1.6700238003293895,0.8116652309200187,0
6714,59,2070.137335657882,36.30441591137469,30.0,4,4,7103.005456799693,0.2833261090513351,611.4502546764545,3.4311759584503045,0.0860833147877022,0
6663,29,,11.636333867074557,10.171066740148742,2,0,5968.487347534184,0.2082848441937947,2586.634525469187,2.3438963852348462,0.4333819232335019,0
5091,22,1597.8546196998632,1.6027480324058574,1.7237152798364386,2,1,5818.393944552458,,251.22434700465735,3.641378804315358,0.04317761041943012,1
864,39,3608.852771779344,16.5015780802074,16.97957275242151,6,0,6882.576499779392,0.23724308598616542,4113.42917021422,1.9071369587587634,0.5976583290205446,0
7569,59,5489.671956822225,37.964655641039364,30.0,2,2,14477.41325430051,0.20240605047123977,2895.7197668605813,2.637209175369555,0.20001637834026798,0
6778,38,4798.239974277776,15.47397017510709,13.9506248633039,4,1,16281.365938327795,0.40576135555620274,2932.1222261812636,3.393195426991632,0.18009067772862872,0
3708,56,2371.5772596670367,33.71464186463768,30.0,2,3,3211.9498110787094,0.4874553896041684,996.9136561378133,1.3543517496578032,0.3103764737229836,0
7936,22,2891.6925325329357,0.3449726931735245,1.5511041723022831,4,1,6024.618256733686,0.2991549119670899,1195.6051114926022,2.0834228359183506,0.19845325637956898,0
371,34,3822.0493531297457,13.511002616346586,13.25966742325464,2,0,9819.327133933415,0.24886764754637472,1848.5081291099548,2.5691262008149383,0.18825201603905434,0
3477,22,1066.5900083337103,0.0,3.774949271075998,4,0,4030.516666108845,0.5563699599760767,1101.8765110017414,3.778880952021626,0.2733834399611896,0
2389,25,1922.2196122268,0.7943986285395184,1.7631680053485759,5,3,3653.678683329878,,1037.3516066268298,1.9007602773843644,0.2839197686867778,0
6318,52,,29.89580321321546,29.521895641811398,3,1,17628.773294112612,0.38236647049043343,4457.645226674124,3.7588738070718635,0.252861906628683,0
6284,59,1449.3890139692699,37.79793795432653,30.0,1,2,2397.858885852571,0.1473276185554006,668.2547647597293,1.6543928943450723,0.278688111590907,0
5663,46,2345.0777670401435,28.73124477424466,30.0,2,0,5562.088659724415,0.1793933945692708,1873.516846812169,2.371814162369824,0.3368369260954924,0
4487,23,974.7078283471558,1.376606613971649,1.0,2,1,3876.546160542606,0.26062147388516765,709.9900639133202,3.9771365816525686,0.18315016370498782,1
7669,47,3379.898145029296,24.642915184509082,28.484865606352773,3,0,8884.462382676118,0.46993677055911554,2136.162320744542,2.6286183788532806,0.24043799486504228,1
1360,52,2926.1350794649647,30.65317215527781,30.0,4,1,6912.1493769364715,0.24390751563255267,2867.4872930512042,2.3622113091923076,0.4148474138332498,0
911,24,2263.148449044416,1.8640050242346764,1.0,0,1,2480.5020398513125,0.07915477218198709,2064.228935553901,1.0960403595701693,0.8321819141409116,0
5141,46,1805.0936251658438,22.224424184962448,25.403313859862962,2,2,4192.191491021787,0.33597013731023295,1701.9630140363968,2.3224232984793947,0.40598408199659014,0
4295,63,2161.268791137603,40.0,30.0,2,1,7727.202269829858,0.08238693158538263,1283.102705543099,3.5753083103386585,0.16605009947168772,0
7976,39,2506.4372189640003,,17.658287127645373,3,3,8363.18578898294,0.5717204745329313,1164.5264293684381,3.336682732647795,0.13924435720446404,0
4602,26,3023.835357811284,1.5275398195011514,2.3617051084776497,4,3,10641.388003494025,0.16559648661961943,3987.055219267496,3.519169116137489,0.3746743580779476,1
964,28,1977.9758909538093,4.210510778943114,5.451327009824621,1,1,5737.74426163322,0.37472708254764947,1653.7915928720563,2.9008160756026173,0.28823027264050854,1
1423,49,3974.5077846433314,25.026916013814585,27.91900692592726,4,1,11105.470900779954,0.24738650952156876,1390.9509208607055,2.794175153886772,0.12524916172289613,0
122,55,2163.793029409137,27.290004001730328,30.0,1,1,3785.1937889335227,0.269608043460291,815.5519333620936,1.7493326475717221,0.21545843590530542,0
479,53,2477.007366127361,34.29363381315756,30.0,1,1,7366.866985658449,0.4195104868866382,2489.613486504851,2.9740997489143783,0.3379473922023488,0
662,53,2408.5921564298924,32.25844368981344,30.0,2,1,9298.689433566353,0.15309097400258798,559.17129826738,3.8606326142609495,0.06013442026022365,0
6692,39,2673.4536664473794,13.121961497870071,18.48974090839149,2,0,4683.12227002899,0.4293461195870986,352.8661724617857,1.751712524067103,0.07534848592787251,0
2189,47,3980.1297663670885,21.01123775030364,22.138811990672952,5,1,12112.19923524511,0.14080478136122695,2688.3639233043077,3.04316691822354,0.22195506126430592,0
5214,39,2012.2777233060267,,17.43945186836817,3,1,6082.596733895752,0.5642380056088813,2437.2642482534548,3.0227421709476987,0.4006946958478452,0
2131,30,2904.8599212091162,4.351945913086263,8.923831350502024,4,1,3757.6895091757037,0.09555464221052419,500.5793050032785,1.2935871646477213,0.13321465325459708,0
439,32,5691.199461763958,13.611078740228667,14.130891347346955,1,1,8407.454626908424,0.2893965096178226,7904.112365444445,1.4772728812956726,0.9401314329008674,0
1379,50,,24.739844312335766,26.10411852781924,7,3,10407.386833061873,0.16331687414147397,4141.279201090966,3.745151197122027,0.3979172935068652,0
1443,21,2087.4302754157516,0.8287773686192683,2.8835501447635714,5,1,7816.175988238268,0.5065829527495261,2275.373807765836,3.744400989240959,0.291110872015907,1
4379,57,1516.2898838401297,38.48029937772072,30.0,2,1,3227.0673484298513,0.16423421215464343,1750.5587721948202,2.1282654344807974,0.5424611832308256,0
4335,47,1903.4480607379862,33.181983542653725,30.0,6,2,3192.417741003916,0.004397715756527667,2767.5229643238936,1.6771761766728654,0.8669050195960863,0
1477,40,3981.995619638096,19.96732252586663,20.95573606946134,1,0,5762.818372343792,0.3607670945442678,3542.187961505542,1.4472186618998708,0.614662432969391,0
6749,41,6272.142338865832,18.247982961745546,21.189141440018442,5,1,18097.826474709338,0.400187331476578,,2.8854298096146045,0.40951638344896213,0
1173,28,1575.5363969689645,1.4878999043677297,1.0,0,3,4727.080971672024,0.11287645467080275,536.5597685447129,3.000299441362344,0.11350763224919447,1
4534,57,3663.7741847220514,33.175517827559005,30.0,2,4,7349.581650322427,0.04164211965951961,1533.5641873960578,2.0060138206579987,0.20866006534246478,0
5409,49,1507.808180857559,26.112238190155757,28.168588149313557,4,2,3518.0846166551178,0.36322755531892653,481.5074271452883,2.333244149566972,0.13686635758155533,0
2446,43,2776.4107446441226,18.80355752970032,19.402909718165162,2,1,8029.789035418471,0.5675677898035606,1576.5823761184681,2.892147370812643,0.19634169330779994,0
3948,21,2328.812117136896,1.6446350588766938,4.8014992808847285,6,5,4266.527133902585,0.1399449259212688,1481.6567519266764,1.832061548678288,0.3472746581530369,0
3085,49,4342.464578991806,,29.939679585562594,7,3,10079.758460329393,0.5004036371080219,2000.4435901229308,2.3212068347301567,0.19846146095623396,0
279,45,2127.0082289460233,22.945535220224766,26.68600940369194,4,2,3905.568259096229,0.5261712286276543,,1.8361791957107374,0.7916549863571906,0
2580,64,2509.483396623758,40.0,30.0,3,0,4793.994267628564,0.4820737863253601,3619.003870784585,1.9103510603331233,0.7549036708745985,0
4625,47,7954.324488323273,25.106284443752585,24.397359279808047,3,4,9320.097537107209,0.44150052598191303,11731.481413682992,1.1717019529174166,1.258729467902568,0
1101,45,2529.7338406035274,16.599674421282348,15.361149873002146,3,2,6549.99492504627,0.316723470356821,1376.1493704480638,2.5892031880648814,0.21009930331180257,1
6224,23,2188.415562470821,0.0,4.855426516790436,4,4,4974.402884152877,0.4209084868020432,557.0979082511052,2.2730613734699223,0.11199292080379553,0
1694,40,2867.5658742470205,12.637425384398341,16.49350257155803,3,2,7510.16554675814,0.11588243712313884,3035.3227348624077,2.6190036693508207,0.40416189443022915,0
2142,35,2799.2973275778327,10.191266772718807,8.05950052493687,2,2,7297.859247597338,0.16709283739388153,2869.932806312021,2.6070325490976005,0.39325680435079424,0
3317,52,1653.6837277191917,31.308294577793916,30.0,3,3,5605.257565267636,0.49249721781190825,1496.3918803134748,3.3895583969968484,0.2669621980594974,0
2423,62,7120.0634691875075,40.0,30.0,1,1,13899.773077891867,0.21487166237351987,7756.624328246361,1.9521979176230593,0.5580396373940504,0
6285,50,6594.605953828042,30.37860907047517,30.0,2,0,19137.021450382326,0.13791378989789124,5058.997150619434,2.9019203852921116,0.26435655954800447,0
5070,44,3184.6095682760006,22.487916879280494,22.939032998522134,1,1,9811.93161165946,0.1530555254523593,2015.5518906239454,3.081046954516055,0.20541846095104016,0
577,29,2854.0437083620973,8.679690100758258,10.288071844754459,5,1,5817.320935532405,0.3630196809443096,456.83720690109595,2.0382732466528686,0.0785305146413219,0
59,22,1932.7622470791255,,1.0,6,2,2220.455035149655,0.31926687867845815,1644.6482179571726,1.1488505834099891,0.7406807127019017,0
787,47,2107.390698425212,25.514614187549284,24.30650083438356,3,1,7472.369829862498,0.19295511691997927,2370.239313926617,3.545792356133283,0.3172004822960205,0
2543,28,3796.5758489486793,8.163621933862407,12.348180095499231,2,2,9302.220023009704,0.32455334991683604,2179.956445754273,2.4501604585578365,0.23434797718845557,1
5831,50,3124.5461766776384,28.91119486500198,30.0,1,1,6941.900820708295,0.18142467800431158,3095.3403644629475,2.221730910083617,0.4458923347376669,0
5108,63,1542.0289546311442,40.0,30.0,3,0,4708.9430924737435,0.4428654295964528,,3.0537319538206273,0.11006073680682449,0
4304,24,,4.841629723776903,4.7547720783180925,0,0,3236.143674631484,0.2158690471648446,1585.2119836269192,1.2841532684579788,0.4898459842971698,0
7084,24,1828.1313043574028,2.559753423437974,1.7736970966811243,4,2,3410.353612064374,0.039454884263442916,281.9406608881392,1.8654861409219892,0.08267197275108176,1
5360,26,2059.772392149819,7.24386037798136,11.989231612474184,0,1,2910.4741793545113,0.3601997388522457,1396.364906183702,1.4130076655298796,0.47977230517584923,0
7511,25,2371.9885448174023,0.0,,2,0,6828.46262928447,0.2123750677226142,514.8254922503065,2.878792414155664,0.07539405576336196,1
7553,46,3724.496849171753,26.673823030286993,30.0,7,2,9435.836718786784,0.14380139878377401,,2.5334527322489504,0.5354034608356223,1
3907,31,1822.1881997684861,8.60625301661753,11.367084101639314,6,3,4991.560116641362,0.37565268403344765,254.72281002269298,2.7393219412108762,0.051030700636755355,1
7497,43,2301.794908291244,17.968541411386113,19.67662416679993,2,2,5725.2749025237135,0.18979245045327447,2086.2409504061925,2.4873088744356973,0.36439140232141043,0
6403,42,1494.437673297504,17.16593703258477,24.50785768413749,3,2,5867.084049366873,0.6009435636144386,1372.0472136253472,3.9259476351536593,0.23385504657520753,1
5163,35,,13.067506532679944,12.75618482356579,4,2,3287.5465894142353,0.27391036244670075,224.44938560517448,3.4082146320790225,0.0682726098324788,1
6793,35,1026.1845537440913,10.137804243144608,10.231471941807875,3,0,2603.5956071528954,0.23731460573648286,1365.2466841522203,2.537161174033981,0.524369714099017,0
184,35,2521.748359566799,16.406505690576108,19.072927643046835,1,2,8600.304970217981,0.2440381192493248,2390.9656048052802,3.410453282378815,0.2780093976998445,1
2470,56,3449.2984437566583,,,2,2,7899.815593498885,0.39213345466506144,3187.2620209850998,2.2902673463346748,0.4034603065428567,0
2515,31,1581.5389274525924,7.75160373258903,12.954701588200642,0,0,5282.649371032953,0.2263696063745622,2163.1044961978027,3.3401956027359967,0.40947341840611995,0
420,60,4016.283362234067,34.86646125080638,30.0,3,0,11271.157538794077,0.14846536238053784,489.13716954103467,2.806365119747046,0.04339724361561611,0
553,43,2712.223584816109,18.867766143381235,20.459620800511708,7,1,10087.02085728469,0.17473412946669917,,3.7190963583367695,0.08160130565465724,1
1397,43,2559.9303650662373,20.512538947285233,21.643145033079524,2,4,3866.1446437893355,0.039679387064665554,3584.5726376972348,1.5102538321151953,0.9271698210918145,0
7156,50,3060.7036893652207,30.24893506999569,30.0,4,1,7322.664886908232,0.07347391136601415,3659.250647627382,2.3924775574818637,0.49971570516213903,0
2407,52,5797.182001560227,,30.0,6,1,11594.698611919386,0.4086510476013723,1894.1470203715157,2.000057719215792,0.16336319586818124,1
6828,32,1748.290299233173,12.942137056362693,15.424183832713595,8,0,3812.3890467391125,0.10493690966997725,1534.3188383467636,2.18063844912443,0.40245599794153414,1
1760,26,3416.5394925956944,8.660264459208676,12.012709636785218,4,2,8484.613588788903,0.10560863026751317,4064.5121008783262,2.4833939742762263,0.47904504528632236,0
7521,64,1962.0338360584444,40.0,30.0,2,1,6801.682952207716,0.48009328767597037,2523.6741814796596,3.4666491612966808,0.3710367271177372,0
297,37,7193.556227958501,12.772466194115673,18.028334139218984,4,5,23931.654131479474,0.21241339829792752,6103.785381126148,3.326818248596796,0.25505071014281816,0
443,41,,17.630058329731913,20.888873358673155,1,4,4993.264558290829,0.38735025705158116,283.94649638226053,3.482278391127578,0.056865902670988074,0
3538,32,2917.948545351134,8.970628861434122,12.061125057872548,5,1,6765.040170893552,,705.7927869051556,2.318423394295829,0.1043294302880587,0
1119,53,2060.8598941093796,34.93689788884662,30.0,3,1,7742.101990904707,0.14271523676587072,2716.7633873931936,3.7567337852680813,0.3509077238435766,0
2673,31,1433.868353158791,10.11882146552167,12.158413478624702,1,2,1983.5210713132785,0.267191552328859,1167.7295195511176,1.3833355530468405,0.5887154598150904,0
2605,22,1898.9506208414123,4.197044342151094,2.3894879848013977,1,1,7503.557384556587,0.28879258177544986,1194.4574083183857,3.95142311874956,0.1591854832451542,1
1921,53,5094.572164296258,32.27669176452595,30.0,2,1,17687.428794948173,0.31878104759350473,6573.542721103512,3.4718182851359094,0.37165055460073576,0
655,48,1838.3136804679002,26.868807698139463,27.023622435620474,4,2,3267.5189706060914,,1931.5753859547533,1.7774545254836052,0.591144352437062,0
4708,49,1337.3771840831298,24.710463295530737,28.090750428598742,3,2,3260.2458878497546,0.2709380700001873,1882.1232591711032,2.4377908690620385,0.5772948801761786,0
5531,57,2189.028912981274,34.48007045630134,30.0,2,2,4112.241369410987,0.5668236536757282,510.32398052837465,1.8785687777008202,0.12409874194750159,0
3043,50,2536.0108128923985,28.655426958956348,30.0,1,3,9785.351296193441,0.5613011471317566,2533.7579744228983,3.8585605575683437,0.2589337774116035,0
4239,29,,5.978485400168033,6.722815651144737,5,2,2230.48538410932,0.05973208737129397,426.68906301220136,1.083500589538997,0.1912987487172382,0
6203,60,1509.2066299207643,39.867713964926175,30.0,1,2,3236.125579544087,0.2826930953689317,1136.8812928546733,2.144256137884836,0.3513093867682477,0
4050,52,4610.96186774609,33.17809291980407,30.0,5,2,13491.991960072104,0.1999799666522236,6738.416413923335,2.9260688652511453,0.49943821741554933,0
6704,56,3827.302054466253,40.0,,4,1,7245.898167720506,0.09024518479172723,1230.0503886762256,1.8932130426614584,0.16975816664881288,0
6220,59,2598.0151067400025,,30.0,1,1,4988.943992399922,0.13862780998011,1691.3158591350013,1.9202906016432153,0.3390127974400044,0
558,34,1623.3145114648937,16.982066167252675,17.66630323783377,5,0,5296.358003297731,0.30340304183684613,2052.065734136426,3.262681363279534,0.38744845662976807,1
6739,32,2144.080067698563,14.235274405428603,14.479592190978726,1,4,4154.5444621214065,0.3259866438903993,1763.819939397522,1.9376815841494475,0.4245519467847685,1
1371,35,2124.096125086522,13.943226385561319,14.664136470880939,1,2,5527.183006654941,0.2794010437761663,303.19947699374086,2.6021341225457952,0.054856058977724644,0
907,64,2147.1388625116106,40.0,30.0,1,1,5185.819820158275,0.1349696349029459,1024.122081500265,2.415223305162562,0.1974850876074225,0
4010,42,4361.5216748020985,17.420824730170754,21.595527552003716,3,1,13559.53641440947,0.2298682685031512,,3.108900385098906,0.34952143464019625,1
1433,25,3082.05903018363,0.0,2.451575095915618,3,4,4724.822223754083,0.0874931304587611,3312.0374234607734,1.5330083484716959,0.700986675606434,1
7798,56,5867.623739623208,32.587133296875265,,5,0,7765.209644540907,0.18039910746457014,2122.7274372003712,1.323399384337407,0.27336382845667145,0
4412,30,2642.9862640788942,9.503477535825038,11.921639700309417,3,2,9848.289218517542,0.38862313047504715,2152.2928123350725,3.7261976546630917,0.21854484211208575,0
5028,63,1981.3788663221762,39.87030054319974,30.0,4,0,6560.937129137447,0.35680194447932634,1963.8958240932598,3.3112986318037296,0.2993316023973924,0
5964,28,2763.4405553954884,,5.849265636934032,6,1,7840.5532676879875,0.27438351175492326,3515.3362499839923,2.8372433242248234,0.44835308554961073,1
926,23,2278.267232185189,0.5905692721129074,4.11047410887166,1,1,6118.639753214443,0.7351049036670774,2732.90578892182,2.685654986726811,0.44665250760777037,1
3196,49,822.9139720792887,24.194466710654936,24.521968900123753,2,0,2930.468676707596,0.07236222927539418,1071.5671841180426,3.5610875208535675,0.36566409756747736,0
15,23,3551.449046306505,4.2522219317503565,6.784236056903454,1,1,9745.946780321738,0.176642264355855,1187.4065279647796,2.7442169810819865,0.12183593392509583,1
7240,54,4505.06007942373,31.34639378551964,30.0,4,2,11772.90070346578,0.14603420019018126,3815.122656051835,2.613261642666423,0.3240596988071695,0
7286,39,2290.9673016397433,13.449328956328845,14.47365120319881,5,0,6454.405884131686,0.17374287212423994,1914.0717531151977,2.8173278071284527,0.2965527404808845,1
5702,62,3963.551630438157,38.552241977224675,30.0,3,1,15739.856450029438,0.16228354337995365,2967.7040183667573,3.971149594508865,0.1885470828649906,0
1161,23,1763.3904293302905,1.3022063503119743,1.0,3,2,4269.244961997366,0.40166335655787244,331.0083966479028,2.421043514236811,0.07753324055995152,1
3590,64,,40.0,30.0,4,2,5896.695343757588,0.4343786095134798,1614.0807034801799,1.4160912889809107,0.2737263177737158,0
4247,62,2061.3204393881306,38.804362800875516,30.0,1,2,2281.791300838075,0.09851293783890669,544.8674595501643,1.1069561322136736,0.23878934911796748,0
7323,38,1780.9246765718726,19.15419893276495,20.888742090562882,0,0,2654.5546894938134,0.11822454892265079,459.8226455233565,1.4905485472881446,0.17322025699573676,0
4934,28,5016.523272593569,8.347950139048905,8.696002210219545,3,3,20023.652596456584,0.5021166862603609,2845.434663699925,3.9915398590594497,0.14210367713847857,1
5587,36,3779.138147539493,13.21929839111735,14.652665664106445,4,1,10305.144772606545,0.4413284090092546,3208.3696650919865,2.726850506726244,0.31133669015699555,1
3922,32,2499.4970029697806,13.217275710766497,10.92807258582053,4,4,6276.329353154833,0.4180731076469083,2131.1790011182884,2.5110369589151755,0.3395581846014883,1
1362,36,1205.5536725325794,12.684406908140758,15.686889211786685,2,0,1833.2784230121877,0.5455992170361399,1278.0490635791473,1.5206941547122568,0.697138551098657,0
1212,40,2400.356190887483,23.59139459970587,22.659521348458135,3,1,2528.130464864936,0.3739742475403427,2141.006325978008,1.053231380601981,0.8468733539399795,0
1876,43,1522.0151176143113,21.829897213099322,23.57460840725276,3,2,3821.0965977646883,0.3812731578487896,1002.4023886835696,2.5105510146010124,0.2623336948011121,0
2517,35,3803.748124546548,11.037111943983716,12.281993755070697,5,0,7728.364661601949,0.22386100465749262,1663.684520026662,2.031776134631223,0.2152699300400003,0
3034,50,2932.4588510013996,30.492752640100036,30.0,2,0,11620.528298264016,0.47100334493669616,3853.238276326475,3.9627251015971616,0.33158890692621157,0
6221,48,2912.2098497354714,26.953366896088937,28.09448149281286,4,2,8155.332428258396,0.00678675404384517,703.1337191632895,2.800393120364997,0.08621766498774673,0
7333,29,737.0362992376573,7.273978200483493,9.94249986623659,1,3,2701.937369682178,0.23686041181608594,773.0172855876291,3.66594884468633,0.286097410791782,0
1170,52,1573.607541643899,25.881627475862146,29.02256115709701,4,0,4777.167464663277,0.3717559796173303,1314.5878879236254,3.0358061576603266,0.2751814537898527,0
6329,35,3398.6432752406918,15.274509199016698,21.17203179886322,3,1,5136.197043321997,0.17831644915648928,4275.428361716232,1.5112492331100125,0.8324112812757207,0
6519,30,4464.014368053952,10.835382329480268,13.15299096105629,3,0,10616.973633603102,0.3054866164657335,1876.451249225258,2.3783466535372013,0.176740690330644,0
3892,46,1690.111297163493,22.58871764160551,25.423352958339713,3,2,3917.0582118333023,0.13366804958495246,2178.681731079411,2.31763329338564,0.5562035622798982,0
1833,26,2539.435646009362,3.3343830151534726,5.845248926314835,5,1,7212.918392256704,0.27542137790203003,3716.3620110819456,2.8403627410647574,0.5152369414121721,0
4991,59,3021.343543782544,34.36842115825332,30.0,5,3,6131.700712167211,0.08228361348992318,2870.6847795836306,2.02946160319481,0.4681710530794979,0
1859,59,2106.9135878560455,31.62695343592339,30.0,3,2,4469.647649746101,0.1601214293828792,1906.914509853277,2.12141953780569,0.42663642848035227,0
3204,38,,18.19280669630843,19.62415214822776,3,3,7473.68188554501,0.12149399726060019,2406.744379351332,2.6427444619153952,0.3220292776986216,0
4012,24,3925.076580743433,1.289045484281775,1.4736533236582523,3,1,5183.13733256897,0.25309267743380887,1398.0546671301493,1.3205187786647599,0.2697313571734395,0
4190,30,2100.0166004061925,10.474319622420003,8.52441588104938,3,2,3980.9488547729798,0.06388358537061313,2905.4452714964987,1.8956749456185111,0.7298373773410828,0
3715,45,1616.5730278786605,23.528412999951353,28.66550037972728,2,0,4543.50698903023,0.1573209097474008,,2.810579485538258,0.4905493510564855,0
5719,62,4234.789369834381,40.0,30.0,0,1,12801.09824116374,0.290145374718675,1289.896321425009,3.0228417810693564,0.10076450450768086,0
387,63,3451.3663743448637,38.74855283366081,30.0,6,2,4172.598472582792,0.03612487025666554,2846.458125720669,1.2089700194100177,0.6821787776667481,0
5111,24,1890.0034421139987,1.3800032714219124,1.0,3,2,4997.6944981081215,0.0814606861071146,1210.8341029505943,2.6442779874083833,0.24227853531442467,0
1032,35,1384.2637163956722,10.87213129008179,11.048917389231505,5,2,2186.6315905566184,0.5616016457940773,1097.1666010812849,1.5796351263544934,0.5017610674882802,0
5482,21,3103.88654474619,3.311819890258259,4.8773948293791705,3,3,5843.858908684947,0.2637188659575945,2380.6322520655203,1.882755321252507,0.4073733280123352,0
6384,50,1345.6248581898155,28.615393092655825,30.0,4,3,3711.170293131447,0.5665771845855884,,2.7579531327355613,0.4401503867034781,0
3834,33,2658.130215240388,14.180800173134593,14.509402959349737,4,1,3234.2620621079705,0.690018261074201,3654.1564893225686,1.2167432744883342,1.1298269648999706,0
5212,37,2188.03222813183,14.597870364220833,13.173569419352184,8,1,3366.0851962168385,0.28499085041805283,1640.2822022681705,1.5384075028414208,0.48729669828669003,0
931,43,4357.57286486781,23.35437196291026,20.694482546653052,1,0,5939.90007148897,0.40850399134942317,4465.807879221434,1.3631212272727335,0.7518321563450104,0
4235,48,3595.2562851334724,26.956808486213017,29.73688772489239,4,1,7026.216551880093,0.1528166962558093,3468.9077420638646,1.954302000926548,0.49370919846409306,0
691,55,3149.107757840003,34.52551912572153,30.0,0,1,3497.4108901073832,0.05005569850320657,339.27956844433703,1.1106037516182945,0.09700878138282457,0
1891,40,2792.3585819887307,16.58050180641927,18.87768395111335,4,2,8861.753950386814,0.1751908777191539,3436.2530637315,3.173573053098156,0.38776218375838656,0
3757,60,1865.9706114458377,36.806881066581674,30.0,2,4,2091.2356260248794,0.7534756498522299,206.07092699335584,1.1207227022747674,0.09854027180335738,0
4332,21,2403.722775507507,0.0,2.820127934992017,1,2,9059.863444511582,,3151.021564290072,3.7690966432677495,0.3478001168106948,1
6361,28,1450.2039460043122,4.937756273676978,9.350150725284383,3,0,2946.2286565490645,0.2004370923116172,440.0398981632773,2.031596083203806,0.14935700838600177,0
2492,22,4435.6141429871695,2.878476016260367,2.4628274307086757,2,0,9107.817245835686,0.6514997949192888,3923.3256699490967,2.0533384898313125,0.4307646458039039,1
6769,34,2841.194372328954,8.403872079830993,13.755659003340902,3,4,11092.037869813177,0.33276154880848424,884.4379686378976,3.9040052936332295,0.07973629183550508,1
44,34,1566.0942878890557,,17.057562149333144,8,1,4772.24421059246,,1318.0727078594437,3.0472266245380317,0.27619556956742763,1
5362,63,6707.0280588424275,38.3101601930114,30.0,3,4,26826.341172887074,0.13041192925985987,7654.197862716223,3.9997359393061878,0.28532395876826433,0
2263,21,2570.7526326182447,2.2611584671416383,2.909272863002779,3,0,3881.148892595473,0.15631044691535892,2989.255784456219,1.5097325364372471,0.770198687857396,0
7057,58,1171.8875321634023,36.81292769942259,30.0,2,1,3406.593500613322,0.1215389481274032,1510.6062069749603,2.906928700166701,0.44343600335731026,0
3395,47,2241.377903422401,22.23098290864329,25.24310197870674,2,3,5104.383522289852,0.38687127555919787,3328.0465847316086,2.2773417702101355,0.6519977525588888,0
5040,62,2592.0825960129473,39.87418650755634,30.0,4,0,4920.720114345459,0.16927779671956528,510.5032671790793,1.8983654772090757,0.10374564196219989,0
3014,46,1328.569987158381,26.61195137523578,30.0,3,0,5191.198138123905,0.31690223482848884,1804.8989601948658,3.9073576765249127,0.34768446747192644,0
1683,64,1948.0922839239033,40.0,30.0,1,4,4885.128164954724,0.18725934505827024,625.841376471119,2.507647201966715,0.12811155722808337,1
5974,63,2638.1574142930895,35.44066190663858,30.0,3,5,8380.94416637131,0.568137052119073,1556.8170243257143,3.1768173199084995,0.1857567588354151,0
7852,49,6383.779846513063,23.642354251277723,26.269017133764255,0,2,15962.386531300292,0.14166112869583308,1488.7243562410822,2.500460058944426,0.09326452240220318,0
63,49,2718.4211569064437,28.407315509697238,30.0,5,1,9255.436387058238,0.13867944772160565,1725.8995993484361,3.4047102537970613,0.18647414634730136,0
3459,29,1921.5351976399668,6.737465240791417,8.174153313511795,4,1,6109.345070069133,0.5867782296780817,347.0560729811614,3.1794083593017928,0.05680741045082826,1
4803,57,3627.2123650424774,,30.0,2,0,13307.380413644898,0.23571193919444927,747.4366345296129,3.668762419839473,0.05616707505883118,0
3424,36,3210.3181203155923,14.516623915957057,17.939925336829095,2,0,12424.732869626478,,2453.972985854589,3.8702497397376483,0.1975071022938107,1
227,40,1316.018178618235,20.33701893509756,25.18219361650314,2,2,3826.525968117251,0.429896929815037,723.63292775343,2.907654339649735,0.18910963463537553,0
4125,40,5950.082824654303,18.627223852730697,23.035224557438415,4,1,6363.382106533904,0.15549169449827066,6146.712283718557,1.0694610972753331,0.9659505245500075,0
5014,39,1528.54398890774,23.594143550758332,22.773335157515557,2,3,4474.767257693221,0.5641504429439956,,2.927470383688977,0.3359840675707404,1
5388,48,1716.2216922904947,26.569157588618868,25.817999911631624,3,2,6083.207903374636,0.29530844153628455,1579.641243407603,3.544535027555733,0.259672407798409,0
7349,34,5395.582959607903,14.439830818643134,16.08148858567803,2,1,9986.315547343176,0.5614264346656979,4202.35057579413,1.8508316195121355,0.4208109142828108,0
969,50,2698.272541666478,27.79924267099586,27.39305981346241,4,1,9987.649216802598,0.5268859915716656,296.65841855957757,3.7014975554078515,0.029702526802853464,0
1805,48,10040.261934311218,23.563095953952402,22.92735483176737,5,3,38917.55340435926,0.4116833668737164,9873.515813335614,3.8761492139327425,0.2537034050097726,1
4210,54,1009.5209418206175,29.889933106124236,28.073488864439987,2,2,2279.1744488028007,0.2628255049128466,422.1993668987106,2.257679216334463,0.1852422341433682,0
3412,33,,13.597038956138176,15.42039768224859,1,0,4285.170464968664,0.1879858339334447,1803.1012553633627,3.2044409053703484,0.42077701928167005,0
4245,63,3653.3363753274616,40.0,30.0,1,1,6187.279826107879,0.11901405740322303,4224.765835334472,1.6935970823527824,0.6828147350807746,0
5681,47,2746.0806706697435,23.60101277028921,23.929788254300863,3,0,3814.137323978285,0.1779977930187069,2325.01597227618,1.388938556946345,0.6095784642203451,0
2698,55,2234.9129511773667,35.70252936784178,30.0,2,1,7905.6147122753455,0.14955264090509585,2774.2575332989527,3.5373255625507096,0.3509224309896179,0
6804,46,3082.2204734801726,26.527380162342848,29.490332886814112,3,4,9913.963905986106,0.2671219641501097,2269.0466242520606,3.2165005687578634,0.22887380323041098,0
1860,45,3593.2976804806062,24.550041557517943,28.838929836611808,5,1,7014.1813653919835,0.26528767732931663,4500.225749588588,1.9520178925042,0.6415895904535248,0
3978,24,1361.7109458291784,2.8403631203883446,1.5165539062714521,4,1,1371.9839410107477,0.09980630722002001,1981.9554006366288,1.0075441819815245,1.4445908158199812,0
5128,58,3073.451784326786,38.273423768728485,30.0,5,1,11695.219261009475,0.19300125901310197,1893.151000901171,3.805239216912334,0.16187392118527613,0
7937,31,1936.6272204063125,12.49380987588922,16.663688948763028,6,0,5144.925538997513,0.18330798776432763,1679.4581465865226,2.656642168810416,0.32643001999864985,0
2833,42,2072.1784523633664,19.737111914085233,23.209804021313243,3,1,3682.9548953861186,0.5236457456564739,2228.3255806453144,1.777334809743642,0.605037434326683,1
252,36,2295.4315567897033,17.93544254958238,15.078507046191248,3,1,5850.326574815077,0.36156158111213005,2360.7634655508027,2.5486826464114243,0.4035267835668514,0
3815,45,1480.9932059549346,22.653333338399676,23.946141925084078,1,1,1794.2211794612278,0.320673411638885,1984.267251859087,1.2114985890865893,1.1059212066903181,0
7994,48,3587.8943136269713,23.632513336365918,25.65690886346784,4,4,11812.605926484646,0.28375733124077185,2031.9801679199263,3.2923505805675153,0.1720179425747279,0
1789,45,3308.86016651462,23.316779414453123,26.432902220954922,3,0,11623.323708692682,0.12793587460029407,666.0197279909805,3.512787825342309,0.05730028214673978,0
6609,32,4803.406416120855,12.37492259414214,11.698129898681199,5,1,8500.972803549588,0.2702108572913813,3956.7752368598403,1.7697800408933169,0.4654496994988251,0
2059,31,4627.72993233322,10.472031313634202,12.0211740862241,3,1,9204.626508137198,0.25555993139530336,,1.9890154876640322,0.26701109243423415,0
6899,62,3127.733181080312,38.38182519700666,30.0,1,1,10311.77717699617,0.6856492954462348,821.2671207365644,3.296885181693953,0.07964360620288348,0
2855,25,2887.656630890195,7.092758371025325,9.53184639027507,2,3,3926.7037284133503,0.05654217388845382,3405.959574414686,1.3598236322172563,0.8673838949879012,0
5781,43,2771.0018059610697,22.036943811660244,21.18937722392521,2,0,6977.859284527067,0.5240405489631935,897.6349732872359,2.518172045040197,0.1286404521337484,0
1902,57,3857.5279176486324,37.69954770247148,30.0,5,2,10471.823509151276,0.42382118574971395,4707.942457172659,2.7146462015845647,0.44958191408195625,0
2119,47,,29.860550478794167,30.0,4,0,4881.808450585496,0.48427556162570656,2177.24323044709,1.0866077205038054,0.44599112244683914,0
5905,59,3877.849503289301,40.0,30.0,7,2,8306.433786205205,0.0968659821798733,3872.1696663637067,2.142020668713279,0.46616511562330865,0
2683,31,4019.555689944511,7.38056983141257,9.268345441545872,3,0,9021.899947316379,0.3235655325618715,5204.4264077279695,2.2445017915502308,0.5768658972189178,0
6785,26,1517.8824790478252,1.5334833263213303,1.8187311682567646,3,3,4650.8979649138355,,,3.0640698664835804,0.09372209659578315,1
5527,53,2894.6862948561343,28.858961987618986,30.0,3,1,6984.219303076174,0.10322282929818638,2627.22030274264,2.412772435993203,0.37616520741058207,0
4567,21,1131.8236931434305,0.0,1.0,8,0,4155.62149697378,0.09099990275594198,1239.1091499150357,3.6716155724150923,0.2981766146934661,1
75,43,2015.2290810260927,,20.729547320765263,1,1,3923.1770478556546,0.3677728180966507,2561.2319525749303,1.9467648044549324,0.6528463847877726,0
6956,46,1318.6519931889618,22.706277110162706,25.022175736865783,2,3,4973.302071904417,0.2675239187273796,1403.974197264672,3.771504610459984,0.282302216307374,1
430,36,2609.339793950665,13.756870011015438,14.911951339058136,3,1,6287.649726442262,0.40997711124976716,2737.810344490684,2.4096707301284286,0.435426663953149,0
4087,64,1281.184589873354,40.0,30.0,3,0,4516.132953311575,0.46098291807258934,988.6409302018282,3.5249666511817765,0.21891315876271553,0
4434,59,1454.4243281453978,39.63029681854478,30.0,3,1,4309.580082093412,0.14334419164870205,,2.963083055402925,0.20108487695934057,0
7807,51,3335.642433080254,23.890953766603552,27.973935154153907,0,2,7307.240161758317,0.3521603225068419,,2.1906545165905404,0.5998242967809392,0
3710,52,2904.3259255410494,32.692447501952614,30.0,4,1,5884.819835976361,0.11735095157662187,2388.150310973479,2.0262257015386704,0.4058153652170826,0
5710,40,4147.437082442949,16.9067829008222,18.45107980337474,3,0,11657.331988345848,0.2593372439334866,5983.341465799987,2.810731484678575,0.5132685139088169,0
5340,54,3581.119769039448,35.41539277319722,30.0,3,4,13699.38737557623,,4099.9410830844545,3.825447976918899,0.29927915538719485,0
6591,27,2103.7719431874743,5.364859413013554,6.059863342628093,4,0,2688.3294654724314,0.23108215248965827,897.1271096800293,1.277861639983315,0.3337117422556589,0
2301,38,2831.6107674583864,13.756210987069485,13.361959633006881,3,0,3829.486734009164,,2071.6988600790305,1.3524057677766415,0.540986039116038,0
5019,39,3842.359441941994,14.63787534325279,18.89634060784276,2,1,12951.62403596473,0.22618263470949976,1963.0083188879917,3.3707476439056827,0.15156464652131732,1
240,38,4100.28482615774,14.4917082329074,15.43527779274349,2,3,6022.682039414785,0.11896608580784014,502.31746964059147,1.4688447985352444,0.08340428173913708,0
783,45,,24.298860696585756,23.471393402064606,5,1,7364.47112695863,0.33634672612759053,661.2353371870917,3.787533201593858,0.08978721292918801,1
1354,45,1691.6644896172156,26.711407952702118,26.57371513798449,2,1,3326.807198366249,0.15441128590293077,1389.4435393131914,1.966588066832938,0.41765075535352,0
4456,27,2866.7374660170844,3.4267536316443232,3.9675259940023775,4,0,4172.756552629689,0.31710881086249176,3090.554869249575,1.4555768018852207,0.74065065389494,0
977,24,1455.0118154702316,,2.482312200324061,1,0,4391.623422363181,0.0971592904567909,1273.450532817062,3.0182733746006685,0.2899726161246777,0
809,46,,24.15790286750656,26.305713226866768,5,0,6952.053878261308,0.25288132868790253,6468.865935454285,1.2926943834406088,0.9304970946330084,0
2168,58,3349.3199974209388,35.44084720597291,30.0,2,1,8880.568141124291,0.3718294944674209,1356.141826470164,2.6514540706658525,0.15270890385831493,0
1599,56,1700.4313115830023,35.736035338150714,30.0,3,5,2944.983192674311,0.14307516074744794,,1.7319036485706107,0.7171762876813317,0
6807,41,5065.703815110138,18.24325794007493,19.90957490886798,2,0,19113.551863113385,0.2100116779877167,646.3191950736989,3.773128584048063,0.03381470904531402,1
3127,34,1756.7730707654293,8.381591578401903,8.127320585022002,4,1,2607.1586860241405,0.15374955426419903,299.34399825339597,1.4840611627136318,0.1148161789529923,0
1620,53,1772.0101540996188,30.23014654805491,30.0,6,0,3314.38557259522,0.19262760709491514,600.3800696021892,1.870410034009823,0.1811437011331429,0
2818,60,1323.0208028170457,,30.0,7,3,4485.595346101286,0.012788610070552934,,3.390419361925617,0.14370378191468147,0
1482,44,3744.882848501949,27.304210004381176,28.87674550733805,4,2,8295.837700802505,0.4173614662201494,3581.9335154499877,2.215246253730222,0.43177478208180065,0
5537,61,3538.95015127832,35.2077228263119,30.0,1,1,12011.846105967821,0.5269618518282118,2554.2178131463684,3.3941834703800415,0.21264156988136582,0
1801,57,2656.9477717154123,38.29768593708128,30.0,4,0,8615.622438896033,0.4741697730815704,1091.2089839272796,3.2426766271485667,0.12665468939317892,0
2095,62,2061.928639290806,38.87994735505329,30.0,1,1,3552.0027811373748,0.267116848565217,2909.250778494767,1.7226603838041044,0.8190451859846815,0
7024,51,4520.81555356537,29.611439687968645,,2,1,15076.774975180977,0.12908484478564816,1292.669245833936,3.33496794915479,0.08573910852698252,0
1357,46,4449.394878792404,25.820475337324016,26.388397877053258,4,2,13185.29865993418,0.14004214089908223,1520.5420682574434,2.9633914316709875,0.11532101831548758,0
5286,57,,31.615252966364654,30.0,1,2,7747.395167112846,,1582.0032968430178,2.456862285131225,0.2041980901604854,0
4674,24,2799.827677848328,,6.733934147589737,7,2,3513.294703091144,0.14393062583459879,4080.990548578295,1.2548253347474285,1.1615850344087755,0
2879,23,2192.3393028500327,0.0,3.0540657468394357,3,1,6249.428289089688,0.053835540062052614,1175.3296414940228,2.8505753105668705,0.18806994610145772,0
3862,62,6254.024145959924,37.47881098296915,30.0,4,1,18001.7181253466,0.2823098143597388,5534.647507759919,2.878421589877558,0.30745107046016235,0
3184,38,3557.0614473273417,15.014685927971078,12.804611215471912,2,2,11187.784088166933,0.2480127915410539,1401.2789045713598,3.1452321681350384,0.1252507997587709,0
6686,38,2947.8921825545267,,20.857811180953764,3,1,5052.356650265367,,3527.2641556002895,1.7138878688185923,0.6981423521269081,1
3154,39,3269.265502556145,14.985992386279056,16.860621922807184,0,1,6436.314741007533,0.05647628756110449,998.5865765368079,1.9687341808045762,0.15514881057238206,0
6069,38,3663.2141824597916,22.09124887624198,23.54043238179123,1,1,7416.202769867803,0.168565731113576,794.8910996926079,2.024507004088944,0.10718303212019338,0
3260,59,1511.3053375710103,30.60790422825322,30.0,6,0,4631.847572935101,0.762412991557046,2165.9521687548654,3.064799321346583,0.46762164226020686,0
7943,56,1864.9829519027699,35.75914323191959,30.0,3,1,2715.196508649558,,244.046425639343,1.4558827499625926,0.08988168070410602,0
29,47,6201.654937979789,24.305705226259015,,1,3,9253.58036854431,0.08947704236896782,8514.485045794007,1.492114679240554,0.9201287184728292,0
7619,57,6905.564383463543,36.87150616260605,30.0,6,2,19722.642395811297,0.40079690016475267,6783.902968145304,2.8560507585795967,0.3439652168304827,0
3098,32,6263.947319290206,10.888040275682874,11.202699789062702,3,1,20787.760988224105,,9320.206378760386,3.3186359860030965,0.44835066095093723,0
1092,60,1774.4968117274368,37.32934421060997,30.0,1,1,5223.5846261499155,0.12391891487679568,493.4176683627435,2.9436990766215363,0.09445959119579171,0
124,34,2499.757737959159,14.159591873850426,14.941653420032619,6,1,5853.741934306274,0.1960316437276394,431.6870508099597,2.3417236980273777,0.07374548718658519,0
4231,47,1812.6613372459778,25.21694152017546,,3,2,4099.184023315188,0.09361970925855574,580.9797798197365,2.261417474453988,0.1417305923606408,0
5844,46,1232.6769954326403,26.117824049255738,26.623822768583036,2,2,2666.9667618729713,0.37796045267719297,1016.2224119761507,2.1635568537051584,0.3810405238280783,0
3016,43,2164.7049496490845,20.8167725564351,20.470929315943575,1,1,6288.5554098621615,0.11585733484262425,1393.1802239321637,2.9050404355945068,0.22154217195053716,0
4897,52,,31.444779045382024,30.0,2,2,1927.8564099880177,,2116.8658926418157,1.0504310156547796,1.0980412657678031,0
2298,47,4889.934838492855,17.662182327846665,17.94045981682116,4,0,5118.252211429709,0.5580719523575793,601.9251856151625,1.046691291495251,0.11760365858309735,0
5093,23,1261.280537044596,3.166493075971469,6.9562057334402345,2,1,4367.405650443081,0.2730769762245184,1067.5712486761267,3.462675845832591,0.24444059794807926,1
1553,63,1747.0501078625452,37.344669164335976,30.0,3,2,1813.098326266957,0.39466870804822496,734.2750097206845,1.0378055661409846,0.40498355719764273,0
6811,62,2240.217892219565,40.0,30.0,1,2,7147.619082450622,0.3045295850634762,2577.9193281999014,3.1905910167376166,0.36066825868342717,0
598,47,1996.1220774701003,34.19642358116866,30.0,3,1,3110.1853058176825,0.7030150946059314,2065.4744936833363,1.5581137751652716,0.6641001389273534,0
5167,55,2953.4144572130017,33.367420801032665,30.0,0,0,6129.104356575695,0.3786911314092843,2248.27772136657,2.0752604977627973,0.36681994473702734,0
1416,33,5529.538861267884,,16.394947132166116,4,1,13507.990019016324,,1773.073686395621,2.442878214245706,0.13126110427232454,0
3686,48,2197.1806082956914,29.381133790389015,30.0,3,1,4479.662121652713,0.7358850659798515,394.011233030066,2.038822891818391,0.08795556948940174,0
4128,43,3501.8332615635945,18.383552281382272,21.52784370194451,2,2,11805.314849565812,0.2673618319670968,2344.3345800577763,3.371181312126395,0.19858297808499353,0
4706,42,1924.6803909916698,22.114823199471722,22.898837456388712,2,2,2926.65407494423,0.29717594286430066,1926.5178030849045,1.5205922441160762,0.6582663183798433,0
5573,30,1858.620110380128,3.584375058714964,8.63646374363514,4,0,7206.423978289278,0.3534075249798679,561.9158865735645,3.8772979685533526,0.07797430296447211,1
2197,23,3699.864635290953,0.0,6.090866476706379,0,2,4065.191719536868,0.43055414887494714,1598.6384600086355,1.0987406622288995,0.39325044679338333,0
3880,52,,31.300406696771876,30.0,2,0,2720.982933605669,0.25204910024739025,926.6953275801528,2.9976961275177576,0.3405737375765737,0
4516,39,820.9650892653212,13.597256393443683,,4,0,1390.488389052589,0.14093708085066708,378.1723522033903,1.6937241391067335,0.27197088100898026,0
7461,33,1320.0656576066606,9.885852927130788,14.579305474216627,4,2,5250.950425005012,0.19141042165346842,511.7365958962978,3.9777948882673195,0.09745599452994441,0
808,29,2847.696541098879,,5.33497944588618,5,3,4177.82253308642,0.30684921340197213,2055.1402113716017,1.4670883897882838,0.4919165893466855,0
7720,64,4701.67076936604,40.0,30.0,4,2,8727.10685800797,0.24745520580546884,5461.807937616371,1.8561714092934474,0.6258440542187966,0
958,55,2557.343902760603,32.15171845288132,30.0,3,2,8908.724230909414,0.3392222835219373,474.20308943891257,3.483584754202444,0.05322906817495071,0
4984,47,2199.9920522578636,23.41874786901583,24.482982533342312,4,1,3220.2194326332205,0.2589720354959323,1867.9596800968961,1.4637413936692598,0.5800721718424754,0
4747,27,3135.214054367692,2.802335953023295,7.0331696349101325,4,1,3362.663288435252,,3135.161919889728,1.0725466364093064,0.9323448858742597,0
810,42,7237.6843814887425,20.08031521574701,19.438826650505202,2,1,25763.997905434644,0.3402632370664825,994.134857088511,3.559701770269121,0.03858620314818488,0
834,38,4344.006706781631,10.934071796294045,9.915861976700498,2,0,17148.69852220645,0.4043186975373921,3542.3519081903096,3.9476685188894436,0.20656680759785906,0
6120,56,2400.444890703899,35.67404537690018,30.0,1,2,8708.908109516657,0.37955354346728815,,3.628039178588634,0.18961564050293034,0
2576,43,2181.743611645115,15.717517401124493,19.85780207449919,2,2,4169.742244276014,0.4830910061904355,3184.912933512473,1.9111971828494896,0.7638153024649283,0
1235,52,3619.081898139723,30.948225020225536,30.0,2,0,8306.208614451067,0.19467315853672154,1159.1129137928724,2.2951148518414617,0.13954777294856985,0
1225,54,1396.1707639468475,32.51703868131407,30.0,10,2,3563.4190899251353,0.4298402015379895,1487.9666335683426,2.552280266814694,0.4175671163055939,0
5229,33,3496.2986084470817,8.288047490288957,10.051902184451894,2,0,3698.239330241801,0.2916351815759976,2692.894347380566,1.0577584309609107,0.7281557808765442,0
7859,36,1757.0464703897126,17.865467249218895,17.94419702935596,3,0,2048.479933555301,0.32409317372290253,1603.3519600852185,1.1658655408817666,0.7827032785732358,0
3001,58,2065.536971464842,,30.0,6,2,4960.44516500603,0.23936268978026354,1261.7267608445093,2.4015281418507706,0.25435756648324437,0
7139,24,1674.1503397895033,0.0,1.0,3,1,4630.644952018676,0.09918073393860154,2081.356967870948,2.7659672145100798,0.44947453096433243,0
6207,49,2863.1095960719763,26.449356100935535,27.284348926592735,4,2,9705.424174878492,0.551969236048957,1358.8787110741214,3.3898193028285686,0.14001229483523672,0
4900,28,2926.8742490826903,9.934227586961985,13.621552590894494,2,0,4641.048307421274,,2915.6252485302657,1.585667135810779,0.628225576507797,0
2908,58,1952.7879615380364,29.175254132639537,29.626552158520923,8,3,2289.590466705942,0.46847383524697556,1077.783931800759,1.1724726451624765,0.47073218877932266,0
4847,37,2598.496411519692,16.16289558601272,16.64329748224958,6,4,7929.797366458858,0.18249521595020296,1589.0560844825918,3.0516868644899278,0.20039050319292118,1
1657,39,2092.1736087749696,19.372279282512793,20.871493607355884,3,4,4500.674212905009,0.1782351197604081,437.60390369199274,2.15119538552075,0.09723074432653425,1
6824,37,1938.3034396020043,16.602940869632214,19.11233723970522,1,2,7609.530038925357,0.23216585240127147,639.0344415017703,3.92587140044896,0.08397817450392993,0
452,56,2832.3446748575893,33.61348866435929,30.0,2,2,2957.544317355443,0.29057652645639426,3425.4749468238315,1.0442035334220574,1.1582159316168081,0
6100,22,3104.5914129594585,0.0,2.8736795386073517,4,2,3428.053414560341,0.3326163236139965,4543.282357796178,1.104188267818644,1.3253242608469882,0
3316,37,2472.9294182732237,13.708307307375138,17.75327549516682,2,2,8051.7171802275925,0.5408609017378462,476.82347083324515,3.2559429803095137,0.05922009680173181,0
422,36,3505.1261835697005,12.07689581477326,17.27804955518438,1,3,11990.312440208316,0.14018980008363396,5099.875237919414,3.4207933786843325,0.4253329730439293,0
1220,25,6290.589555657255,0.27963673812913203,1.0,3,1,19962.31757903812,0.18516197620152908,3654.203401711788,3.173361956366332,0.18305506799215368,1
6998,48,1457.8748946849307,22.98928035402833,24.27944303755461,1,0,2960.1259323053896,0.16050889503866309,1795.487595047676,2.030438923872901,0.6065578411555362,0
5186,55,3129.842969775362,34.37782848391441,,2,0,4751.945665990117,,1770.5194223783021,1.5182696741910915,0.37258831367748735,0
7460,59,2039.859131922229,37.128711780184595,,1,2,6291.072417710396,0.33920116741841366,2417.5131689013683,3.084071992648876,0.3842767986735734,0
4377,41,1420.4743350106908,21.17298674209219,24.655227675319395,2,1,2079.5007448113283,0.38690490827508506,239.61329130433958,1.4639481288450578,0.1152263551250036,1
102,62,4427.443768552303,38.23226141031985,30.0,2,2,5522.650209937148,0.23834470081001904,5094.260549464975,1.247367668261309,0.922430419420489,0
4914,41,3489.6428304680676,19.920655956874498,19.57011016766754,1,3,5874.980024070004,0.3901355131136904,3958.800343252313,1.6835476607449795,0.6738406474631344,0
3151,59,2533.805734114515,39.02026223627717,30.0,2,0,7402.988235035475,0.3065393305048701,412.6334235547479,2.921687379329649,0.05573876527344914,0
1580,44,,20.61957048790949,20.91861171826349,1,2,17325.394047184865,0.078191522691148,1203.2016961020126,3.034847764632236,0.06944729180907237,0
6111,23,4613.662804411367,0.0,1.0,4,3,6707.605972068445,0.5612130008750729,4151.934719617083,1.4538570017849914,0.6189890606136391,0
2206,55,3474.9639048686176,23.68618424482158,27.88604194030796,3,0,11151.370208618575,0.48960384004559504,1677.028597370933,3.2090607309603665,0.15038767129036804,1
170,47,1560.0834100967056,30.391968614387718,30.0,0,0,2749.752840974011,0.40714335227029425,1335.3395407438452,1.7625678365514834,0.4856216605528969,0
7264,38,2997.6972210306403,16.566081664632666,19.70294275609061,3,2,10042.778046873553,0.2707330683937236,4141.359932329809,3.350164244880188,0.41237194658693754,0
135,46,2005.4605132588451,22.595546327892844,26.702911439490485,2,1,3635.2057488045198,0.38305090975428735,1656.2638658392837,1.8126538641727539,0.4556176404551422,0
7974,39,2066.09600240478,17.461702932286386,18.483076972765815,2,4,5025.601747757838,0.6062054228763999,1047.1692317467123,2.43241443858776,0.2083669348081361,1
4520,48,3307.9857536878826,28.78445445341801,27.200018351141832,2,2,5244.663325288191,0.2870065651480806,4752.709274521891,1.5854552334275376,0.906199117034978,0
1310,54,1209.4253209852468,32.305855036697594,30.0,2,4,1638.6107697787504,0.011914518029361283,143.0211082578124,1.354867259140789,0.08728192862855617,0
7198,56,3999.7261062040184,33.439707538157656,30.0,2,3,8640.626965657728,0.5302234116221297,2080.717549089542,2.1603046649257203,0.2408063161804552,0
2284,44,4452.330383465879,19.496586225987457,22.129905849888473,8,3,15197.531491330754,0.35227617966089025,2001.1614766920434,3.413388087229134,0.13167674486041248,0
5737,24,1164.330810959503,1.6989871886474963,3.9726462980572963,0,3,1555.8643317772942,0.18086372726686661,455.35932561984,1.3362734346050122,0.29267289976348654,0
7080,55,1875.2397860289263,37.24034620684942,30.0,7,2,5675.796070738056,0.2608702073956756,2682.7650622093047,3.0267041649949853,0.4726676273730972,0
4607,60,4362.537693082844,32.383185958931506,30.0,2,1,4589.818129586183,0.29247710039368263,3605.9736944847823,1.0520982172517868,0.7856463137919358,0
7033,29,3054.8843855216064,2.764219080957714,4.7289725654033585,3,4,11482.124642185723,,3329.477268134171,3.758611846852334,0.2899704864639386,1
1935,64,2287.7127310418477,40.0,30.0,1,2,6893.925997503682,0.18839804445177943,1593.6540396891683,3.0134578979084132,0.23116784837351556,0
6204,59,2118.15065947751,40.0,30.0,6,1,5715.441678181442,0.008855961225888154,575.1004570868024,2.6983168796837544,0.10062222474987967,0
7327,54,2557.7717412336783,28.686905661926673,30.0,3,2,7308.087234033954,0.2225734850415384,,2.8572085289006584,0.14778878928481767,0
2728,64,3489.514104905719,39.278753463630636,30.0,3,1,12571.606354449923,0.4045765992293698,496.9644189780698,3.602681054298128,0.039530701564017806,1
807,47,6009.3056965700325,23.825381806501063,27.07828797211094,3,1,21811.367465083847,0.11074521137530584,3655.902920325566,3.629598586993711,0.1676145673203673,0
2045,56,4566.998784010098,,,5,3,7620.398064131347,0.18536112298867458,3267.749957784723,1.6685789562308977,0.4288161760427951,0
4385,53,4114.220479747105,34.56208365801577,30.0,0,1,9896.937176297813,0.7047380921531508,3631.1786337935255,2.405543705063216,0.36689923044978395,0
462,44,5367.878021600002,21.73098202300897,24.834436059247977,5,2,9979.831207101299,0.2572000370822196,2944.4091369290836,1.8591762269826342,0.2950359656217377,0
1956,38,1884.3305738192375,17.39163761813617,20.37988063147767,4,0,5840.818027932209,0.5130670788576278,2332.2979573967536,3.0996780018772405,0.39931015591363045,1
4877,33,3198.413950014027,6.979063193237284,8.124534309471084,4,0,12541.028208481284,0.5486780771532433,,3.9210147293242907,0.2830493693797733,1
799,21,1786.2599676050588,0.0,1.3317391809250978,2,4,4900.938257782219,0.25518508993933786,1568.6025857503917,2.743687003383493,0.320061690893494,0
5196,40,3129.6517259405873,12.935666334469836,14.15710822674428,5,2,8223.356072390025,0.04102484360553804,1127.3669407512484,2.6275626786934487,0.13709329023662137,0
1073,28,2280.8552165633596,4.164946258478146,4.449340606147129,4,2,4735.919993386847,0.42953802321563556,3326.963286135072,2.0763790524690187,0.7024956694329261,1
144,43,,25.204721432014537,25.972813143155815,2,2,9719.113778723055,0.4125605294015597,3455.34027290681,3.0188829969049107,0.3555200969527892,0
1340,36,4266.217379660832,17.54681660905272,18.756287676155452,3,3,10840.216200538165,0.3989234384051091,1629.8158798206114,2.5409432374962506,0.1503490197676776,0
4339,41,6385.748262303432,12.307463885908291,13.342135302305191,1,0,11532.622623585787,0.07743045633539795,4529.595482419672,1.8059939336577921,0.3927636956710984,0
3133,63,3698.381822179197,40.0,30.0,4,2,10490.515402691964,0.17393276201193533,2995.138299338563,2.8365149698120242,0.2855091656001937,0
2091,33,1941.4198845548042,11.442437736868332,14.147664878951614,4,1,4026.3595794803678,0.7058706412524514,2736.5038714872185,2.073925177913623,0.6796471645089347,1
4975,36,2687.7661987378647,12.153885972316393,11.875748619541291,7,0,5858.369259273071,0.21445430633434598,1081.988054687193,2.17964243393792,0.18469099621443974,1
5317,34,3356.9392840159767,11.397595064835153,12.664252681704474,1,3,6726.047824069966,0.534263849716863,4925.912904989397,2.0036251045992866,0.732363645610938,0
2968,55,814.4741339430523,34.852033260765374,30.0,1,0,2393.784025168621,0.2971289142180625,541.2499487470676,2.9390546923568643,0.22610642524817637,0
4478,48,2755.9767113911566,17.401785176333235,18.80149200940616,7,2,7718.165399758808,0.2795309678661369,,2.800519092871016,0.20067660828936,1
4765,32,,12.828526525997468,15.370592469669589,3,2,5736.056464344678,,2138.5056433724894,3.6445971501822507,0.37281809491685425,1
2820,30,1753.3802983312776,2.899941543308965,5.459850540177055,5,3,4392.670761803519,0.5616037602138232,1132.518803037267,2.5052584233917194,0.2578200972595277,0
1003,23,1655.6771940689384,0.0,1.0,3,1,2756.0842823615512,0.18275303514828575,212.10397175302725,1.6646265903973032,0.07695844902510962,0
4781,35,3594.9969578462287,15.960975047399597,16.113742448734197,2,3,11148.19647640854,0.19556282850137607,447.29521221978877,3.1010308512437383,0.04012265240986205,0
7131,64,2197.0191421537547,40.0,,2,1,4098.131361523489,0.36070290463863286,1729.0473150432329,1.8653143629445395,0.4219111498662297,0
555,59,2773.0509845713004,36.88823057276385,30.0,2,1,7765.3153900013995,,3757.776708395155,2.8002786220686375,0.48391810501781535,0
6743,33,1569.1140306130653,12.316487012919547,15.042557760290862,0,2,4036.3439148309303,0.38715598270935314,619.7199844003086,2.572371310231608,0.1535349805360346,0
1485,55,2854.8727461348117,34.06538317381085,30.0,4,3,4929.249902110138,0.17408522155940992,2383.277014405046,1.7266093239300448,0.4834968933883431,0
5717,31,3907.879999761452,5.785026799092673,5.079949180059028,2,3,6021.262219802926,0.43315309665178964,2526.4223140922822,1.540800183263171,0.41958350622620305,0
1272,51,2896.7247872235807,25.70782175807304,28.143020920865002,2,1,4040.808964744922,0.291057416236234,399.2529597674812,1.3949578443100594,0.09880520540586461,0
1411,22,3137.0639322969273,0.0,1.0,2,1,12105.269666766726,0.21126264371541675,2114.3261594942014,3.8587895969029127,0.17466163230537352,1
7058,35,,15.644045005729,18.282296609422367,5,0,4843.778238717646,0.2903425551393877,4233.005657915068,1.2382466265732046,0.873905750696738,0
7312,30,1996.6566301827484,5.982915781963438,5.570798604667499,3,1,3126.900314518272,0.39095172292748126,213.213573603341,1.5660681297174646,0.06818687906786966,1
1471,26,,7.297469448568757,10.608833999517639,2,2,8183.510881618982,0.3858027659332191,1412.000185346472,3.6308453915840113,0.1725421039664005,0
6260,47,2482.9204499662364,24.86455547451828,26.55649697761728,2,2,4691.9111237974985,0.23315265666557897,421.10751785521285,1.889674364662509,0.08975181045509244,0
6382,59,3522.8600764546313,36.269806117363764,30.0,3,3,11201.49117075066,0.5234648384169217,2672.3174079830387,3.179658268466831,0.23856800556706195,0
6760,37,2384.824843289579,15.159914460065684,15.316018020763494,1,0,7852.58692916686,0.21380102610531984,822.1779682747931,3.2927310998384103,0.10470154303175912,0
4623,30,4119.565836897167,6.6218053420110685,6.629774979171879,1,1,6083.061382925588,0.2878798325654695,4175.4841262656155,1.476626815486778,0.686411637729925,0
7841,53,1902.3063786246391,26.88642867224522,25.18610930295833,2,1,5206.974895922011,0.7614344876641563,1870.7201928018892,2.7371904728020917,0.35927198233027713,0
3704,63,5082.25776528046,40.0,30.0,5,3,11128.058214971958,0.33853893651912215,2919.5219835457533,2.18958949524235,0.26235682157177775,0
981,38,2602.2295367208744,15.368735301673238,15.387581038649888,2,1,4651.590074300531,0.15376210929682912,2428.615961144712,1.7875402644772453,0.5221044680103089,0
6794,23,2382.4171932344984,0.0,2.852146538795248,3,1,4719.615330042855,0.31478688519184694,2157.296753512555,1.98101967339954,0.45709164892744897,0
2864,57,,38.267834701085945,30.0,5,0,1836.5710565243164,0.30264239806704757,755.9659826529609,1.3021309147347453,0.4116181511014419,0
7062,30,1539.4211840129967,10.014292289678469,16.35164540494911,3,1,5956.4562436905335,0.10130087790951546,,3.869283017246205,0.29493181018762776,0
1268,62,1720.0645630736774,39.5529681510442,30.0,3,2,6615.1681080714925,0.2901382970485406,1492.9332922076421,3.845883608142294,0.22568334890628716,1
7794,38,2136.1371877319452,19.004878028130285,20.513423703293604,2,0,3304.5155607170977,0.33393326350560065,665.7108694138191,1.5469584911003231,0.20145490532032967,0
268,53,2144.0353394859753,29.638212353586912,30.0,2,1,4561.249111658417,0.17962174123245864,687.9725855944386,2.1274132136049397,0.15082986452899516,1
654,48,1793.1566671600024,29.994147084282275,30.0,5,1,2714.385228113077,0.22847449998760908,1297.1114265250171,1.5137468341860583,0.4778656371581836,0
2614,37,1175.5501819957692,14.746372276650039,15.927203908701475,2,3,2553.6344924529794,0.2008032295324916,791.8720057451337,2.1722887985246127,0.31009606429010694,0
2845,64,1329.837682900159,38.29823433461769,30.0,4,1,2947.8101469659973,0.1596534966998993,1391.0097110916913,2.216669135542395,0.4718790022903522,0
2917,40,,11.29302715603025,11.741112187582292,2,1,4257.152540667553,0.1758732750540054,331.1323588514787,2.131288424620695,0.07778259192928867,0
5594,38,,17.823759799439923,16.41792900901073,4,0,16187.60197613666,0.4856140837747111,4323.1543616848585,3.1503570896952366,0.26706576848491453,0
3487,33,3396.706558490006,5.161660943049826,5.280415602133262,0,2,7093.846684269583,0.32386554563003844,4891.134633030218,2.0884484903585925,0.6894897579159949,0
589,27,2425.8463568056036,2.5196721475566495,2.6998866234791152,5,0,8786.520523091694,0.22112967389695098,3328.216140140243,3.6220432915883167,0.3787865892298799,1
4546,50,1047.6731981846626,27.463179304751097,30.0,1,3,3841.0995556353796,0.6840027870760997,708.7505820443987,3.6663146125060537,0.18451762881401285,1
6414,21,2598.309058183086,,1.0,2,1,9816.805390030027,0.12405014307084301,3596.5488294828406,3.778151547874218,0.3663665201243069,1
5606,51,1489.532856638524,26.787414904591508,26.86823074483487,4,1,1732.3907880209194,,2143.2025522416598,1.1630430173460293,1.2371357358059212,0
7697,26,3127.5358984579602,0.41972611557557826,1.2366621973579082,3,1,10611.704413841167,0.26468297819772496,672.4843223299905,3.392992041777457,0.06337194253666252,1
3933,43,2021.641167976451,,23.16793397091268,1,1,7055.6339880974265,0.07233822184416942,2126.20799912461,3.4900525869087433,0.3013489649139168,0
6894,53,1299.3371733981576,,25.85770377525732,1,0,4444.198884531036,0.09126359147750956,1531.2651767944424,3.4203584531550955,0.34455370170860966,0
5669,21,4600.509783455701,0.7102649726622481,5.146467484966244,8,0,10047.899688421265,0.4187564859203125,6103.756011209773,2.1840839735968833,0.6074658585856961,0
1808,49,5722.178695701546,26.242182812527936,30.0,3,2,8917.430075941567,0.16592679631489005,7277.553679821849,1.5583976925852157,0.8161043728793614,0
7797,41,1676.4306673474136,16.92345130601045,16.773444507391652,4,1,6673.751121898446,0.16867051259986973,1508.4266040294242,3.980928798241447,0.2260238022781302,1
5701,28,883.0065992654818,2.5763169673112087,,2,4,1272.3478196732474,0.393526272171549,1077.6020664807247,1.4409267390885123,0.8469398460221864,1
3573,57,2129.3692532498208,35.393020316045536,30.0,3,1,5640.554840843654,0.31862434015785424,221.74216709681053,2.6489322282807923,0.03931211970339512,0
677,53,1665.1538762053378,32.08443389078722,30.0,0,4,3745.3329685255844,0.07589867661419929,663.6956831745603,2.249241359639804,0.17720605584390423,0
3529,38,1155.6212214954915,17.965009403858353,20.561036615053915,3,1,3322.6581687591934,0.17302769641166313,1050.613298427462,2.8752138736768225,0.31619662483059485,1
5380,37,2901.360813026802,14.051651500568319,17.761653065073403,6,5,8063.139088291981,0.31839090733509723,1382.853175028847,2.779088713161542,0.17150307837760215,1
3353,57,1226.8351635918857,37.67473703928724,30.0,1,0,3067.924246823015,0.3352773398600045,782.9308562927262,2.500681703514963,0.25519888801149154,0
3002,34,3691.6416171571254,9.817344266543115,10.653703768869075,2,1,11873.090819053845,0.3677398111593138,4109.045807047805,3.216208952643979,0.34608055052132175,0
4677,58,975.8448932496392,35.514916178845844,30.0,6,0,1754.3957308791034,,686.7719077470007,1.7978223209600754,0.39145780832632826,0
6943,38,2575.8561005916367,14.419289274503315,,1,1,9721.03613094464,0.04042183501449218,2181.861712727087,3.77390496647381,0.2244474440107924,1
2432,22,4023.391737559285,0.0,1.0,1,3,5985.005350040411,0.3084158565422536,2585.8210803292277,1.487552229669563,0.4320499196064659,1
4161,55,2427.8664501588696,28.636558922137798,30.0,3,1,8612.51575414636,0.12226584911165192,1024.9271672431503,3.5473597625531634,0.11900438809063604,0
7396,30,2889.5131297641283,11.519304363638613,8.509328147738572,5,4,4242.348474012261,0.3369177899640861,913.1503583820667,1.4681879899810544,0.2152464287117936,1
5507,60,1073.8675616583682,35.91252484122106,30.0,0,0,3114.6594882164563,0.11098820006931723,1387.4418438938155,2.900413048520158,0.44545538577904215,0
4103,31,5191.656441519599,10.580012569008073,11.298474440407329,5,0,15626.363352033883,0.3093069419778473,4841.856239827596,3.0098993506319234,0.30985176337893067,0
2932,64,1909.7029868970899,40.0,30.0,3,3,6242.204239502475,0.14804230404582155,1442.2046347104078,3.2686780522058503,0.23104092390693012,0
5859,62,1481.5326972251826,,30.0,3,3,2109.0630753177056,0.38638080040396666,1930.5359449361415,1.4235683621885955,0.9153523986689345,0
1611,34,5892.678066169647,,14.443686668461948,2,2,6751.276001034218,0.08054413279808628,1323.9968083699416,1.1457058955577182,0.19611060311667314,0
4280,26,5683.34189928817,4.953552754643404,9.992562588618124,3,4,12337.039308732246,0.47437295660243156,1226.7399314051565,2.170736782574605,0.0994355210116629,0
5735,31,1940.730310556536,5.687553227254154,6.8317715858934305,7,2,5458.433275959409,,2574.323632354644,2.8125666128201576,0.4716231750404908,0
7762,57,2278.193655131562,,30.0,1,1,5601.029897073586,0.06627695783678617,902.7364809448699,2.4585398543523445,0.16117330161307114,0
4348,59,,36.03168611920323,30.0,1,4,22598.252403806648,0.3370433080863997,7289.726775411506,3.830388357578061,0.32257922626722946,1
5679,55,4469.812713450483,31.411925606916633,30.0,5,3,8516.97703370714,0.26568280893985824,698.3721276525093,1.9054438249902508,0.08199765302743015,0
3837,50,3498.021763569288,26.77229289188355,25.90571875072159,5,1,6789.665549164066,0.06810406561063466,4116.063158668331,1.9410015168790924,0.6062247291657974,0
605,48,1700.7007934114038,28.03905393926185,28.204784064519565,4,0,1884.801740823012,0.5678475534080087,2486.8405412222764,1.1082500508759825,1.3194175744640282,0
3131,58,1968.3596026212272,32.392509502345774,,6,1,5402.170507096405,0.3735496845619551,2118.0766642567237,2.7445038497551146,0.39207882488610335,0
5697,42,1539.3382120304268,19.03273793929115,20.599898261360433,6,0,1715.6380963599545,0.25290497370628784,273.5563721469378,1.1145296614815945,0.15944876295725688,0
1468,46,3381.6733076181877,25.859224162519624,30.0,4,2,11472.648436656253,0.25492721177047645,4143.374768078223,3.3925951424139127,0.36115242186274343,0
5900,45,5849.4162310760175,25.018985652198495,27.30188587054724,6,1,18837.507365119727,0.3016954837585244,5079.63495682948,3.2204080921857243,0.26965536673048013,1
3821,46,1382.3957052129274,25.31811292463859,26.7664154018453,4,1,3868.218405647146,0.3852793374623593,677.0499094589206,2.7981990909407033,0.17502887336209016,0
3749,62,3989.812771840174,37.05421456145949,30.0,2,1,5421.826257722659,0.2687594696816996,,1.3589174649972395,0.770631391604339,0
5902,36,8491.607859905085,16.025581937919366,18.491419536397505,2,1,29428.308413383344,0.3321526469918804,,3.465575530440507,0.09247312108698869,0
7470,23,,3.6838808452658314,7.669241976004326,1,0,12535.445184877246,0.3017130488913031,1705.6034956962053,2.6869747986571384,0.13606245893475283,1
3780,25,1978.4769127487791,2.742235419456564,2.9694922251165226,5,2,7856.881326483998,0.3200792582786183,723.1323765391351,3.971176654049559,0.09203809329556734,1
2155,27,2395.462297005188,7.574708145463939,9.06117205969079,4,1,7555.86916287764,0.18392093451914868,2291.366486456793,3.154242574522673,0.30325650657298175,0
2809,42,6074.837129144947,19.183272447631886,19.506177878874876,7,2,14475.908243951466,0.3940091085849703,1787.3318858848493,2.382929440939431,0.1234694124723855,0
7659,60,3599.7799982501874,38.00047939112311,30.0,2,1,7384.077790948364,0.29405318540059466,2569.359611448935,2.0512580753650727,0.3479594451995803,0
2077,50,3462.4598555450293,27.117132717112792,28.214038513869394,2,0,7932.07373431367,0.5605281409505483,2867.9027520146706,2.290878180612169,0.3615577524964622,0
7166,24,,0.0,5.41838315198625,1,3,5340.499839816089,0.18879336772690045,3615.0894588474275,1.9082370756015272,0.6769196830407396,0
6867,64,1432.1578247182636,40.0,30.0,4,2,3303.908001289477,0.20446499277486452,1988.833413867081,2.3069440701756645,0.6019639206330389,0
6579,49,641.2204981224256,27.73897679342886,30.0,2,1,1651.5027009398316,,924.5446229212682,2.5755613018854504,0.559820230627011,0
4772,54,3957.0271706228264,31.32336892282415,30.0,2,2,14328.897434085804,0.40742544416139226,5095.738965149432,3.621126875363474,0.35562673182568877,1
584,39,3001.0767481719167,,27.167294831265146,3,1,5268.019857381189,0.4231596549314202,1248.797104107402,1.7553765862836275,0.23705246713481404,0
5812,56,2911.2535359410363,36.19490653467385,30.0,1,2,4685.903402848073,0.3279028451492007,2278.8761275672855,1.609582726134293,0.48632588673983207,0
2699,46,1644.576684516722,23.013459550022095,25.15902339257601,3,2,4612.955918073931,0.40310836782852894,795.9821459200824,2.804950332510339,0.1725535990494426,0
6073,41,3100.6354953753234,21.36213282913113,28.418802558791135,6,2,10645.02367155769,0.1834481091917548,4619.370011561953,3.4331748080143614,0.4339464292507298,0
2799,37,2297.552234289765,11.608105900496371,11.646730023390786,5,2,5435.443325991877,0.3475173399544335,2337.2894821198597,2.3657539728023282,0.4300089876649286,1
6201,43,2343.2986491841743,18.812661302339478,19.155984756406685,2,2,4889.61010479621,0.05670707891326629,2261.8973680953272,2.086635481353835,0.46259258297029365,1
5113,38,1277.7415223950786,19.864336431570266,24.181573320960094,1,1,1995.8363485042225,0.1545945000361202,1463.5723051547213,1.5620032013697904,0.7333127820082013,0
7142,51,1897.5364171179776,27.971134862225384,,3,3,2464.436557567909,0.10850168294454537,1984.966051416484,1.2987558685756093,0.8054441674795628,0
6106,26,1553.7026271802467,0.4164548832951134,5.844789542236441,2,2,3180.3608030148957,0.062155648010638144,1252.445589731719,2.046955927973686,0.39380613311056867,0
2484,52,2140.3085449197433,26.82412623114862,29.453947012825683,4,1,7180.516855164433,0.05794252554795421,2984.1546218909007,3.3548979992665897,0.41559050442791057,1
6236,24,2242.698291439201,0.0,4.657493677769809,2,4,6270.93117169429,0.1778791346009765,561.4691151498613,2.796154612339791,0.0895352061403925,1
7702,22,4068.685162330232,0.0,3.36098732840794,3,0,6169.155537531086,0.2707217054373168,4534.111998611742,1.5162528658270196,0.7349647728976382,0
5641,25,4052.8942291005965,5.876503600371429,8.083178711305422,3,2,12708.51076727491,0.29030166444345057,2615.9862709199024,3.1356630715959093,0.20584522599266358,0
344,52,1731.4117813094758,29.90813660580953,29.768734446527834,6,2,5401.780379243458,0.0747932754561461,2531.2036337423974,3.1198704072338375,0.4685869206139223,0
3003,56,998.6780649980432,30.071147224437876,30.0,2,2,2092.717529522831,0.0479598404002951,871.7621098399766,2.0954876279644044,0.4165694115625584,0
4638,58,5106.982278101361,31.25867300890208,30.0,6,3,8527.403382020066,0.685479045587799,2051.6464373043113,1.669753861998974,0.24059450988681794,0
3279,31,3431.346406482242,7.924421241732958,6.0590717741182605,3,0,11922.783867923436,,4048.852990860414,3.4746663424595687,0.33958956529886286,0
7506,49,2660.1359548824394,31.634535691587963,,7,1,8796.634042305544,0.37189254422769696,3051.6749013988465,3.3068362638233273,0.3469139317064304,0
3945,35,2592.8907239608016,13.96948251292343,18.499726892371946,4,2,6048.4179365922,,449.4988641083118,2.33269295952159,0.07431676660253549,0
6200,22,3337.247955771175,4.819213024429974,3.855974270060904,1,0,6510.532729334408,0.29106838349168107,2479.4900531535222,1.950868744432251,0.3808428827923285,0
6897,52,2165.1257048939347,28.458676093292986,,1,1,2239.09579097298,0.35721756079669337,3016.407016767212,1.034164337854309,1.3471540739471706,0
5981,63,2118.0389462916437,35.65106642669885,30.0,3,1,2265.030756414024,0.35669902956819255,1218.6692827448328,1.06939995620937,0.5380365274484038,0
90,44,1825.232992679006,25.33015577254971,28.39402511201997,2,3,3701.6457622406347,0.0795770620809759,841.6689795019624,2.0280401335544034,0.22737696515630218,0
3781,26,3238.0193936335977,3.650055034086863,3.6611278542056986,0,2,4065.3361579801713,0.1789855631529217,3483.126976399557,1.2555008675899826,0.8567869521840772,0
5762,49,3115.908151747249,30.090442385394127,30.0,2,2,7898.0514092474405,0.1491359217794975,3184.009689372859,2.5347510339220363,0.4031386381766088,0
4963,30,2117.272118409531,10.638733391866722,11.625541369650572,2,1,7457.907620924647,0.19036454619356222,1853.1393012724684,3.5224133714691983,0.2484797875577215,0
3443,45,3311.9911711920067,20.845789710544167,20.34834553206874,3,1,6542.276133017165,0.267794571910919,1413.7645198640298,1.9753301850326366,0.2160967362305495,0
2117,36,3496.029240253266,14.969177890040747,20.235685532451953,1,3,12004.657338276578,0.1992826072758661,4270.541996357756,3.433797749759929,0.35574043273532097,0
4237,24,2018.9660880277304,4.756749179831873,6.761358526078661,3,3,7271.873821537042,0.34949444394662493,1956.87167595892,3.6017810624252364,0.26910143437352707,1
6081,62,2647.29059841558,35.520017932260785,30.0,3,3,6169.922543405903,0.12991814262670381,3205.1106766061134,2.3306555567033858,0.5194734057126166,0
4586,40,6052.91703819346,16.055014075957715,17.8388397849292,5,1,16684.94976802796,0.20946776377287368,1674.3919504789146,2.756513869717222,0.10035343071199522,0
7103,62,2543.7568925020482,40.0,30.0,2,0,5270.064821512268,0.3135941969137874,3742.8070292251527,2.071764340785182,0.71020132692621,0
947,58,1982.315980887216,40.0,30.0,4,1,2901.395748739092,0.3025295384347565,2426.94005588806,1.4636393878237959,0.836473292877325,0
7345,48,3938.105131351532,24.275569764524437,26.179183310062104,2,0,6548.406350760282,0.38038326044908816,4673.999514677812,1.6628317762844773,0.7137613740379981,0
4299,38,1741.5909728867964,19.331496961707337,17.262394976217934,3,3,3720.3018591859745,0.2144423238972093,1381.151194547329,2.1361513220405253,0.3712470780125174,0
4241,46,2444.565661385833,21.553394768956494,23.773775119340687,3,0,5770.9819509985455,0.20163746081272038,2736.1014161446706,2.3607391865788356,0.47411366720203424,0
883,44,4788.399131161229,23.715117419757753,26.89738411244969,4,4,14688.11725152444,0.40406545488470447,2042.4073164126823,3.067437957696405,0.13905167568026505,0
6969,38,2393.8875490931814,22.47521746083401,24.93304600526894,2,2,8065.281799650855,0.24002732980559366,2748.002829090356,3.3691147283447087,0.3407200017746828,0
4512,52,5275.67200830262,30.741234404567734,30.0,4,3,13683.188640893864,0.4980307088771945,1282.132774936683,2.593638994114847,0.09370131543059153,0
6671,64,1055.2281702210812,40.0,30.0,5,4,1558.7717215647672,0.13842602541644647,674.7370649252705,1.4771892615776059,0.43286457894420755,0
5025,24,2494.372923010642,3.018041034159568,5.311360361274836,4,0,2701.6347860709548,0.010183464190356567,2881.7660603131726,1.083091770740581,1.0666749166730218,0
7129,36,3225.2320487802767,16.4585024523096,16.68676620705611,2,0,6270.1230747788595,0.11323193656125619,,1.9440843263200565,0.6525679827788909,1
7336,38,2409.8971767352427,19.419246922345636,24.39766800671005,0,1,3790.3460622070556,0.4403957724275926,3184.153366709702,1.572824807132206,0.8400693009164504,0
5910,42,3736.4001227402823,21.544356110648838,24.76080672819833,1,3,11406.768051631228,0.2787121294567918,,3.052876479210017,0.07028083016376009,1
5347,42,1734.7900400230076,17.78045126129539,22.02587491181288,1,3,6880.674172371157,0.33526742174622326,2424.99117877045,3.9662864171619883,0.3524351129003935,1
4778,44,2202.984968223079,19.791614288868583,19.587176863592394,5,1,8184.582770466558,0.08771681993231199,2594.4441121135865,3.7152240657675564,0.31699161519576047,0
5332,30,1876.0011699198708,11.158389398662393,13.587722123709872,2,2,4617.8600225214905,0.2573768084637327,1322.7138066808889,2.4615443191427926,0.28643436575165987,0
6572,34,4434.528073480898,16.92179668891996,16.295734322076058,7,2,5608.897282217774,0.1202594877500371,5641.617839401099,1.2648239427685146,1.0058336880739573,0
5614,27,2581.741543024928,5.339258057006735,5.154450283600011,1,0,9816.76968453873,0.4068367832779799,2348.9742909393663,3.80238281831914,0.23928179700894547,0
2415,54,1782.4222295977647,33.76873773488195,30.0,6,4,4453.394901296599,0.07359535737968702,2666.4668358802073,2.498507271367226,0.5987492452339832,0
5065,40,5571.526068166494,17.92436972865466,21.032684974145564,2,4,6010.444343255415,0.09422056691824775,6112.4792076928425,1.0787788246377823,1.0169762597588854,0
7418,41,2752.7833870381446,18.60312404636151,18.593119556504515,4,1,10029.727382941324,0.22752378758918515,2270.582716849275,3.6434858733046926,0.22638528747163242,1
3921,55,2532.549311273662,29.511296586899658,29.28140315784264,3,2,4285.432962616436,0.38266604422776523,668.5582813981695,1.692141962859242,0.15600717295784897,0
5377,33,3714.872691906452,7.334159818610057,8.835045422473554,5,1,7649.17475509258,0.47711555459817495,3332.204341519064,2.059067803792508,0.43562926043761613,0
6324,37,5831.51146529003,13.547934442358702,14.662416376099177,3,1,6723.350956266634,0.15093984199081695,1833.465134370993,1.1529345344315889,0.2727010900214981,0
3125,55,1666.501418273745,36.119767462715984,30.0,2,0,2035.3308109602483,0.5713829308656858,628.1467726983949,1.2213195792347764,0.3086214630642975,0
2398,59,5348.2024801127145,35.15466450666928,,3,0,16741.095145686555,0.43240390470415924,6025.7173448834565,3.1302283726052447,0.3599356728126606,0
4619,63,3752.462562397347,40.0,30.0,6,1,8387.592236504901,0.22710947931724468,1640.0059894287826,2.2352234291569575,0.19552762499481866,0
1710,51,1633.0951107037124,27.46186049013436,30.0,3,2,2511.0230615050564,0.30432831401016763,1472.939682599869,1.5375853157891328,0.586589468324922,0
5374,27,3334.5751732143663,7.612054368477203,11.921028475327883,3,0,6157.53362623279,0.30929006555929706,2183.3671010898165,1.846572143790428,0.35458468172842306,0
4707,37,3843.7009725801277,9.897493118737813,10.205727143690266,4,2,10055.346247383888,0.3049147375602768,872.3408308915587,2.6160584080592835,0.08675393262748328,0
1186,52,2175.231019100576,31.95509110434208,30.0,0,3,5297.889379473474,0.18181128276940658,1807.9256311736717,2.4355525150905897,0.3412539412729963,0
4374,43,1409.2363933436031,25.855012881023328,23.150647108733715,0,0,2527.8697636056177,0.4373250281174225,1235.206584547109,1.793786887385094,0.4886353728861714,0
7683,62,8110.754561939436,39.28246003819761,30.0,5,0,24366.66436644257,0.5743406009476051,11192.40239181667,3.004241366245465,0.459332562861197,0
5756,43,1578.0316789349126,24.66487963964649,25.49226365193717,7,1,3835.214940598712,0.5438165737258136,458.9814175944439,2.4303789282527446,0.1196755396251123,0
6091,60,3425.0951450306666,37.8024469185464,30.0,3,3,4341.292755282522,0.2567230045891623,1396.4671988137131,1.2674955209875352,0.32167081962267574,0
7823,36,3126.2489204823178,15.897735998132003,16.21380796424201,3,0,10809.34302428011,0.1296707478940981,3207.8476441440466,3.4576079190176716,0.29676619910558216,1
151,52,2334.0322556293395,33.86574171632884,30.0,3,0,7023.052082882744,0.3275661939413321,3491.6399477339023,3.008978160410673,0.4971684541887511,0
915,40,2479.669524780026,16.931900077010727,,4,1,4461.195304346795,0.686486908871815,2671.647209195329,1.7991088166244862,0.5988635392385069,0
1305,39,3213.4270794312656,12.514738244099199,18.243436081894693,3,2,8326.35118130496,0.046699699499560626,3409.9265269884854,2.591112533594077,0.40953431494034814,0
3849,42,3655.7993257659386,17.959962429075432,19.96993543642253,1,3,10695.894840850333,0.5458337144467141,1795.8526765804029,2.925733577733893,0.16790111564313315,1
7296,21,2903.1238932526453,0.0,5.451544196766003,1,1,8251.165447910496,0.3731491781707724,3425.682741005773,2.8421678685803284,0.41517562126611873,1
4714,32,1681.3794227313897,6.078975156731016,6.6078101276854735,2,2,1936.5700255915765,,1811.3019897457905,1.1517745485701445,0.9353144816916602,0
5282,35,1626.1151544465322,7.8797295438085655,9.350151154987351,2,4,3981.36424190038,0.09249640977818392,1039.276128097155,2.448390097720653,0.2610351791377643,0
1398,64,1822.6169984150706,40.0,30.0,2,2,2534.1546887568443,0.11821034615900693,1809.4601516728558,1.3903934238298665,0.7140290842152596,0
2519,60,2133.0970106948403,39.10410672365064,30.0,0,0,5219.714905819197,,573.4413467197669,2.447012432931456,0.1098606642444142,0
183,44,3514.56587023397,25.53528087546297,25.849030530356444,3,0,13242.90400826798,0.3786273091674953,1424.2003102947558,3.7680056363224113,0.10754441090908616,0
7543,46,,24.29852956643914,25.46725790786113,3,2,4197.526265733577,0.2005798755841426,1545.2091286594118,2.5376094957440074,0.368123754525063,0
6277,48,4790.157888839809,23.684717469170046,28.875977110695004,3,1,6900.295488419075,0.10477760618093289,,1.4405152499243292,0.7813613689362635,0
3023,48,1476.2853816272807,25.58634534547757,27.38476448967041,2,3,2298.9922470662623,0.3123404991211132,2152.5657316349257,1.55728172593034,0.9363083909403387,0
2417,60,5674.120632024589,38.339890458902175,30.0,3,3,16441.679373099625,0.4908763364613514,8057.847770364246,2.8976612305884393,0.49008666253082156,0
471,55,5344.234920513675,40.0,30.0,3,4,6469.013644058265,0.4955013750920613,1075.0877946364456,1.2104658085345692,0.16619037364744235,0
967,57,2431.599440393724,39.566837391967525,30.0,3,3,5210.57288083412,0.139970714723438,1086.1789887772982,2.142858233258363,0.20845673088511146,0
5338,34,2044.3911048153016,16.627437476293302,21.42829967989267,2,0,5375.615559393366,0.32169865845781404,2882.5645092346845,2.6294457781252287,0.5362296610288068,0
5273,26,5210.118104080886,2.1591992444723336,3.7114476079373833,4,2,9261.248133760966,0.2496417400664264,1140.4343585038125,1.7775505178101405,0.12314046033886854,1
209,52,2092.9582548810213,30.313937838242627,29.112629966851866,3,2,4375.159934315916,0.16703102205411985,872.6732858781786,2.0904191108984307,0.19946088805428472,0
1961,32,4437.775801910893,14.275079214055584,14.772658907209165,4,1,6409.392618734114,0.3682341716062264,,1.4442804019018374,0.8441244898196816,0
896,31,1676.2539502076972,14.016858736015276,16.44527394757096,1,1,3902.959872292178,0.4801967247749697,1022.471902157331,2.3283822071283287,0.26197346004401556,0
6068,63,6219.820288908565,,30.0,2,1,16374.256587578117,0.077597777906581,6394.375659655604,2.632593198356125,0.390513952523898,0
2578,50,2104.1271599294414,29.91091023479225,29.901509022995633,2,1,5770.841516203555,0.20068430644007815,1781.0372795820663,2.742629640499993,0.30862696100407755,1
4896,42,1542.1288848845923,15.372608027751458,16.431591616913106,1,3,5356.237928965955,0.0640263605747947,1601.505649182685,3.4732751467571386,0.29899822793941166,0
1773,40,2067.443766152858,16.346969767988462,21.89485292510196,2,0,6440.605205047295,0.36978364998707547,223.42616791861775,3.1152504897543625,0.03469024428690736,0
5809,28,2552.503061402134,5.493552487253342,6.69262742836059,5,1,6590.296311807332,,2999.702818502652,2.581895556351329,0.45516964284721356,0
2299,22,2826.0418360990534,1.3910955840525754,2.5446229122018638,5,3,4112.851856308597,0.026364356944316696,4047.13664202239,1.4553400461989625,0.9840219836303103,0
1209,22,1512.7742442454457,0.0,1.0,2,1,1715.5217077215243,0.3614699600411232,325.9130540286803,1.1340236087752846,0.1899789740705425,1
4918,24,3343.2449033014886,1.5938731653999287,4.239842826900741,1,0,11006.72264285283,0.06861995033285954,2429.641582986693,3.2922274500392055,0.22074160145793903,0
4568,50,2526.0449900359504,27.012131547987167,23.705712282797737,1,1,3465.1619409491227,0.17036200266617965,581.9740550132511,1.3717736440235797,0.16795003088768945,0
3979,48,2939.3551950651577,24.82860652002507,23.806061564691937,3,2,6234.515829492949,,732.1447087505828,2.1210488068811792,0.1174340925220055,0
1251,43,2798.5044897243497,25.219629441530024,29.09153205117131,1,3,8314.621239852782,0.3779943652998671,2684.845617877167,2.9710944793487775,0.32290654504001254,0
4601,25,2702.2783506533383,0.0,,2,2,3805.209235033705,0.27092868327428815,2192.849843583195,1.408148510723815,0.5762757599225082,1
3165,53,1081.2650308990824,30.997192189423043,30.0,5,1,1251.642054328614,0.4752811840257786,,1.1575719352431675,0.8007958883860544,0
5858,50,2043.966102009607,27.843896708124866,30.0,2,1,5002.047513379199,0.14372039625348945,2624.0969166378836,2.4472262570603474,0.5246045563579904,0
4825,43,2291.7342294264918,17.92731682309147,19.427741585663114,3,0,8588.655564746898,0.33291040823724743,2660.0172935996216,3.747666485260909,0.30971288504314476,1
4230,30,3959.5862729069513,,7.427024930988152,6,2,5032.687621972455,0.15083036146027637,5755.26817145203,1.2710135037107504,1.1435774686918427,0
292,41,3813.845874588574,22.234196690177818,24.81169883254845,2,2,15147.992716070175,0.4604949730648224,1613.2199218680005,3.9718418662380515,0.10649727340815068,1
7224,26,2842.367107312627,5.012896797972305,10.585976443079721,4,0,9968.956449847054,0.23070632670204907,3986.2558734499685,3.507272661648693,0.3998669162117893,1
1051,60,5603.726402601398,30.826611211660726,30.0,8,1,21152.47486153383,0.33508528088646855,3409.0491116267162,3.7747158483173426,0.16116549642264963,0
5410,40,1318.6532902519507,16.441630369224526,15.828861414582162,3,4,2899.557729173059,0.4931132483499076,1175.753779962388,2.198878014871559,0.4054941786924545,1
3282,28,2115.7862652280946,6.770201175102234,8.853237653690744,3,0,2244.728319757156,0.13818751209396007,1537.9806577208342,1.060942854506696,0.6851522494656366,0
272,56,1521.2169127006962,34.32027641282601,30.0,2,1,4081.4663722274395,0.18596163199496943,1552.8995996248252,2.683027212063662,0.3804759020413877,0
2042,57,3752.55854569563,39.68077040655371,30.0,6,1,11090.354757151514,0.15936600334400444,4158.2390484594425,2.95541152046054,0.37494193283384736,0
4307,63,1911.2606482646274,40.0,30.0,4,1,4760.562567719858,0.470069455658234,2322.063988687017,2.49079714587454,0.4877709211159899,0
2646,34,3135.791310147949,11.350539453849079,9.768588377564194,5,1,8059.13116286052,0.24359706431770162,2691.675142596437,2.5700470362233014,0.3339907352545246,0
5790,30,1635.4055370710114,5.090826193974547,2.628745668544507,5,1,5436.906192203536,0.27463051413562606,267.41869207748687,3.3245002960800534,0.049185820505963915,1
5555,22,9089.072064500999,0.0,1.0,3,2,19572.030778441287,0.3190264214943698,8897.056317945406,2.153358521040158,0.4545801311402784,0
1086,57,2224.4791198321764,35.98976842035282,30.0,6,1,8208.404798293474,0.18117819717488404,508.33968040357547,3.69003454566602,0.06192916807773165,0
5599,36,3719.0769541299637,13.699579068434005,16.288459537338305,5,1,8368.766119416667,0.3501371636033369,5299.940235846723,2.25022666178588,0.6333000779589415,0
7611,64,2395.0835695354303,40.0,30.0,3,0,7995.353938034,,324.5768531608899,3.338235892781329,0.04059568290240082,1
5547,32,2777.1464218297383,10.339459209430709,11.48539426310897,4,2,3106.179594768186,0.3837728625813858,2395.380085035575,1.118478871100236,0.7711659973139262,0
7991,42,4707.104283252741,22.71264405472258,26.560258894956966,2,1,12631.637125966481,0.1942863861899651,980.355908680645,2.683526084371699,0.07761115197533315,0
3026,34,3298.778115406992,7.696718242556921,7.6597794382328335,4,4,12540.140750156652,0.1400520351835401,3873.939757846538,3.801450207150259,0.3089231480753631,1
3543,38,4322.086999100257,15.139208946856044,17.925168469199683,0,2,11494.021739914964,0.2915738829475677,5169.023213500409,2.659368435273911,0.44971406270705827,0
5086,43,3111.834374363937,,21.926819510510413,4,1,8543.910152489449,0.42156408878859275,4130.702416482752,2.745618540265606,0.48346744555584825,0
6222,62,2966.1431536741206,40.0,30.0,4,2,11022.938652601862,0.1909884811871669,3117.3998169137312,3.7162530874303554,0.2828102301175284,0
3341,55,2412.5235421578805,35.98108054666638,30.0,4,1,3048.880407518565,0.2284006566651887,807.6349214369615,1.2637722924732562,0.26489557263227737,0
2960,35,1108.6807365677969,12.209352387736686,13.73204852449607,1,5,3291.864374526056,0.49201240553414005,686.2642716999869,2.9691725182461988,0.208472826830477,1
2794,48,2970.1731783254236,30.814762377972908,30.0,1,1,3063.444566853123,,1194.6526019619262,1.0314026768568039,0.3899703669810859,0
4032,37,1329.870440954711,13.39549673050724,13.06065126053338,6,0,2167.375567083023,0.4029430748433366,311.9695961092358,1.629764449480559,0.14393887282262863,0
613,33,1214.6347765049265,11.194998217490767,14.321869457730472,4,1,1311.2408842746781,0.21248683334018056,765.0575133343862,1.079535107703513,0.5834606917077505,0
5684,40,1519.3072619923719,17.99046733658137,21.089856500492665,4,3,4417.708415537305,0.49632418392523614,1727.8477183396678,2.907712301555158,0.39111855193129985,1
3783,42,1976.8723963770065,18.7800745434077,20.318085131094815,8,2,7193.819410643914,0.6251619725125851,1705.7065100114382,3.638990267570103,0.23710721838355983,1
3377,37,2184.301787977476,11.608843141393088,16.037660515456515,1,2,6372.235900188553,0.34890697400352566,1754.7164544943219,2.9172873159110657,0.2753690356068582,1
4471,28,5313.8780162779985,10.01111737771506,7.452833015248644,5,3,20023.19976472894,0.38975941247812707,5985.848426348404,3.768095485705898,0.29894564788253947,1
4685,38,,14.974358765165125,16.81117258442161,2,1,5305.911219880132,0.535913655713284,3148.1243334219525,1.9651741750565654,0.5933239745185697,0
1748,58,2177.1331319765154,40.0,30.0,2,2,6722.147745262078,0.20521739592533791,,3.0876144625842707,0.16358140181950248,1
7218,58,1177.5885948846465,40.0,30.0,1,2,4156.807949557548,0.024004287013702098,1743.5869644916397,3.52993224256281,0.41945333670689006,0
6126,54,2652.1976834898787,32.67728378343301,30.0,3,0,8771.503775559275,0.026069448829459534,2470.7715115715487,3.30725866709051,0.28168163347954683,0
3172,47,1561.0007880476958,26.053885831992893,30.0,4,1,6016.145903171148,0.3468303442991893,1680.7993188439666,3.854031304298949,0.2793814089445548,0
3739,31,1414.374106540975,8.13868340339993,7.394802734900047,3,1,4712.051113856621,0.5068535487735913,849.6657733158509,3.331545092677438,0.18031760538786562,0
5001,43,3373.88257898037,21.30528824374796,26.578064172690702,0,1,12635.507690718843,0.26560470659350616,2416.1388568505777,3.745094085205969,0.19121818576591929,0
3148,41,3187.2315224055883,20.90482202045519,25.243872276654212,4,1,5142.768760367653,0.2949212009942021,3644.5990988390413,1.6135535571278825,0.7086842260779563,0
4287,29,1623.546079745424,2.7437859332944976,3.998569619049225,2,3,1822.5566877413116,0.056266738021603764,2055.220965777106,1.1225777392330576,1.1276581845715505,0
2154,55,3344.992229372322,32.68159042589241,30.0,7,1,10485.178232244696,0.02296516520649688,1760.965955660564,3.134589712996795,0.16794811844448462,0
1344,51,1380.628124215314,28.117018509546476,,4,0,4370.553391782773,0.08669073766391983,1023.7707471299343,3.165626800675813,0.2342428190111487,0
7733,37,1228.1037225883522,11.109372277055375,9.998354496342953,2,2,1947.1039843889766,,1240.9408225943096,1.585455648880584,0.6373264255754327,0
6013,33,2276.8427692281116,10.754052086842831,10.541409093734483,2,3,5203.163158895281,0.4081117854268475,987.5906328363285,2.2852536104894243,0.1898058167074681,0
7781,21,1779.4703965328408,0.0,4.837079945093645,1,2,5117.739873237071,0.2777218797546985,708.1944919846671,2.8759904537937735,0.13838032208087203,0
952,64,3718.245415110663,40.0,30.0,3,3,6861.189186375004,0.40031122077772213,3642.9231375838835,1.8452760429668411,0.5309463182880928,0
6900,47,2900.1763617618676,20.270375727561557,22.16420587142163,2,0,2931.5101657079663,0.27441397871355067,2769.6734982136923,1.0108041029363688,0.9447940964396451,0
1504,62,7327.531079100935,40.0,30.0,4,2,12697.41289400628,0.1283776382931122,,1.7328364433991883,0.21566348677748123,0
3309,43,3984.149957879297,19.269313628166,26.851973531956588,1,2,9246.49893646589,0.3232764225967378,2874.287510125647,2.3208210118144406,0.310851440082924,0
7952,29,3081.4786609819093,7.811451328329739,12.213358322006357,4,2,6859.42714007349,0.130044075798632,3766.4311925771667,2.2260180565026992,0.5490883007668793,0
3076,28,3732.1746644232303,4.502127274540889,9.486176664456348,1,0,4414.960571741323,0.5485627448595057,2503.999497231834,1.182945860981994,0.5671623690728049,0
1121,63,1486.9260075029836,40.0,30.0,4,1,2711.7836625184486,0.2651776596990527,251.33955481032228,1.823751584702178,0.09268422045765326,0
4525,37,2490.3107345733206,14.259137695641352,16.59367610158414,4,1,9248.08599466073,,3242.816677219641,3.713627326208052,0.3506473316848309,1
4819,58,,34.748157811290966,30.0,3,0,13837.610890880052,0.3768203703907415,1452.8924331568728,3.725624942192777,0.10499590172133182,0
4359,62,4295.818005309373,38.393168166901944,30.0,6,2,12211.26253742177,0.4688308317781597,562.8801238518388,2.8425930806028985,0.04609516191523,0
3113,45,6112.543665441528,24.239730625149953,23.322111282165185,5,1,12509.113126169244,0.23179940587773093,8061.201953357931,2.046466055840547,0.6444263371872289,0
7517,51,2954.7980267755056,26.561189243882982,29.021631745566335,3,3,11128.089990729884,0.182837923594877,1987.8916753449034,3.7661085089032906,0.17863727530967952,0
3053,36,2027.3899714378708,13.937882833092871,15.626526962419014,1,1,7470.038111114129,0.4437880187971448,2944.69654214417,3.6845590716897,0.3942010065200296,1
416,21,2200.943139391202,0.3528119471010722,3.786380509649825,3,1,4659.716214130301,0.24958780986433785,,2.117145205041151,0.5969699722254782,0
4741,46,4298.38617460146,27.597880544562834,27.942124125922568,5,0,12746.201884322869,0.16188431838630674,5821.191247997783,2.9653459150874637,0.4567000664847094,0
2431,21,970.8347077143176,0.27536501726307017,1.0,2,1,1289.505624400677,0.1814293516246381,853.0454404232468,1.3282442563643215,0.6615290575562369,0
2903,50,4149.282466789172,30.558024530845245,30.0,9,0,15579.881418762337,0.19891593649844228,5382.964596477893,3.7548375034632135,0.3455074176620732,1
564,63,791.1422326960912,40.0,30.0,4,0,1025.7848711437855,0.056548570696477056,531.2112542601716,1.296587173267275,0.5178583435997186,0
2526,42,4372.020638872878,,20.104334971734254,3,1,11757.219916184958,0.37719905804522535,3159.878788605561,2.6891958861420218,0.2687607113868543,0
1224,29,2313.611705360689,7.5319484364202465,7.027128680653481,4,3,5672.918673431538,0.7193363555007858,1423.0005965077864,2.4519752645991812,0.25084100062499504,0
142,50,3652.0898089861225,32.57678625266521,30.0,2,1,7157.881343072411,0.4830512559613935,4416.885544356079,1.959941216522151,0.6170660468730539,0
1490,24,2138.933917897829,0.0,1.3602996692747287,2,3,2565.976407308089,0.3979374265451027,2264.5006803365195,1.199652025636193,0.8825103277984377,1
6343,52,1672.0251697170559,28.1775877253947,28.369574812919527,3,3,6345.60066672132,0.2435801238244686,834.293553214468,3.7951585787402577,0.13147589913588675,0
6721,61,1528.901422484504,35.90840140429714,30.0,3,0,5881.29547767751,0.23023466877377322,1680.8404312296273,3.846746030309955,0.285794250196962,0
2004,27,,8.317657471632165,10.922079400122643,2,1,12007.875547194668,0.004219710348062719,2090.4528115170237,3.4453908980722785,0.1740901463627681,1
1194,41,4233.512784527809,20.737012101940447,20.402797347172115,1,1,7893.293156929723,0.1744615566291493,1297.7311858860828,1.864478403319647,0.1644093485552062,0
7600,32,2313.1289093622686,7.479323731382109,8.434123608884107,3,2,4212.411410553321,0.07766975692042459,796.2709118584665,1.8210880480996132,0.18902971107322883,0
2885,48,3397.315908578744,24.04095590575892,30.0,0,2,7003.383839751504,0.1203006884496722,1358.5268579297745,2.0614461616792497,0.1939814936629231,0
1756,31,1976.7832137040682,5.885943369646115,8.835528418106598,4,2,7862.757576492465,0.20005705258577114,1640.1159574153044,3.97755177299353,0.20859297027277185,0
497,46,3795.679737820697,27.77092272271137,26.450432257269902,3,0,4529.12747696566,0.3066621316791472,2243.520749576741,1.193232250823689,0.49535385369188434,0
2868,35,5607.630320478487,12.0955213330094,16.525199758884998,2,1,20225.24291740813,,4197.363665062934,3.6067361365722754,0.20753093953943114,0
7818,22,2942.0092722863747,0.0,1.0,3,3,5832.042091679305,0.1626698500082162,1312.198522168098,1.9823330084704147,0.22499812270563666,0
912,39,3884.27675305939,16.69935235094476,18.69584504118128,2,1,14698.757119206988,0.2910241972367421,1864.8065528950608,3.784168341668688,0.1268683153120683,0
721,28,4590.819963997734,6.563281511066082,7.5070079572671595,2,1,17262.28556066084,0.2340266999911079,4943.199817504584,3.7601748045089227,0.28635836199869624,1
5828,59,3277.811138125855,35.365112124771265,30.0,6,0,9844.347151052256,0.3995197189433473,1652.2278643315099,3.003329580691135,0.16783518896475572,0
7498,47,6290.428808181823,23.56099728068518,27.281187957113552,10,2,16440.334995194054,0.18938138904234797,9162.90099108728,2.6135475810187168,0.5573427180021476,0
1496,23,2916.4921149002075,2.2418505484217195,3.9323906240124176,3,3,7613.7758790085545,0.06736805903947386,1703.0865588955523,2.6105936786560013,0.22368488197702555,0
3024,40,3571.619366020717,15.902042865803864,18.651338850908555,7,1,5783.9586540979635,0.3932483150225987,1139.6519949423769,1.6194219096034586,0.19703667731700117,0
1520,57,2092.1759601427534,36.56519065158981,30.0,7,0,8137.888418789041,0.4842037489850953,493.5959038419648,3.8896768597961406,0.06065405157219081,1
5114,41,1958.9174488478727,18.855118134879568,20.157853973848177,3,1,3196.9160463506914,0.26375068118605005,2411.25849141909,1.6319809945186516,0.754245171427496,0
4292,58,2537.6270042020833,37.460953902904855,30.0,4,2,6604.257665717924,0.4134076206875022,1381.0538084858335,2.602532860338365,0.20911567633933378,0
3886,40,5302.742461300938,14.299135443938694,14.882044597233323,3,0,19848.833064600265,0.20424965851763477,4130.182728031554,3.7431259785772606,0.20808189149404444,1
4923,37,1213.7345002191262,9.374493399816588,12.500013018736512,4,1,3413.1600632642862,0.2511181720812968,1038.3204347319527,2.8121142330946993,0.30421088243336625,0
6450,62,1902.3738968353841,38.286967675309526,30.0,4,3,4556.609149356073,0.17001821897028216,1286.3219497405892,2.395222704083584,0.2822980658594271,0
108,28,2528.589815655042,4.432797853937122,3.4765540731554383,5,1,8295.74484676371,0.1418006724662549,,3.2807791898088703,0.3791248386921199,1
1754,64,3847.8735363064898,37.263921963820586,30.0,7,4,7227.191880768444,0.36573574287484306,5352.182607165734,1.8782300958117522,0.7405618524406264,0
6273,44,6103.975101873673,23.53799163509151,26.756382065442583,3,4,17522.492292436265,0.2778144640370033,4898.36229152285,2.8706690312445033,0.27954712205165416,0
1351,28,4780.776961514233,6.243928717071154,8.36760225523982,3,2,16640.800933468752,0.3219837517816858,6040.0144230386895,3.4807733277308235,0.362964165438139,1
6540,32,2582.5625894591826,13.792513822277922,13.658491857139634,0,3,8396.341317808183,0.13986712122525657,639.1260062544211,3.2511666327384035,0.0761195837642843,1
5595,58,3041.435238274855,36.60008434850394,30.0,3,0,3619.5947024243324,0.35788721256614753,1312.657303861549,1.1900942873527756,0.36265311775994075,0
3504,41,1224.5292693949045,21.249319077201147,23.71432541811165,3,1,4310.20146862866,0.33455401377489724,952.6518420310874,3.5198843966861864,0.221022578402625,1
1973,61,,40.0,30.0,5,3,8279.564756082334,0.3836750939689112,1531.8595899260451,3.9005594109879484,0.1850169223932587,0
336,23,1197.4031836126226,1.5643695755844336,2.614527913552736,4,2,3072.056887260633,0.17381120859125182,644.7190629905277,2.5655993981844034,0.20986560036179103,1
6559,47,4623.778788527267,25.449701570562073,29.787568688688047,2,3,17734.722650187,0.2127289194156886,6253.905751472701,3.8355473869535475,0.35263623090303914,0
6829,59,3277.6847846845153,32.54770777176665,30.0,5,1,7637.920069948816,0.08267855770586101,1526.5734910149629,2.3302790145160293,0.1998676965763525,0
3639,38,3411.2585848691997,17.960690571125987,20.01591462311012,6,2,5532.677252641863,0.5207961205983821,1298.6318057118342,1.6218873811508505,0.23472032551541577,0
3017,42,5555.689284309035,19.604550436766157,23.113647886330114,2,1,14853.784565445172,0.5077316520806628,7126.93583411842,2.6736168646790235,0.4798060590361621,0
5689,39,,10.874005085807438,16.974063621180765,0,1,1384.4515620825837,0.03511277822599617,1042.4933437059392,1.8202652374821466,0.7530009516098575,0
3315,33,2290.5568312444034,12.570628859593834,13.011025305658515,3,1,8454.807683199804,0.22626265011222074,2727.941665281291,3.69115822313237,0.3226497594619296,0
724,54,1529.674998956663,29.896913007841157,30.0,2,1,3603.1174362913075,0.29027658605026047,1645.2404057916333,2.355479064996725,0.4566158152993983,0
765,44,2905.002539467344,28.246849769422923,30.0,3,1,3079.2096842560245,0.3739316608056973,2099.6518408107527,1.0599679836495506,0.6818801108434598,0
4439,23,2211.5386318373207,0.0,1.0,8,0,5081.047682624369,0.27637847864862763,2709.8470380255962,2.2975170360931445,0.5333244652067417,1
5379,37,4874.241278109909,13.482694840445715,16.475961649849705,2,0,6148.104812547776,0.19843875336061786,6661.115912922975,1.2613460150523848,1.083442152666003,0
4503,51,,28.777643237916468,30.0,6,3,11549.169162470798,,3044.8205770901413,3.380461728308363,0.2636397938463255,0
307,47,929.596632245857,26.95131853670207,,7,0,2526.8613946628852,0.4288456712143461,1182.2965981987693,2.7182342394659065,0.46789135355661343,0
1278,27,2878.467215837455,3.632895173078634,4.477157954039016,4,0,7121.856948211467,0.20533069749233337,3894.0727962757483,2.4741837979000394,0.5467777329132788,0
6973,32,3494.414450818069,8.46934097838469,9.133589275791566,7,2,11835.0517599031,0.594161711606651,3419.554347040029,3.3868483336693007,0.2889344648770701,0
3745,37,1376.300576150031,13.300599758963997,12.988341778816046,0,3,1750.9637620515646,0.3352498049591873,407.40527094366115,1.2722248267523004,0.23267487298898387,1
6234,44,,20.355269315658262,19.743966293900034,2,0,4115.46413160164,0.16240718912287427,221.74143957050478,2.3235874130512095,0.053880056411573764,0
4907,32,4072.0658195528863,11.50412978721145,16.15047799364498,1,3,7380.575624592321,0.11038330187052312,2513.220373374568,1.8124892748916102,0.34051820633074137,0
7255,29,6226.059938703435,1.7201938696436283,5.464336508793929,3,2,12842.3586841563,0.2770171624815552,1018.8186634388304,2.0626782926267,0.07933267466635655,0
1791,56,1889.2235375447,28.56013615712687,29.427445803532862,2,3,4028.4709057492128,0.16389208826793125,2221.431840796869,2.132342110761944,0.5514330108792801,0
4162,36,1474.1533946702064,13.677906398002698,13.717222590182278,2,2,2522.8733175609154,0.3512674577174544,1489.967481994191,1.7114048827498891,0.590583550756593,1
7401,27,1119.6794590601933,4.533251638215449,8.026692333075696,2,2,1865.0878372660018,0.07737662073313002,534.3468354148408,1.6657337260000014,0.2864995550011897,0
6119,21,2750.844544960446,0.7503638766602956,3.189144682025191,8,2,4448.229936875903,0.4872392324143927,984.0367535301424,1.61704155366579,0.22121984868013694,0
2053,43,727.6588303045268,17.70429700385582,21.86068479605054,3,1,1577.2641751508352,0.45315072089616276,457.78468568490587,2.1675874866944813,0.2902397029597959,0
4483,40,4664.61065070985,17.904820042645277,20.47131411303389,1,2,7672.219804043737,0.5601480401081127,2024.1723985173635,1.64477174592829,0.26383138781431925,0
5220,60,1878.4493029060332,37.64938724551661,30.0,3,0,5546.356265896744,0.19318603278674248,525.7041740899307,2.952624942986919,0.0947837010259084,0
71,51,3178.2400381897046,27.57093915656372,29.759430684936405,2,0,4242.109423632186,0.33695127189055246,2040.1326430263418,1.334735379536799,0.48092409678568265,0
3951,47,4195.787027070343,21.34781667599343,25.6583439478069,4,2,16160.362706056336,0.12553016962313016,4518.496705865869,3.851568871773768,0.27960366905456246,0
4060,34,,14.177437003260213,17.963427427065064,1,2,11212.258168490547,0.4365614588357123,5347.644040607704,2.6385948028642314,0.47694621014311084,1
5314,29,3226.3155758447156,5.744186410002046,9.558224352899524,3,1,3253.483154340677,0.3963757820077645,3945.7273303543607,1.008420620319774,1.2127701737413692,0
2887,28,2094.334218388863,7.134651843034364,10.833047732044143,4,1,3177.5478376289643,,3117.3018272095815,1.5172114411010291,0.9810400933367733,0
4129,34,1883.4548934664124,12.309834858122835,12.915012392944554,0,2,5090.77639562233,0.2303989907617665,1037.3707742075842,2.7028926539636897,0.20377457063320284,1
1260,58,2184.892878963427,34.29332877113018,,8,0,7539.073345772375,0.03439855836720396,2779.3945360466173,3.4505459825330744,0.36866527337941285,0
1666,44,1334.5819480170805,19.5372345678198,21.53778222355548,5,3,1340.7202252591283,0.16324773090516317,328.1420481241072,1.0045994007720305,0.24475057654976853,0
4398,31,2400.405442771749,9.421229565165879,9.294584120691827,1,5,9226.717420346347,0.49281372138423535,3302.9248864129045,3.8438162386818506,0.3579739939937297,1
4039,26,2730.0132102585603,2.7979479980804878,3.612330859218952,7,1,10912.879808784633,0.024685842444763725,916.9519892670044,3.997372528373616,0.08402474922603635,1
4252,52,1360.994905266914,34.91813649435692,30.0,4,1,2536.9152579260717,0.01522870733963633,259.5454626819598,1.864015249512297,0.10230750194397042,0
6473,27,1639.7406319577553,8.358373264145765,12.79002408842739,4,1,4643.781734518225,0.2609040419466182,1965.2131565268842,2.8320221161890817,0.4231924041388581,0
2167,46,2502.489479205612,22.180827931581735,24.680005195022012,5,3,5507.977408497807,0.19024175863273438,1269.1952195719625,2.200999226676571,0.23042854489813724,0
7616,36,1927.5010159137773,,14.150837280042149,4,4,2911.7388048105527,0.09643827034294439,2139.485422267103,1.5106289339257102,0.7347793073789477,0
2533,55,1172.600058435739,35.12517703792989,30.0,1,3,4655.196232127352,0.1530087505670285,1120.2120148252332,3.969977827169337,0.24063690529181272,0
1695,56,1968.9582930224328,39.76105420635129,30.0,6,1,7487.153386690962,0.35731326506361316,2168.2415464864575,3.802596232344704,0.2895949147162775,1
1095,29,2858.99345307245,14.004338560873686,19.654243807427285,3,3,3643.630349347995,0.1083287108277742,1581.8225090142073,1.2744451532172367,0.4341336407238085,0
6026,43,,27.634217593053155,28.097423175740573,4,0,16494.239300598572,0.21832204845373904,5725.8805959552055,2.874742680106296,0.3471442660436856,0
5861,30,7057.66033775406,6.870021284572482,8.3041987982067,4,1,10962.533645139938,0.33985086560523736,5766.85222326377,1.5532815579827854,0.5260510398360703,0
3751,45,6400.224809181348,22.162078317236958,22.795548961472758,5,1,16865.995674430233,0.1342748635145441,9093.456874445728,2.635219258272829,0.5391592082661271,1
1630,24,2772.9174396529966,0.0,2.420012023908101,9,2,9020.255057724507,0.5384928035016571,601.136389380261,3.252983636921157,0.06664294806891043,1
4906,23,3818.6291075448007,0.0,1.0,3,0,5063.10104711803,0.28787325800957486,577.1795964772919,1.325894949345674,0.11399725012516361,0
1881,34,1591.3783225878697,10.361314893847453,10.416904479391524,2,0,5140.028830657866,0.6712713390890611,1546.7639987651532,3.229922613435658,0.30092516009626835,0
4522,48,3603.1407928082626,26.123120355953414,25.20790632225682,4,2,5781.178111903065,0.32531273412365697,3699.1803100551515,1.6044829897965922,0.6398661723358399,0
5369,46,914.8347190821574,27.602932592536945,30.0,2,0,2044.131785038205,,1071.5125694230576,2.2344274243210376,0.5241895739139103,1
1612,49,2287.314938784789,28.04379707452579,30.0,3,3,2538.154295064861,0.012204384117149365,793.0765104041383,1.1096654212442378,0.3124618987687948,0
978,45,3043.1006882407105,23.863926625742657,24.18298446550681,5,2,7499.757726443382,0.18633285683501802,3063.5084665319537,2.4645118564181234,0.408480990756586,0
3994,36,4734.873898554702,16.694277170343923,20.678921503685004,5,1,16614.55875725762,0.053159094685340295,3744.1831673467045,3.5089759755437493,0.22535555846231306,0
5693,33,6788.310234285139,11.374421349836275,14.443629466801696,3,2,17915.433686532466,0.33078078351319085,4039.3937918286374,2.6391595357631883,0.22547005350281657,0
7076,23,2803.2839862548885,3.240649205998717,7.631568258216731,2,2,7445.186104095477,0.23785701479637603,3315.5719489883177,2.655880082289502,0.445330969922226,0
848,45,2452.094963791571,16.226489634373856,16.854005467970566,5,2,3608.135316330715,0.14964986028951888,1045.7434676279915,1.4714500741649938,0.28982933730197735,0
3773,53,2020.2322505111522,28.82169469281269,30.0,5,3,7457.885414642654,0.49273842879111374,698.917077581623,3.691598039163906,0.09371518047319204,1
3662,42,1206.0853754495017,20.364962234840647,23.63641730510315,2,1,4516.144518067989,0.40687111688294103,895.1823834597947,3.744465035391749,0.1982182766469029,1
2271,55,,39.1890722706391,30.0,2,3,3703.2061639237622,0.22678851272889247,2429.0207957565813,1.7316325527378917,0.6559237288541593,0
2392,41,2733.9400185861878,19.637344172503443,21.321677396262306,2,1,10642.780902247307,0.16635328017621548,,3.8928362838593094,0.37614452162587075,0
6984,29,1795.6334060429133,4.3635993904335555,7.0574118864400495,5,1,3959.868124406793,0.27085658819070085,960.5657096519305,2.2052764840977552,0.24257517661546565,0
1830,35,3647.0825917000902,12.129318407124277,13.487169522805402,4,2,8955.142928500429,0.13933000541428447,3075.8818758258126,2.4554264136710935,0.343476581042228,0
2760,52,3019.075309447656,26.98416004684075,29.64708434371196,2,3,3800.4274725748105,0.4151827631570087,2924.5977660773915,1.2588051250931214,0.7695444228793453,0
47,22,2585.1281530306383,2.009475436278705,3.6353598509931473,5,1,8299.102864149065,0.5696098021113021,,3.210325513038775,0.12474309558841981,0
7649,30,2284.202192763351,11.333672043203325,12.48999807133161,2,3,3362.6609339324123,0.2628383814433465,,1.472138037773433,0.7287130808691835,0
1350,26,2096.509281469706,9.59603699938374,9.559722298968849,5,1,6667.320962627836,0.3167770186947193,1523.247211331855,3.1802010234621405,0.2284646591742131,0
7449,63,2911.3290486208302,40.0,,2,2,9273.649734194652,0.37686296735256275,2222.4213110459455,3.1853664011588845,0.23964904592538466,0
3080,32,5134.494641938523,9.307299775583521,10.389765743923807,2,0,17772.72593950671,0.25653807115504157,4435.60278229354,3.4614362617771928,0.24957357680476633,1
446,53,1130.8607985059696,32.158372347609564,30.0,2,1,1434.0774943686918,0.4780497671895953,146.84031401945515,1.2681291068390692,0.10239356980084054,0
2248,53,2015.3920649545698,34.69677244713528,30.0,5,4,4615.792379361517,0.21543989396642316,2375.2221949555033,2.290270195871573,0.514586012485262,0
1743,33,3506.2211830442607,12.620479126610421,14.795171579894168,2,2,10820.814692214384,0.22042956052357074,1561.3957215955716,3.086175722325441,0.1442955790305698,0
844,59,5285.6795019231195,38.97956193106084,30.0,2,1,7179.055722279629,0.10194595406578899,2653.369931967649,1.3582086692293074,0.3695987375795296,0
5156,60,2137.0980903507984,40.0,30.0,5,1,7921.44658655892,,1430.7319649880324,3.7066368747064096,0.18061498608293247,0
2860,44,5022.767659245603,17.9132446562922,17.778836296559835,5,1,16351.4370055362,0.6355024311055892,7158.8200672919365,3.2554635441751874,0.4378098429433532,0
5544,32,1387.766665877547,11.05136418552802,13.571636260532191,1,1,4646.995177680336,0.1763302850170592,1182.708418705064,3.3485421518910985,0.25451036067040694,0
2440,54,3547.321181079239,30.154001163052556,30.0,4,0,7064.9287909973755,0.22207939334404916,941.1624872331911,1.9916236591939886,0.13321613211905065,0
678,21,1727.1145580061682,0.0,2.1240245948500682,3,3,3588.9728911497364,0.3705595553085961,,2.078016698147083,0.6170550263265501,1
7083,34,,11.979023248488408,15.308873094304687,4,2,4516.952405404205,0.36386633195706186,601.9064720396213,3.6881219433867507,0.13325499540785155,1
4506,45,2401.680057989694,22.17878496078891,23.98326449788765,7,0,2636.195634508243,0.13085406495151755,1971.6308840063025,1.0976464686619618,0.7479076507818022,0
1294,56,1647.12562712894,35.336543611192546,30.0,4,3,3177.445923913912,0.18073711715625485,1127.7926975273172,1.9290853542558448,0.35493686581395084,0
2759,38,1976.8917765125352,14.777240216235349,19.81177352031608,1,0,7576.462097333605,0.27931216458260755,2886.253290963416,3.832512324321242,0.38095000725723677,0
3846,44,5361.046763791622,23.95206915245741,22.665362704416843,5,0,11833.495137797709,0.5271830650764233,7063.361179782387,2.207310560639173,0.5968955999501028,0
4593,21,3986.241095253868,0.0,5.0324364806953525,7,1,8809.2333798376,,4848.653507906145,2.209909829670394,0.5504058411034549,1
7475,30,2250.8948432017123,6.4657964552844795,9.262319932875744,2,4,8919.945741069077,0.2680079212213729,1605.6609011634978,3.962844274138187,0.18000792244405014,1
5728,62,2397.155069729381,34.28035791358595,30.0,2,2,8835.213326958854,,2884.496762185523,3.685707878696507,0.3264773192724242,0
5909,29,3346.7890917794384,7.849328910227601,12.416206276912984,0,2,8097.076642316278,0.5709372972660294,4503.926735235297,2.419356708854092,0.5562410897406164,1
1112,63,1706.879296396237,,30.0,1,3,6504.619755396785,0.0951464946166212,304.4305937449659,3.8108258557767374,0.046802212149662466,1
776,51,6326.385070543967,33.74971582417604,30.0,3,0,12743.26314357291,0.2787322443159513,2107.8767812183182,2.014304061715484,0.16541106916413556,0
7563,53,2861.7800772291184,32.910061386828566,30.0,7,1,4327.1820498662655,0.32413660537646166,2315.4866682831007,1.5120596038448921,0.5351026699592318,0
2231,43,4062.2898104493465,22.289398468590292,22.055880341380135,3,3,9625.924393380606,0.11022663277453681,721.2487122038793,2.3695809118837445,0.07492773501315422,1
2228,23,3895.489404047435,0.0,4.607284456954561,3,1,9168.216840366747,0.16408425136209615,3118.600871362427,2.353546856228365,0.3401534808417202,0
2153,22,11807.61184653056,0.0,4.044864604872624,6,0,16619.741099845312,0.3581982627374687,14710.06770381581,1.40754466829198,0.8850960803446405,0
5446,57,3723.211955977024,36.33231789994629,30.0,3,3,10022.006325799606,,,2.6917635751869757,0.22936902902250936,0
5074,36,3167.7575453342997,9.806692241901475,14.434477293608754,1,1,9071.554555704452,0.3617424094210578,4263.201809586931,2.8637149232161683,0.4699527278823571,0
4764,59,3024.1939061830703,36.752130406413535,30.0,3,3,4916.048366270517,,839.2955547647113,1.625573134123273,0.17072565040718457,0
1366,46,2098.580549332096,18.857245749368072,20.665361101507195,3,3,5407.107289999871,0.22638872629374265,3085.263633155767,2.576554562902416,0.5705941213450271,0
1469,61,1668.4029262514307,38.25456412840509,30.0,1,1,2223.9665436906917,0.06270754931441175,1926.6515034096872,1.3329912748879564,0.8663131686380463,0
1851,34,2382.0787770223997,11.096425927564137,12.943608831105184,7,3,6262.593042948155,0.26036666380357226,2984.202721907197,2.6290453125888646,0.4765123170932347,0
1963,28,1058.9276650896836,9.975120384750623,,1,2,3374.2171619098294,0.5006657638051415,1186.2230829075102,3.1864472646713384,0.35155504995300896,1
2926,26,2363.1664996077916,2.809739708852777,3.063877673566247,2,2,9261.842128004533,0.09587923561722865,958.5227355584424,3.9192507720220715,0.10349158648042692,1
7071,43,2389.7581566576687,17.295367567010402,20.453033182195252,5,2,6113.441892497696,0.4561870444402646,,2.558184339894877,0.1031682482839243,1
4712,63,4545.646023639686,40.0,30.0,3,1,17368.150376154786,0.28293543034671087,2408.932890768506,3.8208321294336414,0.13869829766535166,0
3887,50,2053.3150831448374,30.455189902964893,30.0,5,4,2890.8280443922063,0.0931238096507745,2141.231423504866,1.4078833142182163,0.7406983018787816,0
485,33,4201.1471158714985,15.352348334609662,18.771242728474462,3,0,11345.936608149634,0.10200133433716395,2082.966760538963,2.7006758619058733,0.18358702612905453,0
2239,50,5798.217191203384,,30.0,3,0,22555.95064516664,0.6163596043379961,1287.9334220757828,3.8901527661617816,0.057099496373998554,0
4051,52,2820.92906653588,33.079951283787814,30.0,3,3,9097.61619271277,0.38453299122396495,1178.8558986461196,3.2250425225632156,0.12957854823446918,0
3101,64,4602.886934998247,39.10501585439025,30.0,7,1,18024.166229268903,,6307.946705968769,3.915839446809216,0.34997162286072814,1
7429,51,10031.477235370907,28.479367574441287,30.0,2,0,18925.145264353425,0.37257161859043364,8158.252452795315,1.8865761064206492,0.43108004397524186,0
6142,38,1200.172324095088,17.607042470611464,18.43822158775435,2,2,1890.5825782979302,0.40680556865131157,302.324307702242,1.5752592693081815,0.1599106599059117,0
30,62,3360.0951680567337,40.0,30.0,4,3,7688.717713105644,0.32739580085648173,4442.400971788881,2.2882440313594783,0.577781775525024,0
1879,30,3991.4429227865876,7.031200176306062,4.03128155509843,5,2,13381.119178803754,0.40770068621219063,4670.869794186593,3.3524515914815725,0.34906420993435616,1
5807,29,3271.7077716171066,4.858843103877861,7.736205213205416,5,1,6986.029137242512,0.11044657697696511,2585.594667959709,2.1352851858738986,0.3701093449748023,0
4275,47,2972.3144272665004,26.327444322305418,23.819799906988628,5,0,9253.183447239815,0.46174514522940646,922.233374440885,3.1131240229350627,0.09966660443936008,0
3128,55,2958.432322197208,32.56064868418125,30.0,3,5,9382.24100030465,0.2454986608632841,1026.8125927558458,3.1713556297737178,0.1094421463616746,0
3399,27,2267.3483739737117,,6.890806922977498,3,1,8035.176579374944,0.15932946024940248,792.9102362310329,3.5438650150142768,0.0986798769632905,0
5170,37,2724.388191898987,11.136651456922127,11.928441550033527,4,1,8893.170898851866,0.4894185083241949,3859.887672060386,3.2642818396056246,0.4340282803469693,1
7975,57,1878.3716255149295,37.342353713470885,30.0,1,0,2900.5988197537436,0.303602144514309,810.1647180623203,1.5442092397230418,0.2793094696670607,0
1036,49,3959.450008035772,29.361591541514212,30.0,4,2,7871.759806844466,0.10306877737879167,2944.475164950998,1.9880942532090553,0.374055514548448,0
636,23,1192.907813711074,0.7466129381212092,5.649587525781688,3,2,2574.8777507546724,0.38098889698849536,,2.1584884608512724,0.15062182380007041,1
5998,28,4888.370665497466,8.2499185400114,9.618319691509155,0,2,11933.42601460334,,3019.395864145476,2.4411868148277853,0.2530200346866473,1
3047,48,7100.568523469396,19.412763619101614,22.29182629303314,3,2,26071.027354350594,0.2257109713129134,9211.767601134423,3.671681678471019,0.35333350987402545,0
1083,31,5994.157837530833,5.67193904048686,7.953042435790451,1,1,22422.72963698621,0.22593497704076201,4559.1106048174415,3.740763964637738,0.20332540589961026,0
2615,34,2236.8910131763414,5.278801939708918,3.781041465718813,6,1,4783.889622929847,0.06722934107858496,2374.6168296526234,2.1386333061157137,0.4963778466523883,0
861,28,2794.277558530998,0.33471159170689635,3.145862155639531,6,2,11070.726033866114,0.28030860539215435,3269.1658643132087,3.961927833570762,0.29529823557304236,0
4035,49,2331.7458387346187,30.915860835512813,30.0,2,1,5176.864139899207,0.11992838445676776,1137.1892975462688,2.220166560995586,0.21966759544290645,0
903,35,1505.010356381302,12.71390517464859,12.13470362543388,2,1,5136.715514755758,0.12653712425671043,608.2694249403534,3.4130765233447633,0.11841602346733729,0
6728,53,5104.495595556816,27.504092005319116,29.03389046627994,3,0,17711.607626466473,0.23054409462718936,7570.110490373342,3.46980564384921,0.4274095638309714,0
109,32,1777.9395884527753,5.817907594875997,6.795462753665594,0,1,2137.001297489688,0.35225900625792844,1061.1207658044696,1.2019538297976597,0.4965466174732586,0
7692,43,1491.4085855156716,18.286270100767922,21.712915365235247,1,6,3454.9515423639405,0.3464142574778871,1187.8693563916459,2.316569433700391,0.3438165027283955,1
7427,60,8549.195913240224,31.323959971960683,30.0,1,1,23839.03881651366,0.20135089593663985,10680.29807001538,2.78845391524996,0.4480171433177489,0
6578,43,2558.2552990098425,21.32937624230959,23.746928824918182,3,0,6740.2245800575165,0.19366289783032212,520.889260449197,2.634695834565956,0.07728069803346999,0
7654,57,3818.7830270084614,36.30028238794074,30.0,4,5,4150.106633765063,0.4937480206226095,4894.743768577554,1.0867615689116938,1.1794260245638415,0
6723,63,1784.8141088261048,40.0,30.0,4,1,6181.146037607202,0.564753819849172,2457.614127364595,3.463187570649932,0.39759845705182006,0
7637,58,1415.3715562187135,38.670087832514014,30.0,7,4,3656.216129383713,0.37036970556276355,678.6677213423379,2.583220012666927,0.18562024161759094,0
5879,27,3378.620762868203,6.975391154026744,11.847836576105715,1,0,5585.133968075525,0.1898532477524353,3264.3835381024433,1.6530810529128914,0.5844772133956985,0
1831,54,2539.665175284172,29.874079317182012,30.0,2,2,9573.406876722065,0.20368618917469336,758.6380742549447,3.769554731029008,0.0792443154275192,0
7013,41,3746.8330586265524,15.55292847078006,17.881509820977865,1,6,11546.24528651627,0.27953771498733715,2886.701260944394,3.0816012098357772,0.2500121198980148,0
5037,60,4803.212170213487,39.93762263250575,30.0,4,2,5464.4414109254385,0.753683006823834,1527.2406807598106,1.1376639667954875,0.27948706297889697,0
782,24,1869.7483143815257,5.824303085834309,10.309971090921298,4,0,7390.604508208898,0.3147182022785701,1745.335763039749,3.9527269265936242,0.2361560222984694,0
7805,37,5594.404385841939,15.727946768645694,17.304634869907755,3,1,6194.9981679846915,0.4643355744232849,2121.531950916016,1.1073561617502494,0.3424588504125702,1
7126,35,3951.841087686573,9.672780782429056,8.784209699321302,5,2,15353.180598099929,0.31761585313158375,3899.4980429701,3.885070339983675,0.2539863331935724,0
3653,33,2951.812530924946,8.333469834028657,7.828257035604673,1,2,7424.390837755411,0.12121754785661171,3515.937971316286,2.515197276240639,0.4735658518186587,0
4852,46,,24.4117482086482,29.632249005915504,1,1,2903.2542669129416,0.4666520447260498,2823.042838169473,1.0484806821993449,0.9723718898280451,0
2826,46,2573.174676600068,,30.0,1,1,8136.210866314576,0.4389827019724979,3782.060843300857,3.1619349204325844,0.4648430215789135,0
3909,61,2317.3281601577028,35.5851891901208,30.0,5,1,5587.736406571027,0.3793017178666077,2410.7698572968993,2.411284039370048,0.431439438421236,0
1825,61,5608.151534990193,37.59313891076455,30.0,1,1,13137.880099223277,0.10805924088971525,1159.1605452462866,2.342639997734343,0.08823040981435179,0
2617,54,3813.8546132028737,31.2722444479947,30.0,4,4,3852.7768855375048,0.09924676676963486,5187.391104534375,1.0102054945146282,1.346403194020065,0
5519,40,2982.7067844471885,16.914352331486523,18.95278916204296,2,3,9736.757501354263,0.3596971171403771,3768.525408761172,3.264403176378218,0.3870411077031565,0
1094,41,2165.3166532115265,20.72964958435799,26.41953730876088,4,2,2537.416160733851,0.10311443496131042,2764.843573455755,1.1718453081540932,1.0896295279589177,0
5620,64,1040.9250271035464,40.0,30.0,3,0,1578.2224607895234,0.170237100544586,1096.8979408009566,1.516173038111158,0.695021119045677,0
5687,59,3758.665086613499,40.0,30.0,2,3,7248.27885139749,0.12471382081954521,3229.665532230987,1.9284183837533875,0.4455768877611956,0
3382,52,2443.8373177767717,30.05582409573738,30.0,5,1,7880.591359798608,0.5318118349216981,1516.0210102212961,3.224679197127494,0.19237401623880657,0
4874,57,3367.6033013203246,30.926344965519547,30.0,6,1,9793.669151773083,0.16800689938504876,4627.836145316731,2.908201553292608,0.47253343701924927,0
3950,44,1957.161841338521,17.84037803054214,18.73221013659296,2,3,7281.462261391039,0.0874398777702872,1767.2075344183181,3.720419082159899,0.24269953904570724,0
2865,41,1548.3614394729886,13.229221428308099,17.631753514729397,6,2,2669.253121231866,0.33810131802516175,1798.953489037581,1.7239212067567324,0.6739538767336386,1
1654,57,2434.134938027626,39.1018704493079,30.0,2,4,5455.120817779067,0.295627708164297,975.9949014622969,2.2410921977067297,0.17891352621950762,0
6555,33,2252.0632864132185,18.84660548821742,22.74621228974418,3,1,5015.91282510859,0.1260897663425937,653.2524684191445,2.2272521626589175,0.13023600911664612,0
7331,58,,34.18607605405342,30.0,3,2,4138.626037076897,0.5036766173729238,1818.2543186864348,1.8145466890457316,0.43933766965102844,1
2323,41,2317.339614389028,16.818004429068814,17.722889949336007,3,1,3199.43694850878,0.16879759478267392,3041.9762887608063,1.380650867331899,0.9507848842524106,0
2413,46,5547.4758881399985,24.794959589439824,26.22719852058921,2,1,7536.320954675737,0.3622110616009545,6794.178905627021,1.3585135125666268,0.9015246227553152,0
6135,62,4447.727166980489,38.068001671474086,30.0,4,2,7065.897887663034,0.32800606627358253,5733.078314686546,1.588653625186275,0.811372936013755,0
2654,50,2708.3278329617447,28.221120456713376,29.615319577364765,2,1,8606.783237955251,0.44712213972314324,369.4753170341483,3.1778956495614255,0.04292838646206292,1
3018,39,4808.883796784232,21.976792015988103,22.699457310938808,3,2,8593.970597200314,0.5421140715750357,621.4239102296851,1.7871029869649215,0.07230928977487175,0
2678,40,1741.9662465971376,18.43760986193777,19.326042253427165,4,1,4281.164554701279,0.3468863220075269,455.1290449125639,2.4576621751795504,0.10630963587063541,0
4538,62,5189.122990807341,35.6475679823707,30.0,4,1,19066.68544818734,0.29123329356743427,1856.5769732532258,3.674356048597122,0.09737282226102542,0
5213,55,2626.5924332395125,25.789963362284087,26.355906145944516,1,2,5972.253987355357,0.13698654339774471,1553.4073201779468,2.273765016519699,0.26010402830604146,0
5576,38,2645.191596850447,16.798234958517575,22.112584071193055,4,0,5081.083385222722,0.5137061122134475,568.6401577168203,1.9208753692067606,0.11191317177958393,0
5009,31,6887.548804897691,8.033942550410824,7.625358710559732,2,3,8251.812362836205,0.22443986565695337,8117.016647272074,1.1980767899558684,0.9836647139274262,0
7897,23,1167.6695890253445,0.0,3.5011352932156514,1,3,1324.934856902402,0.031340296216789125,451.7027041999218,1.1346830210833247,0.3409244626984671,0
178,29,1630.3064056869011,7.875865818018582,8.026278844030582,2,2,2846.8236032918353,0.006880446769383555,1635.9855830125637,1.7461893012021723,0.5746705138740746,0
5503,64,2903.885127112457,40.0,30.0,1,1,7483.772390311124,0.46014036390970414,4250.975765206967,2.577158552326338,0.5680257954812332,0
5682,64,4164.571079511012,34.0140595205318,30.0,4,2,5274.265190397272,0.07372993694256286,725.669519859546,1.2664606005515835,0.13758684739264818,0
3340,44,5226.565187582984,23.115819531981305,25.32656185040337,3,1,20632.58316003188,0.3740901745326092,7542.431308228298,3.947637199484234,0.36555923462065637,1
1204,39,2482.952877690595,21.360527905865077,22.372113808144967,1,1,4738.485446989116,0.39076295231716124,3584.368322751363,1.9084073199956986,0.7564375501097949,0
2202,64,3715.6728543563654,38.46792483659792,30.0,5,0,6738.215544540186,0.2156052609213621,2482.615809025854,1.8134576989575661,0.36843817070195356,0
5407,57,2684.1171981676257,32.87363620215059,30.0,9,3,7753.357621618923,0.34261729473555746,1680.166349155627,2.8886062154483905,0.21670177375422076,0
6497,23,2171.8353335029806,,4.475152231521321,3,2,6003.559097988888,0.40504446910727093,3097.7050667167928,2.7642791354285925,0.5159781083448454,0
6176,22,1782.2341890576974,4.645224939031646,5.681164967601298,4,2,6350.242007404685,0.44727064376369513,405.7818031682008,3.5630794462326993,0.06390021084157735,1
7372,30,1728.5194503025093,6.619044689624974,6.936998249860288,3,3,1804.9834025164012,,573.8277921896286,1.0442366744559974,0.3179130574772221,1
7953,40,3343.733376933114,15.289083089907113,14.864550782739418,3,2,13244.967223532385,0.1390890127119864,1483.0774789056272,3.9611313853261603,0.11197290668040595,1
3954,54,1868.9094418028785,34.86585535895907,30.0,2,2,2171.2053512664784,0.2929847672458975,1309.4373695488462,1.1617498968660485,0.6030923647019582,0
1770,40,2607.222117093299,13.705643126312864,,2,1,2732.257782087946,0.19259663950389888,2587.3276833789423,1.0479574272459935,0.9469559206092734,0
829,34,,13.660948992066258,14.051809296146056,1,0,5553.907181602898,0.3101118159671243,1012.2044247436086,2.3986768398338203,0.1822508716199825,0
941,29,1201.5068381253961,7.638022048425353,10.528383134221636,4,0,3394.25625807599,0.3576269764301988,373.3627457774469,2.8249995342279908,0.10999839652327396,1
3169,25,5021.35964675938,9.290189049551108,9.691197161448422,0,2,19795.711973338948,0.15941536630465494,4550.28403031283,3.9423011626172704,0.22986210531054377,0
2486,37,1629.809332102866,17.79825969694878,17.914696140446427,3,3,6284.591137888985,0.08131075173534844,186.2700520678064,3.8560284409344217,0.029639167923718762,0
627,55,1368.3085052462568,33.583855943610025,30.0,1,0,2453.5826776360245,0.27044951707609216,813.2004353188869,1.793150205694621,0.3314338834925214,0
3011,60,4812.387581564568,33.926040650247174,30.0,1,2,10453.297116860675,0.27050578351829446,2324.7732117973073,2.172164427675249,0.2223961670473862,0
4716,40,3423.0839616209587,20.776161022028337,24.27838438701183,1,1,7722.378489204587,0.5465036189689608,,2.255971099682799,0.38885945293847934,0
925,63,2405.7300357234535,36.51679718143128,30.0,5,0,7779.271581133375,0.2651392630054607,,3.2336427885159544,0.3615419923372178,0
295,27,3314.2790357375393,3.871844553806676,8.634181423201026,3,1,4507.515327495292,0.07760741327148105,3582.754326305903,1.360028916965411,0.7948401871096344,0
1052,58,3235.9235653824994,36.29660726739551,30.0,1,0,10270.003973724659,0.06234728601357597,1765.5838760347265,3.1737473911905276,0.1719165718486471,0
2707,56,4424.658381579989,32.689377924466285,30.0,1,2,17399.22725300957,0.24445330807648197,3454.097809390634,3.932332341281572,0.1985201847854004,0
3213,49,3701.161280520217,27.351367545969303,26.945715291680642,4,3,5649.688733725304,0.5998966227669498,5337.4511534215235,1.526463805687282,0.9447336667523104,0
6920,53,2808.871807862349,32.290518219935926,30.0,3,2,5361.609398194649,,3469.910988243584,1.9088124218367313,0.6471771310703771,0
2867,29,4066.752850527001,9.59247177540342,15.805100439384212,6,1,13579.452549951493,0.10815769184418526,3866.240587118464,3.339138877886755,0.2847125517686849,0
2789,42,1127.8324183012876,21.32283256158222,25.76719679459253,3,1,4411.767284899377,0.20754108361529977,819.7488295832387,3.9117223563623646,0.1858096260854646,0
944,31,2261.84929988751,10.348687983253628,10.958586416418495,1,1,7715.961736185512,0.4256240941329458,1128.10432881369,3.4113509403872553,0.1462039817438731,0
6368,50,680.0410586286689,28.174061365548752,29.05004516007643,3,0,681.9691812969984,0.2813015533625537,943.7606826421677,1.0028353033156816,1.3838758532273892,0
6642,44,2397.7383146284274,20.424391196018266,24.11734707795956,3,3,6888.309743034043,0.12850678066141275,2203.643005366269,2.8728363312247067,0.31991055680891123,1
12,56,1552.4662932151086,36.445362056358434,30.0,4,2,2309.2692246993756,0.15769823783292353,948.3127926817402,1.4874842917954452,0.4106549303731327,0
1117,26,1621.0818515166804,3.5286002613343572,11.390849158210054,3,2,3246.2255078090325,0.20680526359438844,971.5494609824074,2.002505613625784,0.29928588098555514,0
5834,31,1586.483830752301,8.589121155880925,9.80137032773838,7,2,4905.187185607288,0.14299301114844185,438.26675195793206,3.0918608122726834,0.08934761006550097,0
7825,32,4959.848629828825,5.937635899681063,6.802124926094262,0,1,16297.81039016699,0.11952321395089656,2877.9207047370637,3.285949150171839,0.17658327320297018,1
5485,24,2408.3195447389435,0.0,4.159656455085976,5,2,7852.8211440707,0.15712650095835545,1814.7789966038792,3.2607056489764643,0.23109898510475238,1
3121,39,,18.13744923511161,20.81533508647092,4,0,10890.273696205693,0.38219294076916493,4151.787505919831,3.5435163384014094,0.38123812327750456,0
4872,33,3909.7496956496657,10.430618404902715,10.171704126943732,5,0,10764.78594639946,0.16717918421145356,1924.1027871014824,2.7533184434740963,0.17874045955786466,0
1319,45,2951.8614570738514,19.39417240328519,21.682792816009545,0,0,10459.285180727113,0.13215765626009476,3424.8774742247056,3.543284579180518,0.32744852205919234,0
779,28,1963.862947730946,7.782796035028648,12.39467883478007,2,4,3331.7487127861077,0.15144310101928438,1725.2471580501585,1.69652811905007,0.5178203120269101,0
7815,55,5007.648117120241,30.392836404816816,29.64332713494603,0,2,12706.214688576523,0.03624957729323643,,2.5373617297781523,0.2665835581127401,0
7320,38,1897.9812909108448,13.944377314924772,17.42185843779272,2,3,3576.0605027109946,0.06718342462414066,439.6687593946717,1.884138963769678,0.12294779662183034,0
3617,33,1723.4464476009061,11.163683575178473,12.256301553955872,2,0,3327.177330706727,0.26360270174120637,2505.371619964532,1.9305371137805103,0.7530021309180912,0
3765,44,2031.1056342721658,19.136213886904752,20.9532738002621,1,1,2874.3973750907694,0.08156350357007999,1792.5741147511562,1.4151885192917562,0.6236347591621876,0
433,49,1802.5988535262413,21.631153616255965,26.341022391092682,6,2,3263.8814113520657,0.34862902441632215,2336.3827925825603,1.8106532160315456,0.7158295593879165,0
653,28,4029.980186467872,5.1820685763299785,8.631291996520243,2,1,8830.289899695767,0.4164317691795657,3882.4556757863024,2.1911497057347042,0.4396747694455724,0
2477,25,3905.236611581059,4.401566831263335,4.708549414608422,4,0,12531.259521120859,0.5722198047490394,4239.991806713829,3.2088348972144614,0.33835320380744793,0
5267,59,2110.3754929630604,40.0,30.0,3,6,7300.160797003118,0.5132408003916459,973.777433413916,3.4591762562374004,0.13339123075394088,0
5935,23,,0.0,2.1053625212546385,4,2,7173.033942557863,0.37416752454915564,547.3009700893576,3.940083765313153,0.07629978813319169,1
4829,51,1777.6730363979595,31.996457621744156,30.0,4,3,4196.795988194964,0.2612991526861117,969.422043602535,2.360836836845314,0.23099098605922042,1
4622,52,4839.070525751141,29.992440196010897,29.036631430839826,4,2,15616.333229738008,0.3847202996614117,6961.921857797613,3.2271348695241375,0.4458102779556537,0
3055,50,5202.2673099291305,28.915854419290643,30.0,1,0,6606.616222466398,0.07491303650041423,611.0619086269891,1.2699493949218843,0.09249241791115664,0
7796,22,2035.1749167006185,0.0,2.799299789839263,0,4,3111.8762157963406,0.16622424546014325,,1.5290460737602087,0.27619340749165805,1
4048,35,3893.0171258102737,16.05706935233822,17.616597523142115,2,2,4870.946433655592,0.3775066154503249,4141.906630688342,1.2512008748591819,0.8503289221310296,0
2886,21,1910.05842234461,0.0,4.706769979143727,0,2,5565.599008912565,0.20055109414997055,258.2992915883968,2.9138370553507746,0.046409971536714174,0
6458,49,1928.840101991391,28.363104170916134,29.318797880967157,3,1,6638.495317607507,0.37413599750350995,2267.46048030908,3.4417032862152386,0.3415624131412758,0
4782,57,1674.0300612217243,32.265448913131365,30.0,3,1,6503.490729477577,0.3111484429896266,167.69963160716202,3.884930671275558,0.025786095280654498,0
5837,32,2126.912496054478,13.43688632851457,12.843982351916438,5,1,2864.2539933520134,0.20048232720520692,1874.4913282648781,1.346672229659348,0.65444312292681,0
3706,33,1373.1624150196142,,13.932999076759273,3,2,1400.0496125882387,0.3355284583978154,907.9126588222181,1.0195804933739323,0.6484860612502019,0
2984,55,2664.8933970654057,38.12582788025057,30.0,2,1,10303.512291189329,0.1879484114249897,1804.0029158798845,3.8663881649208216,0.1750862099152841,1
5566,32,2529.4120247603505,9.276075416665595,12.384943218269598,1,0,5000.221268927885,,2917.030212347499,1.9768314612174074,0.5833802256860824,0
570,64,728.5607116162029,40.0,30.0,4,3,1055.2975788523663,0.09222627796508026,812.1662097310049,1.4484689635697574,0.7696087113307261,0
1448,24,3204.6290070056134,0.0,5.256733840559318,3,0,9452.880586559168,0.2340235479397708,4605.326405390963,2.9497581672930946,0.4871876210876048,0
5062,62,2780.7373558211307,35.73283648637661,30.0,4,1,8550.561537419464,0.49704366691544805,2158.416820382442,3.074925979442078,0.252429832933972,0
4053,38,1601.4242270887974,16.204861746176785,17.158916453381345,2,3,5828.387477915368,0.2297182279042797,2147.534323197032,3.6395024999157766,0.3684611449280544,1
4855,38,3775.9103800068538,16.289258891032745,17.823422907428373,2,1,6814.954509573119,0.4162572927865381,4200.7313590218955,1.8048507045235405,0.6163990314419611,0
4100,28,5448.148565340183,3.984900073714563,8.607162427389838,3,2,11391.234431166531,0.350062106567183,4594.143028703429,2.0908450447983076,0.40330510766539995,0
1745,42,1369.57487754861,16.57149637135876,20.01176007779519,2,1,4876.2920303694455,0.2424781044481713,1562.6213069421422,3.5604420833839168,0.3204527737900374,0
2741,62,2941.8624789534165,38.97057163951064,30.0,2,0,9192.67094742399,0.16000146439813892,792.1880123699885,3.124779289715246,0.08617604360047053,0
1590,48,4953.7148807133,25.254017128262284,25.108460476071954,1,1,15558.215088267387,0.316668499826445,3017.0291457475937,3.1407167071406246,0.19391871937949792,0
3820,38,2742.8731192882365,16.426647805071973,18.79276837359298,3,1,6930.401976050348,0.19489702618496127,2887.1579588164664,2.5266943364295162,0.41659314550494003,1
287,56,4441.173620983153,40.0,30.0,1,3,9523.770149470602,0.32796473788612945,,2.1444264427028417,0.5614234953798577,0
1738,53,2495.6965496451166,28.569356299566717,29.5944092540966,3,2,8882.618172613804,0.27689448687373336,2209.9487112976985,3.5591739604227506,0.24879474366141732,1
5023,58,877.4998035716724,35.50717624833723,30.0,3,1,1325.4556233613794,0.28360077638185277,664.788080779548,1.5104910769967128,0.5015543855731913,0
7069,56,1121.985111907655,38.189930162677435,,5,4,2677.547478790407,0.2887716245931596,236.33277691861983,2.386437618800402,0.08826464471337186,0
3433,39,2074.8845016502664,17.71966005847743,15.053083851334087,2,0,4381.056277814421,0.12733885716465101,2774.1179102406827,2.1114699513779844,0.6332075495785705,0
4967,50,1641.396728812157,29.463713100559517,30.0,5,1,2854.026895180241,0.23531013999045736,905.8436875392599,1.7387794462376185,0.3173914335106688,0
6750,48,3208.26041206382,26.750505210900986,29.500207421731425,3,0,3737.8308945791873,0.2744112564750825,4330.409585870696,1.1650646813220202,1.1585354468953906,0
5481,44,1031.2960815759452,25.125250422537054,27.621548763268933,3,1,2001.4397538003982,0.026652976374272604,1411.0795336758981,1.940703343643036,0.7050322304213729,0
5770,48,5473.420549263763,25.44505778242298,30.0,2,1,7592.984537417584,0.48744708292172567,2168.0579479514404,1.387246689538396,0.2855343557289541,0
2827,24,1791.333792813935,1.4869602168715361,1.0,6,2,3267.861049041,0.6880072783227518,248.85092440320835,1.824261375601946,0.07615101152365006,1
1684,44,,,25.234003976924765,1,1,5032.585525132492,0.4439657411438422,1661.4249309276186,1.1843611880347535,0.33013347167783674,0
5221,44,4298.433188080348,25.230883357660183,27.42943875969248,3,1,16727.667574490028,0.4223848506069171,1835.7265787734043,3.891573241355996,0.10974193327304746,0
1338,30,1815.7195307407364,6.879690426797472,8.281765894363092,3,1,2065.3937380543452,0.3537108186488308,1352.6314039915344,1.137507034036117,0.6549024426043571,0
4317,58,5103.031799648111,39.55863994212753,30.0,2,4,5332.993606243261,0.454375030061441,3414.5585892612444,1.0450637612352343,0.6402705199690973,0
2742,45,1437.3787390078,23.875957528628174,27.871086633376663,1,2,1589.1915406554983,0.22469699735598567,2074.586298343854,1.1056178149347695,1.3054350248354227,0
6982,43,2314.196851307862,20.369738377276516,25.866800432023624,3,1,7536.157044499075,0.20974205551112873,340.6701536572239,3.2564891963447433,0.0452047577625644,0
6569,43,1372.8442852837743,23.33837700212115,27.498575119285498,0,0,1393.7152064277614,0.3631503745168833,1970.0684299586235,1.0152026863991155,1.413537300068725,0
3869,47,1813.0055839408633,21.279374730640974,22.652720635385812,2,3,5748.777257789511,0.24005628111941665,2022.730359844299,3.170854689423298,0.35185401506094677,0
5708,48,5300.830149571234,24.99488057185429,25.334734400954908,2,2,7813.533511262298,0.2721573973085197,1565.2466806069724,1.4740207270920211,0.20032507422548987,0
2902,41,2717.1561462324216,15.278708626503285,20.031179707962615,2,3,6049.915872361793,0.24839860206157718,1433.4429011592963,2.2265617236427646,0.23693600562410838,1
2258,61,1682.344019411608,38.15133475715106,30.0,1,2,5351.609520784553,0.16894434450310375,534.6839717043546,3.1810435077697443,0.09991087160372067,1
4640,34,1912.424725505381,13.86196383476218,15.267868581573326,2,4,4201.156693414412,0.603039767304886,1372.1038223342282,2.1967697015129346,0.32660143919056644,0
4862,39,1861.8270991257834,17.81187805527535,22.746083364521322,3,1,2884.0960724289703,0.3061430928047428,2451.3819853079926,1.5490676195352355,0.8499654393424737,0
3955,49,2735.7172243686396,27.927435082425582,30.0,0,1,6147.716842932672,0.14521700593175346,3477.4415016430744,2.247204787165628,0.565647636429562,0
6594,34,2756.7574916774615,6.25486316067013,8.744452847169887,3,4,2779.4989159098873,0.2199075873346847,1662.76340047518,1.0082493379635609,0.5982241586630961,0
7593,25,1630.85934835287,0.21175177962196567,6.079403156664336,5,0,2341.812263352295,0.2765174254385704,,1.4359376029070017,0.30597597734223353,0
4410,39,2201.474588249956,14.996050172800658,16.12993481776644,4,1,2266.4058493965617,0.38336579355493905,2397.799854133201,1.029494440450581,1.0579746141987867,0
1564,56,,40.0,30.0,3,0,8545.328570182966,0.2581297893601394,889.1322724336981,3.1495446970620082,0.10404892744980321,0
6114,44,5317.676990151176,28.371684143215347,30.0,2,0,13677.024801455476,0.1143182046952035,4995.914569350973,2.571992399460625,0.3652778759909333,0
4655,24,1948.698741735933,5.607759652548013,7.625782096686223,1,0,2633.398077144216,0.02012408131630185,267.25268985339653,1.351362332588331,0.10148586807780244,1
7999,63,,33.50670469383296,30.0,2,0,7171.144779050171,0.48132158661250674,1551.93742187184,3.7732342253094355,0.2164141806766585,1
4762,50,1658.7420326053011,24.687581871393487,27.93902364879742,5,1,1706.775318798642,0.22593031365912888,2060.7342271616535,1.0289576590266405,1.2073845950691122,0
2185,33,2688.2445933951713,8.371463963583384,11.276114792832118,4,1,8629.611784408344,0.268153884790535,3765.9886073712687,3.210128946454759,0.43640301573884405,0
4104,25,2684.582221981894,2.4012181937667343,2.78384713093369,2,1,4825.696619932416,0.5605403437697574,395.4385425933813,1.797559627870084,0.081944343736826,1
1231,37,2880.3567748662513,16.654533719550663,20.136263552064317,7,1,11148.342022315926,0.21206339624625092,601.7556649773375,3.870472616307609,0.05397714420429401,1
5302,52,5805.09157735837,28.5161385233108,30.0,1,3,20323.510490213142,0.0685907132057002,6882.745302238881,3.5009801687678865,0.3386592737289796,0
1258,56,2382.5094672487985,35.562270320144385,30.0,2,0,8259.06049549511,0.44418847778754855,2909.7120083054474,3.466538374360483,0.35230544804612396,0
2254,56,4220.468055765224,35.973222945128626,30.0,3,1,13482.890457748907,0.4771211207433575,2365.2070634445467,3.1946434091192972,0.17542284948886547,0
1951,21,1644.9311185306276,1.2407245158565274,4.404647081614504,0,4,2072.8055797428065,0.1500663379362556,1405.3347413139934,1.2601169473858502,0.6779867610585877,0
7437,47,1477.7270073716054,27.897857519107685,30.0,1,1,3371.2630827072944,,547.1986872424784,2.2813842244811324,0.16231266258907634,0
113,44,3577.143325749003,21.14373749116759,21.259332755514784,1,1,9521.268114414393,0.03476546798999144,3446.764978744657,2.6616960091809503,0.3620069235868431,0
6796,43,2579.500844433994,23.006073184347642,28.963248197081324,2,2,3926.7190832295287,0.37988830091526654,619.8455438638044,1.5222786577885952,0.15785329450000093,0
2509,52,5778.718068188707,31.72292545493283,30.0,3,2,6133.612795337638,0.11184865148166409,2216.2145786163273,1.0614140927038114,0.36132286998959984,0
5865,47,5199.508268527367,21.873683272735413,23.070991825689795,3,3,11996.37870898364,0.44963172819873665,3276.2671650875463,2.307214084377506,0.2731046797175611,0
4047,46,3406.685369001976,22.7915322043696,24.60261113211518,3,0,9812.084872017498,0.09950846784869853,1022.4909012789997,2.880243934852149,0.104207302995817,0
2963,53,1497.489346248635,,30.0,3,0,3043.281612109317,0.29005468349955155,770.7173410906178,2.032255935398172,0.2532520612039018,0
2548,52,3048.971171377933,30.495424770130114,30.0,2,4,4078.3640107103756,0.17572611572626276,,1.337619735140764,0.38228575680519483,0
4105,47,4238.116403262901,29.532611223202128,30.0,3,2,15481.346524034887,,822.3850582670709,3.652883746212324,0.05312102903906408,0
507,56,4177.405956233235,32.557552637546976,30.0,4,0,11131.290790015482,0.19024260771846363,5980.051717159935,2.6646418630696265,0.5372289548417787,0
4730,46,1651.2004652172611,25.285924302304426,28.27169412706255,3,1,4054.619236502912,0.18902685516111753,250.96319869024816,2.455558438792842,0.061895626704198896,0
4680,31,4626.4919258172395,4.268504132292003,4.524339385799173,4,2,6428.556209183304,0.5294586468403681,1464.7934898270184,1.3895098731957134,0.22785730452734246,1
3518,52,1788.468156563886,32.75258780607335,30.0,0,2,4889.810528051392,0.3150160747768528,1099.6190733499286,2.7340774897809723,0.22487968951797627,0
7088,48,2385.2554270623928,23.63731521099715,23.57979869132415,5,4,8235.464599265495,0.059211958158251504,966.3623066914101,3.4526552191553086,0.11734156525639101,0
5744,57,1207.878253929792,34.28574630776693,30.0,0,2,1705.2355681727934,0.4286775957475659,975.1512024863629,1.4117611295880739,0.5718571795515995,0
4253,53,4155.430132166268,32.977024471401776,30.0,4,1,11051.366616289304,0.3266957107051489,4118.647491111871,2.6595000432670286,0.37268218801475084,0
2850,59,2126.1214890644933,32.935386359103596,30.0,2,0,2508.8886004591127,0.32287973235603046,1096.0801932099118,1.1800306865639363,0.43687878091093213,0
4687,31,3372.39513922882,10.786499184249285,14.354450226442614,2,1,10279.335349475898,0.20304404710379312,4451.31052064594,3.0480815340715135,0.43303485773259603,0
4264,50,4112.398176651285,30.4478871083856,30.0,3,1,9038.07330203006,0.18438927970544358,3619.0022992263503,2.1977622092493334,0.40041745384090643,0
7527,55,1588.825536034741,34.2454918213547,30.0,1,0,5747.573222192072,0.13817330120107837,1630.393752698779,3.6174980146255633,0.2836664605513215,0
350,22,1846.7661801705578,2.373026129319655,2.8688640634106304,5,2,3080.984385857717,0.4319458526434889,2023.4877492510936,1.668313194674798,0.6567666355400155,0
4742,50,953.6752283967545,28.323854944508074,30.0,4,2,2857.4055546787404,0.5170651901771777,1123.8621851061039,2.9962040216588104,0.39331560172334734,0
2906,24,868.2318235228748,5.207853650502052,8.82780899443301,2,2,1475.9568204307088,0.13165517681696048,886.0567287628776,1.699957062667863,0.6003269990678396,0
5077,32,1653.2528115368082,6.770374034275283,8.697867161733312,2,0,3254.3837782928267,0.21457431352828923,941.4614158785535,1.9684731552143324,0.2892902251290172,0
4486,49,,27.7368073869807,27.67460366954184,4,1,4829.860852362926,0.20260142716088067,2378.286820453208,2.037218732604674,0.4924131135764857,0
2505,47,2525.456747127321,30.875109420353112,30.0,0,3,7737.028061493011,0.15922807645326614,874.8239767697662,3.0636153520719747,0.11306976914349615,0
2620,36,1752.6079508657613,14.07265510105735,14.014431047904164,4,1,4958.30683289348,0.2968695267397804,203.27968284555863,2.8291020992140044,0.040997802212843756,1
5842,27,1375.100288360741,0.0,4.480035675921969,4,3,2994.9901172225614,0.4638264677383796,,2.1780157727934837,0.5951062270036515,0
1114,44,2036.7258103519,23.838588220745024,24.769027078843493,5,2,7411.224929019577,0.03879705634573563,2341.4279545387276,3.6387936419085714,0.3159299544897867,0
2846,53,3248.1601081631184,29.08923328534133,30.0,4,0,7608.4385026024165,0.26349110022917455,2210.079005627017,2.3423840725958236,0.29047734365876443,0
5656,43,1680.697309769491,18.179261251438106,15.051289712212238,3,0,6340.03174270965,0.26837743405437237,1727.4169183906688,3.7722626827903887,0.27246187219441154,1
298,53,3548.9001498149532,,30.0,4,0,9204.28715439497,0.3814135711883816,3549.032034171875,2.5935604739048235,0.38558467099510707,0
1675,37,1932.0574171827843,13.585542501658683,12.923262121110808,4,1,6630.776899864243,0.4218578642208077,2234.759109459679,3.4319771456548445,0.3370282461932075,0
6354,38,6508.307289382335,13.017201677758852,13.957521459152751,3,1,18302.239844251246,0.3057628893548166,5179.497302880863,2.8121351728597013,0.28299800171768313,0
7579,55,5551.304843868336,33.49321063234453,30.0,3,3,9771.57038924778,,581.9012981525273,1.7602294711019004,0.05955043815606412,0
4315,58,2602.259357576838,35.68164780531232,30.0,5,2,2768.7925007071285,0.5849565154956627,2943.7013867999367,1.0639955977659976,1.0631715399576305,0
6104,31,2726.030344785275,10.525782939200132,9.686552331415756,1,2,8939.044936219014,0.36956909868968135,707.2140411391005,3.2791435918234906,0.07911516791616374,1
6533,27,1936.4413233154294,7.993634918400241,11.254716105073644,4,3,6207.444384210447,,,3.205593843443977,0.3030250477581896,1
3605,57,1731.7492805961517,32.6714797872314,30.0,2,0,4114.298474277643,0.2445927095040823,1539.8370808664988,2.3758049276401625,0.37426479641510485,0
3668,45,1836.7613159587765,19.861747339425293,22.06710413587297,2,0,5681.068837188332,0.031329939572327506,628.8001386377871,3.092981536483881,0.11068342184513859,0
229,39,3937.8827802057885,16.180564341768893,19.42885787810364,3,3,14009.812379635187,0.6746548471546481,1943.3428888739609,3.557701729989802,0.13871298460062356,0
76,60,3214.805150775341,32.41581573817398,30.0,4,1,3706.2209018157932,0.40111182805550377,4404.512585767379,1.1528601977391797,1.1884107025594377,0
6006,45,1304.4657407129962,22.179898415672206,25.39679531788544,3,2,2441.9474568940736,0.1720654953930232,1560.2413766958766,1.8719904867408412,0.6389332302343459,0
5559,47,3199.122944990893,22.947701639380707,23.423747435975496,3,1,8589.482372777291,0.5587342729403243,3082.6663027102786,2.684949131519465,0.35888848348768904,0
7790,56,1570.9622604717545,37.97874909552285,30.0,4,0,3958.1872818055845,0.12648488706582714,878.6031021151173,2.5195941248244593,0.22197107907292596,0
5154,21,2503.123835236931,0.0,2.3060690901203658,4,2,9502.823736941426,0.3807789985047194,1808.9366595734589,3.7963857813059194,0.19035780412735326,0
2103,33,2269.1822025766082,8.632196200293684,8.743612258718626,2,3,6129.654405660274,0.32968175840563,3125.18197189228,2.7012614494773413,0.5098463575705687,0
7434,24,3694.2134079239854,0.0,2.158265895642243,3,3,8998.673193049044,0.42554443173377327,1508.976351176527,2.435883420743138,0.1676887601987951,0
6539,57,778.2512151635051,36.008226817971774,30.0,7,1,957.0220131743413,0.11677240543785894,253.68088832769462,1.2297083442051262,0.2650732008621848,0
7007,31,3896.4610140045934,10.257472370687758,12.42502546949153,3,1,11444.464697761772,,3294.207007067778,2.937143386428935,0.28784282131710676,0
3297,63,2272.0595087658635,,30.0,2,3,2693.3371608449256,,501.8203966509733,1.1854166453183665,0.1863191894228153,0
5549,29,1852.3856432036337,1.727342833156583,2.3068117223178985,4,0,6747.976607150048,0.5871394287573605,460.9307304824043,3.6428573239639603,0.06830650983496438,1
6000,36,2445.1426690995327,8.531102220021129,8.732764033818269,1,1,4356.977079338576,0.7482922278900667,3572.272719386599,1.7818907397101333,0.8198970649459782,0
1614,56,7905.976309532847,33.9283126371713,30.0,1,1,30795.12660096788,0.17977932075509623,7221.280687695894,3.8951706146444955,0.2344942685661481,0
607,48,1654.5791654042969,27.98355267879735,30.0,1,1,5197.610284232987,0.5500074214488575,1270.0389183130337,3.141348805128312,0.24435054743633086,0
3852,57,5540.597163681548,39.66011131487576,30.0,0,0,8854.459339249986,0.5721003153772752,856.5900041040983,1.5981055972252787,0.09674108506061031,0
4728,22,4151.236499262661,9.953061161954967,12.841417810728071,4,1,16479.813785498314,0.0859102369407057,1522.55163250003,3.9698566411298044,0.09238888571907437,0
1093,35,6839.1596174714105,15.85966410675183,16.25826648365231,2,4,26698.924169421098,,,3.903831122937336,0.3810977033113691,1
5304,26,,4.740291021567752,6.153074043334455,4,2,7000.538593056334,0.09018910181610897,861.7008257816593,2.876479123336952,0.12309064714482963,1
2622,26,2358.836510234901,2.6793029418499588,8.24811532809225,4,1,5714.268703427367,0.30023587058633144,327.32569796254967,2.422494597922906,0.0572821676667432,0
6485,54,2324.5650073527145,36.47692557837719,30.0,2,1,7957.963940534185,0.29050548041698265,2564.3085231518285,3.4234206896183803,0.32223173443780356,0
7856,38,2939.338307918894,16.104470817012302,21.26552934077254,3,1,10650.819519040704,0.570312333284088,487.7518420343916,3.6235432615382344,0.04579477111244134,0
7594,29,1342.8027629970386,5.683660339615666,4.80363144947405,4,0,2244.484766961591,0.19923272811341622,208.36338739093515,1.6714925146207351,0.09283350480163931,0
203,39,1247.670560065925,17.24329581173573,21.242006635320173,4,3,4583.008290486928,0.30005730961880106,1386.8599893749656,3.6732519281730656,0.3026090946101293,1
2387,57,,36.39218080141195,30.0,2,3,3683.5227744968865,,1815.013424070166,2.9931708645409247,0.4927384830186286,0
3689,62,2031.2002684125457,40.0,30.0,4,3,2468.5152376989663,0.4237766535640357,1163.5457229478768,1.2152987945537235,0.47135448271831587,1
4609,58,2751.726195572177,30.740152570033963,30.0,0,4,4487.447499755523,0.31335595931435334,1349.5449767206635,1.6307754408764605,0.30073777504788346,0
837,35,4172.840739802432,13.446278673844429,14.30551737864462,2,0,9809.844127147431,0.13163364565519253,5553.604353767135,2.3508791106204283,0.5661256470322783,0
2934,41,1421.8035461712657,13.871962843474321,17.035471117807926,3,2,2483.304139311267,0.08256273938418807,1883.8181805083311,1.7465873861395875,0.7585934202287439,0
5457,27,2608.8448347049643,4.200055545452685,7.256821101289509,4,0,4904.135623934162,0.26369382633326166,3902.055821564118,1.879811155763418,0.7956663764600045,0
7933,62,2436.4782423095776,38.68521296756081,30.0,6,1,5720.5909579407735,0.18901100892993403,500.4087386944395,2.34789330707018,0.08747500780488776,0
1230,44,2804.927780227997,20.89100395607247,22.337802477021377,7,2,8075.788082518654,0.49906672963906296,3062.5747744139144,2.879142963838526,0.37922921492248557,0
6080,60,7413.724640860672,40.0,30.0,5,0,17289.31361296053,0.1435761613314371,10991.924357119438,2.332068487905613,0.6357640680934609,0
1609,46,6021.613271873085,21.99323746842191,24.740492707670814,2,0,14300.430024337582,0.1713479247994217,1527.7749812784325,2.374850289894038,0.1068341985995069,0
7484,26,1694.4906190621368,0.4352145475396014,2.714477805322038,2,1,5194.740395444109,0.12696822214508804,2404.5159395126143,3.065664888908788,0.46287509220314893,1
3478,60,4002.020948532065,38.88181954485869,,2,4,11136.71722305953,0.20462493185206626,2066.9422641271917,2.78277334533805,0.18559708599293606,0
6538,37,4792.258344595926,18.945870344243207,20.601234186440795,1,2,19123.56939915312,0.130187031558011,4241.229000309201,3.9905130366600843,0.22178019760772394,0
7620,23,2191.5127243200495,,7.253990261881135,2,2,6563.829219575505,0.3932550276603943,494.2872087368895,2.9951134422968195,0.07530470281931802,0
6746,54,6752.811608569322,33.32424052297392,,3,2,10394.369142501882,0.3502080975928835,2649.226319406831,1.5392653823351776,0.25487129455257856,0
2732,48,7407.416309926027,24.9907596988765,24.798385946318962,2,0,7740.211781734009,0.22122906201631734,1078.1249679072941,1.044927334698609,0.13928882029449666,0
5351,32,2727.4554706766603,15.576145571581481,19.680128869567156,0,3,4677.725264949231,0.354218188200201,764.848128294774,1.7150510119194446,0.16350856131416586,0
6430,43,1679.775093729291,15.681204710723316,16.611796421493203,5,1,4046.9572185742177,0.26513669356807146,2141.0849266534797,2.4092256360281628,0.529060430099581,0
6860,49,739.8585340229239,,30.0,3,4,1742.7590464889313,0.332041195486546,596.6801363095902,2.355530099805449,0.34237672586563156,0
6292,21,4667.7815533653875,0.0,4.619018432104182,5,1,12313.434133949213,0.20179021116589452,4975.556780265143,2.6379628080648816,0.4040754777375305,0
3337,24,1356.1225847758935,3.555676106021062,5.627056029510102,9,1,1839.909261273936,0.21877316807185376,308.85104674654815,1.3567425850208008,0.16786210779367597,0
3731,46,2524.4627952768174,20.761175114685397,22.652666045104777,3,0,6662.997214042055,0.38546372987340705,2710.1951601075575,2.639372315768841,0.40675315823274055,0
6109,22,590.3008883951902,2.5689139486700383,2.796524844500426,5,1,809.1584567828615,0.07750673089807875,313.38909995815027,1.370755952922016,0.38730250834200763,1
4890,50,3276.0557692167445,,24.31309412405086,3,1,3281.947817342795,,1091.8360837604675,1.0017985188718137,0.33267929428703247,0
3375,32,5833.615822710205,13.878500026004579,16.26029578058004,3,1,14772.940859923916,0.28236672402365026,2779.1768428898704,2.53238151240831,0.18812617401246293,0
4056,55,1871.8530434051788,30.3068867737335,30.0,4,2,6861.154874804386,,1096.9165654785158,3.665434580442771,0.15987345942395584,1
657,61,916.430405624524,39.29549098398651,30.0,2,1,1070.528176587705,0.12512554647774327,1021.5424865693917,1.1681499980985106,0.9542415687044739,0
790,39,1726.5755500261084,17.779635039446063,21.871226413884877,2,0,4702.7022535344395,,544.4531539539223,2.723716464920013,0.1157745323010242,0
3540,51,1679.7134897810345,29.065725772767344,30.0,5,1,1980.7413703502966,0.613073225136545,1333.5103545891518,1.1792138256914897,0.673237997928684,0
6249,36,2784.811863751152,17.596140558395145,17.748713789634763,3,0,8437.801386310623,0.2573355881889086,477.3208767661305,3.0299358804601155,0.05656934252334139,0
6602,50,2799.9867183304814,29.225884834763086,30.0,5,1,3032.1218270473623,0.046213132169342704,1978.267159239553,1.0829057892300624,0.6524365682120239,0
2561,41,2850.022653956124,24.638232421964577,24.372219076752764,9,1,10434.791813793185,0.22455252988072208,3363.1357202341264,3.6613013581869684,0.32230022220362653,1
3966,61,3310.447997353519,36.67680533446943,30.0,2,4,5543.182788966446,0.09866003934900087,1098.8711565442788,1.6744509484510401,0.19823830430624656,0
1359,46,3513.951784038509,26.788107106497904,26.58525723619251,3,3,7418.04250606998,,2745.531530761948,2.1110256947079065,0.37011536783664356,1
7342,59,,,30.0,2,1,3298.861150198587,0.39705229703146017,2051.472758887673,1.5516250149448634,0.6218730238961944,0
2347,25,2292.753618189554,5.839859847351733,9.709258690382894,3,0,5427.052015246424,0.05751281907095511,1874.2569110135616,2.3670454479674237,0.3453545139696727,0
5432,59,,36.55735326174934,30.0,3,4,3834.6176303649636,,889.9463380795654,2.6495723974364864,0.23208215886569736,0
4630,33,2907.6273082763837,9.418756863797688,8.261022086274268,4,1,8284.282194023097,0.09885268051253322,1392.4637526374697,2.849155450714881,0.1680850217345442,0
2781,45,1739.7323216859013,20.090955902159397,21.6636694228832,0,2,1976.7752765170187,0.29150469812808294,1468.6432500623064,1.1362525440703481,0.7429490177811127,0
5927,35,3062.676627157804,17.563804311621265,17.412402746560105,2,0,8494.357131741515,0.14023620006920134,4053.316080759282,2.773507675090193,0.4771774977076188,0
7359,21,3698.586341782578,,3.5141588383587568,3,2,10829.293627425517,0.33427840435098344,3404.4902543177654,2.9279547985910233,0.3143778690879514,1
6082,27,2191.947227335726,13.530349443269674,15.375843942947984,6,0,7788.968422439976,0.7141477312481518,1861.9640471291275,3.553447056253874,0.23905143096546894,1
6996,27,2548.031201798805,6.616533688453024,7.933207407336553,0,2,4416.767781737907,0.029894731388548736,2650.8153637443183,1.7334041194706922,0.6001708703601522,0
3497,59,2266.1272725829976,38.88006467600397,30.0,0,5,3427.329134615689,0.18154278040516827,3375.9313812899386,1.5124168779404519,0.9850035548653212,0
615,45,2755.955212791363,22.414315565888323,21.84413547172994,2,4,8933.09881132178,,678.2584909658234,3.241380255332202,0.0759264512003607,0
2575,39,4719.360754748128,10.753462810898917,15.87066289896583,3,2,7420.001086959891,0.44445304471214697,3086.694824144706,1.5722470632266585,0.41599654608802505,0
6467,44,3117.793913128086,15.04422677627708,18.688836256173534,2,1,3432.7146176961796,0.22278485110706306,1182.8960041732287,1.1010075435846025,0.3445949156609801,0
2314,36,2714.9174115819405,22.10783215393524,22.160278896031535,3,0,10685.445978301546,0.17447480537860555,1002.8354722016843,3.9358272677898154,0.09385059587012999,1
1705,28,2125.5680202856165,4.423640021284566,5.60990917296283,5,2,6730.623666826667,0.6054663925815836,,3.166505895173499,0.31206009675266283,1
5677,53,2434.761358425279,31.677486848463403,30.0,1,1,7944.680012858427,0.6481961806630935,2360.4702009977323,3.2630220556797305,0.2971133132079986,0
6199,27,738.4612176916288,8.995520480672141,7.053487472399427,1,1,1440.5848083620795,0.14311131909976485,170.69823547192647,1.9507927753677212,0.11849231956430768,0
6836,42,4000.1818064186377,26.479082547063943,27.621494764305623,6,0,9501.85990091445,0.5847565456005805,1168.5383476382724,2.375357011440803,0.12297995969460816,1
1780,61,4253.09236778069,40.0,30.0,3,1,15540.954131942486,0.1496136392563661,3658.634073028913,3.6540363547410855,0.23541888367774336,0
3381,64,5181.080171196744,39.226342683766624,30.0,6,0,16241.940521516879,0.33740962644681727,2720.711637812221,3.1348560502520186,0.16751148880319422,0
803,46,7719.369497520169,25.31283853260352,,1,1,23517.756179020824,0.2335742963110764,9798.99306269327,3.04659029297352,0.4166636046441594,0
857,38,6519.66056537498,,16.791773234522633,5,0,9403.38640971829,0.17157568175591267,,1.4423122669389234,0.23728788593214734,0
4574,56,1701.2285061873847,32.368889295520795,30.0,4,3,6095.3809953859745,0.5557090286187054,821.3694808090861,3.582929026416507,0.13475277122641535,1
4678,45,1901.393808951998,28.342322571014854,30.0,4,1,3736.6704761093347,0.10105328700142316,1942.9063622348488,1.9652270132134788,0.519956569533481,0
990,43,3719.3403750796283,13.923858454932663,14.206559196919201,5,0,9050.25921259093,0.29857877052889953,403.3646477018252,2.4332968483416018,0.04456940273496863,0
5384,25,3235.389471960281,8.25423659467059,9.096344661768766,3,2,6027.980569786449,0.03547140174721212,1156.6981016455788,1.8631390817174704,0.19188816026435146,1
6290,27,3869.385267251293,4.762733960763016,7.186584814100479,4,2,12696.842683380775,0.09840533202200477,1176.4928236492565,3.2813591323771876,0.09266026625573602,1
3194,59,,40.0,30.0,3,0,13208.072544236578,0.24563125611223435,4768.354991476593,3.5821694926617242,0.36101823150246803,0
5659,59,3675.3280167410453,35.0697868827863,30.0,3,1,6749.443711593285,0.2972036570708803,5351.955517489051,1.8364194109613359,0.7929476481589413,0
219,31,2642.0565671821037,8.333276788462957,8.071785192059213,3,2,7585.506505089298,0.04560034435030704,2336.104108748968,2.871061353988969,0.30796942922422116,1
4472,42,1102.6816980981398,18.953256796672928,21.192886451902368,5,1,2743.370710073532,0.4529913724314123,509.2165518084935,2.487908083361849,0.18561711326095068,1
1288,46,3964.507793788556,22.482901453653465,20.125075838325962,1,0,6916.078872053912,0.27742119963629014,4238.429042968496,1.7444987453145555,0.6128370022058153,0
582,57,1358.066377120074,38.395226268141585,30.0,5,0,3844.7044765721007,0.4255200101119607,1107.055928101262,2.8310136686582363,0.28794304863928105,1
2618,40,3210.061192402963,21.488891423373182,26.61308667315683,0,2,4561.96360652058,0.36891884894416366,2742.405429571135,1.421145371719727,0.6011458367732955,0
43,45,1962.0259321970009,20.049394862161634,22.796011669284777,3,0,4290.838707771221,0.2252243822144025,1004.6636831096843,2.186942913117619,0.23414156334753816,0
1234,43,3362.131449309676,24.402140782595534,25.68156976743298,1,2,11553.69143166407,0.48046539762098883,2325.5962297677506,3.4364187140976634,0.20128599102051634,0
7118,51,4686.8813676615255,23.766154374558518,26.01764829909026,4,2,11792.516787799492,0.17014645383886717,3339.9707611358203,2.516068972678789,0.2832279844274927,0
7588,23,1049.3342597898823,0.0,2.2859892527812447,1,2,1829.6970369867677,0.18281823814679854,1198.152211068617,1.7436741628479229,0.654836394686298,0
3289,25,897.9473710789106,0.0,2.9097580086488812,0,2,1863.759574702573,0.5678063588680436,231.68885331861154,2.075577739554168,0.12431262940960905,1
7737,54,2767.535458166545,28.18991326442164,30.0,1,1,5679.352390568843,0.020697019503072945,1469.794086279804,2.052133559412943,0.25879607131273463,0
1892,28,4976.269141723561,9.297979834382534,14.695420742421,3,1,13425.47914779224,0.16032266659620295,1496.8064018294294,2.6979005285759614,0.11148998001129609,0
4879,34,3206.1783051280404,5.7241749822690515,7.202083168595538,0,1,10055.534135596794,0.10556163304959602,2589.4119033793654,3.1362991008683845,0.2575111245669979,0
7009,46,3836.912632797126,24.557206735935594,25.649989015945383,2,2,5508.162058985348,0.2846589210088604,940.3089305718133,1.435571404963129,0.17071192178122416,0
4584,26,2645.662317506979,7.8699917110878586,10.599328505909922,3,1,6595.905014649039,0.21438363278456787,2865.3979153946952,2.4931016218518747,0.434420736658707,0
7160,56,4032.2871199212705,25.88741005937172,23.861548213632535,2,5,14532.759224686133,0.25990130681362833,3731.275371169104,3.6040983175250383,0.2567492733816822,0
1071,25,1908.0143984561287,1.22967478160178,7.062660818582268,1,1,2378.911148214173,0.49973730122231536,2611.1444286179512,1.246799369092325,1.0976216705605477,0
718,54,1891.4878786088098,33.11271414879756,30.0,3,2,2299.0973993363136,0.4241022405697402,2550.8711271588095,1.2154967659783793,1.109509813675217,0
2364,27,3324.5481989161626,5.472903306615966,9.02170518692006,7,2,12478.68416601993,0.07269616126821893,4218.409818387885,3.7534977444718987,0.33804924960556515,1
1505,29,2663.219251096248,6.240843756004423,8.268086769209834,0,1,9481.566396451244,0.023000524618369475,2214.079963732854,3.560189944011704,0.23351415485120042,1
670,38,4677.08439246074,17.076549669831298,17.386718172496074,1,1,6375.560463331637,0.28675947041483524,3445.9329685907283,1.3631484763475228,0.5404909871704061,0
4614,53,2041.724732269214,34.57476518894536,30.0,2,0,7065.305896659867,0.4418755828397826,1548.282757520318,3.460459573709206,0.2191388143933401,0
2952,31,2500.004961817477,3.4233325845758413,4.944091621566487,3,1,7355.345716104907,0.2471484030464539,2270.740437979177,2.9421324471122845,0.3087197428405403,1
4836,45,1322.9248958340909,17.88461105920436,18.60820588775102,2,1,5156.418202747291,0.36172256346190457,204.76979615936102,3.897740694868563,0.03971163472548864,0
7446,33,2955.3478835264978,13.310323337142364,16.877628725838214,3,0,6558.166848892522,0.2308789908847401,2066.1484353878213,2.2190845569987263,0.3150496904080341,0
4650,25,2209.844260414903,1.4638879414749735,2.2303216930330905,5,5,6622.128982214945,0.4025412735846165,1304.3895409450383,2.996649628590399,0.1969743483475236,1
897,24,5782.447886596273,0.0,3.2606216849160647,2,1,18807.526913398997,0.44464526091581114,5033.556822382138,3.252519915829226,0.2676352316580281,1
6444,50,1629.247231958886,27.019829854844232,30.0,7,0,2912.060077539946,0.45184908793159695,210.99723138268763,1.7873653675254069,0.07245634559879484,0
2666,56,6996.929079624166,34.193280021196664,30.0,3,1,16665.793153968887,0.4057718255752814,8933.72991872583,2.3818725278353226,0.5360518900115054,0
2890,63,2335.522669668508,37.86988481661022,30.0,1,1,8226.266321810612,0.0906144981215725,,3.5222378393690374,0.4205638942113035,0
3698,45,3393.787440430437,24.46781276747625,25.819461249428997,1,1,7718.3200656507925,0.19318328348247713,1937.3880643550206,2.274249699230389,0.251011625311714,0
1530,60,3351.1928286446264,37.48181170856659,30.0,3,2,10077.862441392854,0.5431132408412679,3326.9077937398297,3.007246361728697,0.3301203814883606,0
3442,56,5023.581634917006,33.85130455789561,30.0,4,2,16987.347341060944,0.45599366537118263,800.855345134939,3.3815211089610546,0.0471442261735093,0
6697,23,4684.608558996843,2.5122429787725804,5.446785738766065,2,3,8689.174935464185,0.7617255985607161,5489.2974475837655,1.8548347905774383,0.6317397783280468,0
4606,27,4997.662558241723,2.3418371319308453,2.041116645842184,1,0,11138.586149892488,0.709716697758112,5858.659567022208,2.228759148919263,0.525978745253836,0
6391,40,4307.860145385491,,17.29579655368376,4,2,16904.770339399372,0.32275319234636973,1720.2996466697805,3.9241687912054166,0.10176415367562472,1
4354,55,2286.317843425273,,30.0,7,0,6537.817082816171,0.26265345156142017,2077.040418949187,2.8595398936402763,0.31769631860891706,0
4333,24,8449.342275516967,2.755775786027778,1.0,2,1,13940.905408614775,0.23988887594769293,7568.39747979143,1.6499397176760497,0.5428913874642993,0
7739,21,2068.892855799022,1.110917125733617,2.513966941195496,1,2,5856.865819263147,,452.412101840966,2.8309179002898057,0.07724474416896988,1
4553,36,2089.0159858020734,17.827945205686518,21.373428111494494,3,2,2798.8362185957317,0.21273968121728687,534.698019928582,1.3397868841683969,0.19104298292840358,0
6108,34,1449.8361134392808,5.601725732897503,9.273271294191929,6,4,1790.1441494122375,0.24520375463594302,699.8477131837557,1.234721726696187,0.39094489313251024,0
1874,32,5223.816134578475,7.891636162351233,8.236875275502879,3,3,8545.59834035311,0.2622043163239249,7080.955761439216,1.6358918691235063,0.8286085396738441,0
2370,59,2420.855718592083,37.01778624243317,30.0,4,1,4329.452035425712,0.34884780550322314,3082.3133309562336,1.7883973845180774,0.7119407504079559,0
1769,48,4823.360079199347,24.911137936538204,26.561666825319374,4,3,11693.057898679031,0.15043851863495578,1170.296182737097,2.424255644753775,0.10008469921878227,0
5823,24,1722.9822666317673,0.0,4.636802330562064,7,0,5112.464741019313,0.5062168317218229,647.4016381650721,2.967218432847597,0.12663200060251065,1
3842,63,989.3642622422453,40.0,30.0,1,0,1207.4504686826963,0.5733802134892743,266.6104272414632,1.2204306490171692,0.22080444221644113,0
1983,29,841.0198096518953,9.80658854173421,11.73447179509908,3,0,2496.350083819371,0.3174690062230184,598.7631013579783,2.9682417169847994,0.2398554214166474,1
531,45,,20.609849703380334,23.515856190286208,1,2,4745.830231072109,0.28528497084121096,2410.494415906421,1.922915445690822,0.5079183827782809,0
5741,58,1065.6122218506705,40.0,30.0,6,1,3466.0606900243197,0.03836699792199645,1295.939106541803,3.252647275389486,0.37389394544407417,0
7087,35,4485.046352867297,7.7545939976064755,5.481069621790117,0,1,17602.304260761157,0.5504737008107531,5873.44833846034,3.924664959038378,0.33367496956369286,1
7169,25,1680.2591796453453,2.6124648465907,1.6699359463851309,4,2,1763.8815034419526,0.40302477825018324,659.0877621097155,1.0497675149224643,0.3736576186232486,1
2881,63,2089.6573893416435,40.0,30.0,4,1,2933.4583412333986,0.07355571597189901,2305.275849651681,1.403798707001246,0.7858560039009816,0
81,46,4420.52247044956,27.6959523609583,28.813103371208317,4,1,15481.777118661828,0.14480441558347484,4919.698385354872,3.5022505195154805,0.31777349251622006,0
3903,46,3498.005736755763,21.908483866490545,23.89749308877977,2,2,11968.257676120098,0.6427596682603275,876.0891603968291,3.4214517004251968,0.07320106101532751,0
6516,48,6020.85569479726,22.63176972947178,22.989429038863186,2,1,20539.853501894635,0.4542175667881433,8721.270800275848,3.411450887229124,0.42460238577024817,0
3268,21,2150.1484128855395,0.0,,0,0,3406.1202837048922,0.257074906272587,2870.4695833495034,1.5841326409342205,0.8427387597208538,0
2163,59,1634.3042737092421,38.74943851182585,30.0,4,0,2433.5488545097783,0.29689188805613803,1135.514023540477,1.4890427037717757,0.4666082710590244,0
731,50,5273.478646641097,24.880666036295896,24.78598482197606,2,2,21027.075250632486,0.7306113813092,1633.6579197847407,3.987325380377813,0.07769306478967401,0
2339,26,2096.666808634723,0.6357957383261752,1.0,2,2,4782.154339310155,0.4282283156669711,,2.280836573372442,0.08738548018913557,1
5825,37,3508.588019119739,7.82276371664153,10.231643308028286,8,3,4806.438711664837,0.3278074360103337,1303.3360735134754,1.3699068358760207,0.27116460891311994,1
2232,48,3586.2841314769225,24.466481096182378,22.907130213267276,4,2,10271.99796598832,0.036890576597346576,2138.7958254940313,2.864245438845932,0.20821614573677025,0
6333,35,1726.6853497868165,13.447212607734226,14.052896434998742,1,3,5124.471189487747,0.34660125676466813,1084.4577773086064,2.9678083445373735,0.2116233533585367,0
5354,31,2669.4161265250564,7.235036895119707,7.550274475691355,2,2,7842.546233729502,0.04180069325851555,3019.979456175198,2.9379256968596454,0.3850763981711402,0
7542,47,1960.8728065125733,18.35457768745089,17.58004371317907,3,1,4693.107987198549,0.3785432747579143,2306.0611736888814,2.3933770572020308,0.4913718542124225,0
5072,23,3510.3371458754473,0.0,1.0,2,1,8591.373083675147,0.5095044345008952,4793.703770835632,2.447449554459401,0.5579671286705454,1
4610,38,2208.254749964886,18.620426968241414,20.87240113465489,2,0,3754.771103721883,0.37399676566731826,,1.7003342136053772,0.4280626417121255,0
5621,54,3799.672763194611,37.125826448816916,,4,2,11595.353780663705,0.2467482637597056,3294.0558100477856,3.0516716841991416,0.28408411440976644,0
3785,34,4273.883903254816,,15.313599361453173,2,1,8581.497949780756,0.26196206560949237,,2.0078921524390116,0.06864248970055546,0
6498,39,3194.579161347116,11.68621487601698,14.6826960072935,5,1,10336.406011717629,0.1426032235118671,801.0251032324162,3.23560803776072,0.07749551462320196,1
2705,30,1574.6543682728566,8.172343745299763,8.047630145967606,2,2,5414.392847968016,0.062367438760509174,,3.4384643113185134,0.13473872668395243,1
1255,38,1421.4640597065234,15.357619245193563,18.53038307911068,2,1,1988.0116266488064,0.13344612418285862,1163.9146353825804,1.3985662268937373,0.5854667144701727,0
2104,42,3200.7486498669896,20.965957734857348,18.95174662680417,4,2,9600.532978851048,0.4966157333591805,,2.9994648218472286,0.4926105898510649,0
4314,34,2438.2827616020054,8.56127162972151,11.245493705621513,2,0,3943.041234641374,0.5096284276669268,2130.436129117108,1.617138625895345,0.5403027770544923,0
4411,23,1695.1428788891717,0.0,2.6165936710603526,2,3,2174.641745301653,0.3400325490596669,1176.3913586555325,1.2828663426452271,0.5409586940916333,1
4407,29,,7.226258592506236,10.754631264950726,3,1,9909.893636629111,0.2544073968129609,1250.9825471939134,3.532955388125626,0.12623571887492427,1
898,35,4383.778440913798,14.438006348323988,16.819686113370818,1,2,14821.397237653431,0.23119515228720447,5757.8182506828625,3.380964033064571,0.3884801249409369,0
428,32,1855.4729589863093,9.623753430204033,6.4438057751189985,2,5,4193.243879193567,0.627295419432101,1302.150479708701,2.259932627357954,0.3105353557349321,1
7194,60,4579.7752765729065,35.01476870420335,30.0,0,1,15465.920969683762,0.18662622587406189,1056.9203010370654,3.3770043366095184,0.06833865911437388,0
5498,27,1548.6048680427898,6.722612543213864,9.318672212270508,3,1,3735.553112672524,0.07348514941989279,621.2730172163365,2.4122054565111353,0.1663135280043869,0
6268,43,7270.6003246812115,13.837925615179088,16.695505674443332,6,3,19308.965567475647,0.505876752314981,7840.648684181124,2.655759456606119,0.40606259598846906,0
7245,43,1450.7109393398375,22.636078549325386,25.160947310525454,8,0,5164.333068183013,0.6461350382591585,,3.5598636007619144,0.1710453952925358,0
1222,58,1632.4376433520915,31.496986656304287,30.0,6,3,2268.483901826885,0.19979741119324218,396.23878263196855,1.389629742407017,0.1746711900017736,0
3541,49,1956.283043389075,25.545905125835223,29.05698546625325,5,2,3161.95538868195,0.5709382718789194,1339.9780768398002,1.6163077216087105,0.4237814618245975,1
3484,22,5639.672041648966,0.0,5.145875507779108,4,4,20117.106429970067,0.18603969957171154,6107.697822577143,3.5670702624913786,0.3036071735186535,0
6859,56,2047.6304509275028,38.173260723360436,30.0,2,1,7320.032676180238,0.41953441186018436,2929.4217664652847,3.57487977035335,0.40019244394875086,0
6939,45,1480.6162911380336,24.510300877912258,19.782848731517756,2,0,1956.9719648110197,0.4148165299935253,1332.3677290393657,1.3217279699839375,0.6808312806709163,0
7481,31,2324.365734917319,14.780162674532239,18.850455967522592,2,2,9208.718376941928,0.3927630413441867,3309.3406997634493,3.9618198799809337,0.3593703883973515,0
6047,48,6969.976376345445,26.63117117019576,28.314847236681324,7,2,9289.206702429945,0.22085947094041417,2009.0120205624326,1.3327457943696128,0.21627379871274682,0
1621,26,3050.228902665375,,2.9385598655359675,1,1,8981.432815992184,0.2923548130800761,3934.864495986277,2.9445110851005176,0.43811099816723287,1
7149,57,2770.6469398240724,29.94422966695463,30.0,2,2,11045.147508782256,0.24872181082798248,1062.8830685802677,3.986486820108371,0.0962307717244287,0
4108,26,2457.3029079261923,0.053480295119495036,,2,0,5555.287860341452,0.18462622518276417,2234.7636113574163,2.260725709647966,0.4022768338093029,0
6392,36,4251.802754556225,14.564726048841553,14.673269911732506,5,1,6924.979456352992,0.12051927626260388,4295.484369143941,1.6287160661279958,0.6202883916432782,0
1096,29,5101.405456475962,2.7080628470870973,5.5678941279333065,1,1,13734.808762760755,0.2944613208209112,4506.755462127698,2.6923577982465887,0.32812655348699743,0
2715,44,952.3291640401301,22.290473985071603,24.31635512041239,2,4,3365.096524274024,0.11703844379068365,1098.4527874561632,3.5335434966603865,0.32642534308674553,1
2072,55,4470.0631324791575,32.49231971858805,30.0,2,3,13718.192034373575,0.3087682409371223,2907.3362413332707,3.068903419886439,0.2119329015112472,1
7860,31,1673.6171222565947,9.656528081657191,11.33833652822983,8,0,3913.5938444347057,,2421.227246733293,2.3384045205978023,0.6186710586169742,0
5510,23,1809.989862515411,0.0,1.0,4,1,4844.224131256404,0.3466426507291929,2078.259080522165,2.676381913280002,0.4290179447132941,1
4201,39,3780.8126414317135,,18.14022977718958,4,1,10950.782314966274,0.13520455595718253,2828.0255693755057,2.896409675254219,0.2582487248888588,0
7795,42,3306.863232800505,18.31765754155397,16.5173241497615,5,5,11648.62116278666,0.20646088228407405,4835.98949249883,3.5225590968640437,0.41515552999080735,1
6754,62,1302.0128742383035,36.547941837820424,30.0,2,2,1710.4383418038587,0.3044802820790074,1862.6513572334259,1.3136877335444859,1.0889906474319562,0
2588,64,2684.720442833379,38.79653259291543,30.0,5,4,10395.183754435875,0.21851271828881597,3960.290987279496,3.8719799605895235,0.38097363941157314,0
1788,33,6491.386091953121,16.13702697493303,17.015106767876162,2,1,19446.033813585025,0.22442918056693964,7248.3199789031805,2.9956674180404703,0.3727402743607025,0
5808,55,3689.385902359062,26.537605218240092,28.57042409167977,3,2,9239.295641147417,,3244.3309381834065,2.5042909269099876,0.35114483443247596,0
3949,23,1403.9965257543497,1.975873413582054,4.591780832958844,2,2,1814.6019636420353,0.7237828194770636,1766.4188292162537,1.2924547392786976,0.9734469953239361,1
528,50,1768.2530698919034,22.926827822113808,24.650770626454694,1,1,4022.9640479230693,0.09981593783289522,382.5687009440584,2.275106497153714,0.095096226659437,0
4071,25,2293.1323656079912,2.6042976516664025,2.8318339201741978,1,0,5418.085779185552,0.15085126750992284,1910.099501354272,2.3627444540250186,0.3525413917757128,0
192,23,2811.7188890214293,0.0,,3,2,5193.186873321199,0.35501444004801735,1346.4289038621787,1.846979402385634,0.25926833304981706,0
4510,57,4125.44332217654,32.37160471454256,30.0,0,0,8518.35381357026,0.12073962406539385,1352.876140502215,2.064833558075903,0.15881896550798352,0
1126,27,2225.555467018197,0.0,1.383702851548164,5,0,7146.331133311759,0.29801560842941066,3061.9046411730105,3.2110325890400864,0.42845826537484555,1
3467,55,1885.6005917025511,29.126861346332124,30.0,3,2,5549.516001781518,0.29184912509123334,2510.457911250445,2.943102598822763,0.4523742089300278,0
3685,60,4756.644217576749,39.26541441652012,30.0,3,0,7068.504549280881,0.14035602820029147,5838.386455183532,1.4860275912924805,0.825971945618611,0
6481,40,1499.5300925907375,19.056821262954244,19.89176677091758,2,2,2167.3155312934564,0.16289084388299765,703.1569108791276,1.4453298016507201,0.32443679783879126,0
304,58,1845.8871587552826,,30.0,4,3,2569.6407272179517,0.15756273613576344,1420.6527995497495,1.3920898225169465,0.5528604775375872,0
3552,26,4965.5397484231435,3.341667687560281,,1,2,7934.91402169689,0.19023071798303826,3252.4882378644006,1.5979962750709429,0.40989583869099727,0
1292,60,3127.551909458484,40.0,30.0,6,0,12089.865741822989,0.5095379414135378,,3.8656003455163352,0.2744369213340211,0
70,34,2694.811416149461,9.205877094570816,8.167461341972302,3,4,7391.507263605035,0.3472709379359337,3744.940066132755,2.742866242628046,0.5066544525461574,0
3555,49,4475.9342564324315,27.766375073514684,30.0,2,1,6768.38954677732,0.042971667002322966,5202.94874372344,1.5121735841071318,0.768712957161391,0
4575,27,3201.7125444380467,0.3349901489926461,3.3424931860016844,1,2,7300.621465234862,0.09415939208093176,1980.8617473135484,2.2802239001491125,0.27132782554831775,0
2687,36,3366.561252936547,15.206599407165356,18.076481841449358,1,2,5645.644180252503,0.1297935659446055,1668.568698160011,1.6769765217632628,0.2955497450576816,0
7151,35,5062.1553417389805,,18.754157448645802,1,2,14017.821258181995,0.41086385254755,4104.753228587514,2.7691408721895354,0.2928239098634269,0
3651,63,2538.946261563601,39.60560102744147,30.0,4,1,2719.276574774474,0.3667110010522527,3071.9121791513257,1.0710256518386556,1.1296799331293097,0
831,23,4457.685235894535,4.508904680936208,8.108180026957703,4,3,11226.917641971819,,6574.493233920101,2.5185532508149118,0.5856009141228012,1
5020,58,6569.482849364759,35.903368895896605,30.0,3,2,24110.263775857584,0.31522311704747197,3214.873322440749,3.670039838552732,0.1333404458917579,0
1456,31,2255.6247693881974,9.562840114250484,11.88088919702848,4,1,6793.733322020795,0.08749666381520185,2015.0789324021475,3.011907571782645,0.2966084826836804,1
4013,45,2886.511043550598,16.841000585938396,18.748639783846244,5,2,4477.322731108286,0.3436693377978244,3267.090371237196,1.5511192105473066,0.7296973140974546,0
4899,28,4903.682130122134,1.7613002847529007,4.355584662601194,5,4,17198.859211983243,0.423610289436735,2055.2451859004173,3.5073356623861907,0.11949892493267418,1
238,60,2730.8637843419983,,30.0,7,2,7865.542873364396,,,2.880239914734377,0.06880642682580614,0
92,64,4990.4256783212695,40.0,30.0,2,2,15338.604304873603,0.3944600182600391,5962.474729764552,3.0736064002526855,0.38872342041381613,0
2977,43,4250.710629532664,23.326662651270198,22.80567548592763,2,3,12655.273736137126,0.2549148142213523,5519.3026168972365,2.977213656514766,0.43612668773310465,0
3463,50,1320.6411652062138,28.44375707740833,30.0,3,1,4558.108744545667,0.2125472506477548,278.84972505909025,3.451436214949375,0.061176628441076124,0
3937,49,1170.4696956286184,,27.108705447890458,3,1,1420.597489532704,0.2548118877146203,915.1772542405893,1.2136986500703468,0.6442199574361002,0
7765,61,2496.477982630649,40.0,30.0,5,1,8075.4267105477375,0.5070236378756799,1598.6464188345349,3.234727791205394,0.1979643275997365,0
4151,46,7037.857675517463,22.374335083794694,24.740772000611635,7,1,14627.935285056477,0.01598756425416568,,2.0784642087808276,0.41064086507247166,0
6759,43,3642.5290261619425,20.389504941505827,19.601188125370953,5,1,5561.112621489582,0.27300436656629734,3813.036277823913,1.5267174486593484,0.6856606829161042,0
3410,23,2307.8724001644996,3.932898900404287,4.171606824242294,9,1,4005.7738856149244,0.585767099363763,601.0583420068028,1.7356998962895014,0.1500479955109934,1
4224,62,3834.234253767056,40.0,30.0,0,1,9165.937044667282,0.059804386688904344,2818.5457057636986,2.390552177572859,0.30750218903189186,0
6782,27,1548.5869121981484,5.58831720619597,7.443545917164189,4,0,1898.7090882315467,0.1578167292301241,2271.004732001427,1.2260913955009576,1.1960782966055297,0
1001,26,1385.3950489296974,4.6191906690311155,,4,1,4223.271748605296,0.1760094721556732,1263.0394273364213,3.0484241674373185,0.2990665774120575,1
4141,49,1518.164223389117,24.07474778040448,28.208965861259976,2,2,3248.9665100967054,0.3291821016038116,1043.4791764255278,2.14006262303019,0.3211726477274365,0
7665,51,4019.949788423726,29.260702796719475,29.09563998885907,2,2,13432.870178016481,0.35780233524456034,4438.9039983401035,3.3415517319890906,0.33045089690545637,0
2377,58,5449.538392510243,35.03439879297258,30.0,2,1,16123.82416915699,0.43923141632342105,3089.284401818038,2.9587504496375896,0.19159750003522624,0
5272,50,4107.29700013649,33.39844972677603,30.0,3,3,11036.594421892145,0.383083674367688,3140.869244806,2.687069968771527,0.2845868140787872,0
4995,53,2861.9662792808767,,30.0,6,1,7664.9357060264565,0.5393302627224528,1050.964645756111,2.6782061555080294,0.13711330219375534,0
6599,27,3389.8906266842946,8.090081375536773,7.215289655583749,3,1,9751.15645764351,0.24894565923304654,618.4026014586801,2.8765401399340336,0.06341838572120756,1
6846,26,2576.1943705753406,6.127167366368274,9.045087911071084,3,1,4009.1934705407098,0.4185385169945844,1353.5253944091871,1.5562464992287588,0.3376054072607877,0
1532,60,6488.768460584433,39.369812535658504,30.0,3,2,24983.874636038592,0.24289023878928498,3114.6136141106845,3.850326111619081,0.12466495527550939,0
2410,55,4430.61862114118,,30.0,2,2,11263.976778136423,0.12870122431389222,,2.5423033985342656,0.517268867102024,0
4863,27,4626.015084874793,5.597823237552666,10.59297098393992,4,2,8467.472085237601,0.25670393446775275,3281.8383672967884,1.8304030423339575,0.38758183484518666,0
411,46,1856.3867336002297,24.646345616724833,27.01833916897617,4,2,3220.2797168155703,0.30025974382748843,1871.5655003006636,1.7347030435679966,0.5811810354634018,1
3593,24,1243.136747971431,2.6697482564241253,3.9818614212729924,3,5,4786.356489711865,0.58712013158418,520.3822984756425,3.850225244746656,0.10872201007053889,1
7672,46,,26.023737409066094,28.83936664363673,4,1,6538.442118308845,0.29668917853743887,1237.976094896493,3.186631913633887,0.1893380827567367,0
7575,31,1548.0249946791464,5.005372884575564,7.483829738387618,3,2,2567.459211085739,0.511253052712736,498.0083276203939,1.6585386023549877,0.193969324018898,1
2805,30,1669.1464036571408,11.735155059601015,15.36911489674511,1,1,2433.0770026635096,0.2151969406557825,834.3095153209364,1.4576774076453558,0.3429030459815332,0
7390,57,956.722590933824,37.22808123214818,30.0,2,5,2078.4151327534682,0.2191500794057151,236.5055201862174,2.172432377419664,0.11379128089434988,0
7851,62,4279.4056590538685,38.29301080046338,30.0,0,1,8212.795321772588,0.5706644651806593,5232.703023032934,1.919143912986354,0.637140318006068,0
3082,61,2559.245383208951,39.05524721469893,30.0,1,1,3574.9661993765226,0.045899607130318494,2481.5413034898274,1.3968829338646667,0.6941439904865704,0
5901,41,4224.104722553671,18.831751040723418,20.481790957169302,3,0,16163.92725003756,0.06365320599216068,1153.9274299255771,3.8265924525341077,0.0713890511925495,0
1736,22,3825.367305319683,1.6895363690388943,6.1216192736554955,1,0,10573.634723945454,0.06565742812272896,3248.5402482497693,2.764083519311049,0.30723023189868687,1
6791,25,3727.8729283024127,,1.0,9,2,5574.024229453359,0.5610496726604944,5423.060090626672,1.4952291391519188,0.9729164903824804,0
5030,33,3512.6889539627405,14.410289263714189,19.547242190519963,3,2,5060.444321896238,0.11305547319761286,2073.861689000993,1.4406183946880469,0.4098181023408396,0
7301,48,4251.717861460679,25.42926651980489,29.35052872599695,2,2,12218.259754605862,,6266.287702941099,2.873723081523635,0.5128625376112932,0
6336,35,1922.3622975023059,5.742696104453122,,5,3,7502.54242827074,0.5106902627874368,1752.7616068975108,3.9027723535873915,0.233622351843401,1
6454,42,,18.339679949598434,17.63041700522584,7,1,1921.2894334576872,0.36109491590915477,593.8645671668701,1.512175308180372,0.3090968788071195,0
3400,55,1314.6524639073696,29.08211016014276,,1,1,3518.2339944665096,0.3851082811428209,1359.1085099924571,2.6761703880352705,0.38630418332892796,0
633,35,2214.910556924735,14.188858932226942,16.34492401336612,3,1,6950.059824893618,0.2687416147836439,2869.196642790883,3.137851234292432,0.4128304957194812,1
3021,39,,20.409599090518483,,4,1,7420.7247626896815,0.08006631983716608,2092.632617797452,1.694892300953056,0.2819984145374725,0
498,54,2916.575533399486,31.4232368233567,,2,1,6144.689100693338,0.312414382824627,4349.857445625118,2.1068163777439515,0.7079052128340065,0
4823,55,2398.455085429865,31.798509785921848,30.0,3,2,6295.817623152259,0.0828098774724128,1451.7076587550994,2.6249470592124458,0.23058286399793176,0
2463,44,1691.577666708738,21.96524324610898,24.491449084908943,2,4,4361.7136529832505,0.44152037858503596,1749.143902688362,2.5784885546932834,0.40102217656860906,1
4508,28,5909.488797416407,6.131025853034515,6.762536392858435,4,2,6997.998150348036,0.5741217694246528,6806.270266159616,1.1841968722248055,0.972602467152855,0
637,36,1796.3661986610725,14.542061175597135,14.724846866485032,7,1,5861.110413605517,0.35406858767615973,699.3883416121497,3.2627592402785774,0.11932693504436379,1
720,51,,23.720066324781023,21.79978843598441,6,1,9485.32595069885,0.10554655783004353,3121.7276827640567,3.2377245577912563,0.32911127134582624,0
288,53,1333.699210341411,31.308450361762585,30.0,2,1,3005.1386472155223,,,2.253235680064805,0.2802990714521093,0
757,25,2357.2988728575347,3.3595934332652346,5.692800128542327,1,1,7490.1877078622565,0.6971108805594146,3487.1627097112664,3.177445080938166,0.46556412812603903,1
4690,25,2206.95080628652,1.6920004918586788,1.0,2,3,6066.704580426532,0.24888101115680444,1144.9484460757556,2.748907933582147,0.18872658638592513,1
4559,43,,16.772220760213074,19.27709180445514,4,2,7734.573330979777,0.32290549510746,,3.578396269744508,0.3671810670327518,0
3089,58,5740.170395609128,35.56156426380399,30.0,4,2,13410.269631774847,0.08758131773903367,1062.519198223309,2.3362145559359817,0.07923175502047566,0
4684,47,2905.930135306385,23.94298522456309,28.222802298353834,0,5,6899.383877330242,0.6824014357196292,446.0909509425215,2.374242860660795,0.06465663584950995,0
5461,50,1428.3805663566352,24.66051879327732,27.23146075504621,4,1,5593.646418062573,0.37392422616311355,1899.7306244647104,3.916075694260014,0.33962293689680606,1
5553,40,1966.6739159789802,19.319286424294198,25.920099270885512,3,3,6135.273583169597,0.19260301099399174,1290.519440182183,3.1196191363099217,0.21034423692569493,0
449,43,2831.614722076644,23.20843034409844,25.927004069659198,4,1,5812.636149162574,0.2513581457189558,728.5380893512846,2.0527637830967747,0.12533695050846164,0
596,64,8120.92912338817,40.0,30.0,1,0,21978.910899792223,0.514789063331245,3908.390401534804,2.706452742764771,0.17782457098780777,0
3601,32,4579.43449458648,10.21492986871274,12.222283265969608,5,1,8440.798599833563,,873.7854529403558,1.8431967112558867,0.1035192870207311,0
1068,64,3305.2514975719087,40.0,30.0,5,6,7862.050882437706,0.20512266619747618,736.3749861462842,2.378654359044477,0.0936619461203441,0
1942,41,2459.7777486758414,19.376397935375614,21.296764321226213,1,3,3868.3778484112468,0.019763343510241563,1310.1510883076194,1.5726534035417181,0.3386822951759229,0
1647,23,2499.0623318934727,,1.7445149717499144,0,1,5769.907794731625,0.3862318334089503,2126.4496529599637,2.3088290840508647,0.3685413577841882,0
3971,27,4725.678080046441,6.8673492181355265,9.566172399214658,2,5,7311.910134505966,0.3330616008386213,,1.547272160873495,0.7016915397022643,0
5271,25,2950.0166690552755,6.696446910587801,10.7556233758721,2,0,3831.5314136607603,0.15628574552895486,1006.61069701379,1.2988168690205348,0.26271758947998386,0
2700,25,1777.4828878683638,1.5188445236359083,1.5703005860492578,0,1,5996.24210969696,0.34227819343997495,1221.66805131857,3.3734457589563176,0.2037389466550928,1
1700,44,2859.7163973039656,21.912227991571886,23.054948362197862,3,1,4790.297259728316,0.5087012454505065,1741.0549482875574,1.6750952172195923,0.3634544692924343,0
7969,62,2805.171806336881,,30.0,1,2,8963.167979788223,0.19227914750468691,3529.8078692234153,3.1952295968255604,0.3938125311478114,0
4755,57,2178.113433059413,32.702665150069905,30.0,4,2,5378.617607499529,0.08028224886344622,1097.4859471878494,2.4693927900461254,0.20404610018336305,1
4375,37,1931.1742894639212,13.65890392453073,16.22670823744853,4,0,2127.453453158,0.49387735802710203,,1.1016372083891839,0.4266566663441845,0
2942,46,3374.6072284804823,24.161378633542196,27.184178760716133,3,3,11077.212319344093,0.4875601565381653,,3.2825189923900977,0.17308328937695883,0
6684,46,1446.6349753973643,25.742820762223957,26.611822704295083,4,5,2347.193944662486,0.5584011703013871,481.14934452689846,1.622519837125986,0.20498917254836613,0
6571,36,,16.60354221320413,17.382916656799328,2,1,3309.6249262838564,0.29746669618869404,1483.2677158301844,2.669509401011458,0.44816791898399216,0
5743,63,1954.0116070012648,40.0,30.0,1,0,2055.7804266377166,0.4197551225162184,2927.6085148293314,1.0520819934087453,1.4240861897967931,0
2123,39,,18.33495801020195,20.689248974887583,3,2,5841.046927510297,0.5391864175844502,3253.1062925912192,2.2437005609748684,0.5569389071794073,0
4147,48,2018.7613686112998,28.932408976085533,30.0,1,0,6523.577230471075,0.24101688381905742,1518.1334829076955,3.2314751668537354,0.23271487855108433,0
86,21,2867.49111047619,0.043826350995865404,4.470681735613927,2,0,7831.407601701875,0.5635404976584542,3101.02261712713,2.7311009171363576,0.39597257285564275,0
2308,45,1357.7964895405069,19.957230974715536,20.72609711622752,3,2,5020.2501883063105,0.24763907592919931,1958.077645458286,3.697350985201927,0.39003586913242777,0
2677,24,4256.120676387628,0.0,1.8423815476680172,0,0,5740.020852229533,0.0833816980094232,4161.817030310951,1.3486508698107127,0.7250525977957767,0
5403,39,4582.532029303672,21.195620477463773,21.926977289529347,6,0,9577.325413181925,0.16331589864065685,2013.615653771483,2.0899636602512137,0.21024822347583666,0
5603,60,4084.2696387804926,34.423656662678766,30.0,1,0,6973.151170072192,0.40650103372931956,3556.3228729683224,1.7073190035891657,0.5100022624249955,0
6667,24,4593.006694468109,4.422268111461783,4.698323863835023,6,1,6169.664898434654,0.4083222674449821,3397.4683223614206,1.3432736568543426,0.5506730719237952,0
2594,55,3415.1905705199047,31.710124062615332,30.0,3,2,6572.555674728757,0.1089419524497463,4940.826060957875,1.9245062724942454,0.7517359008391782,0
5341,30,1961.8379435515576,4.841575660244601,10.185971065876746,5,2,3347.0107965600378,0.1790750354481931,1205.3812081675057,1.7060587535078824,0.36013663577254135,1
3058,31,2077.8408715524833,8.673524066354888,12.027049058350219,2,1,7442.739057711766,0.08697746364914243,597.5537737611465,3.5819581564736644,0.08028680961775672,1
1029,51,1784.8832063794855,28.87838408960646,30.0,2,3,5252.259776779859,0.08776584751124022,1456.9927374217243,2.942634990349711,0.277403022573838,1
5474,37,2699.651493091762,9.701427862644863,12.100313909771456,1,6,9025.374723074849,0.14997065011381003,2035.598941219845,3.3431629031266494,0.22554176460014486,0
2876,27,2609.7762449615016,3.5957876631901238,,3,1,5113.634065786839,,2854.0391307887526,1.9594147489308122,0.5581234585955066,1
4505,35,1972.398909961711,12.603712135379133,14.538998023124416,5,2,3065.0366114853164,0.1968052952833662,1479.3403509835891,1.55396385386606,0.48265014043884485,0
4903,52,,28.610616138877543,29.356108044885712,4,4,7617.830570544793,0.29484639310028576,,3.266853351800619,0.23520625642671245,0
2144,48,3662.902457288309,23.291274902446798,23.307989942058892,3,0,7719.613154334102,0.2620975683883798,1830.431748825796,2.1075126199372027,0.23711443983408909,0
3982,56,1557.5979843132595,36.031470414258294,30.0,0,1,4378.749146679652,0.20304200345285833,1409.8615750994816,2.8112190634416043,0.3219781558321424,0
6524,64,4921.793604851435,40.0,30.0,3,4,10271.374484876458,0.19540746756245922,572.6580264902485,2.0869169472592097,0.0557528135434482,0
5027,46,2545.7906923943124,21.6758185988773,24.226456985959715,3,1,4646.205025901737,0.468346872659283,2393.450544463684,1.8250538191464547,0.5151409658249342,0
1200,27,1475.4674053315512,3.055148872090833,2.601490993666321,4,4,2569.4855688226908,0.4758286854078805,950.5767541329508,1.741472268067693,0.36994827512049205,1
2025,34,7275.374954221371,9.311992635020255,12.548074860064983,4,2,26131.396222848503,0.27385061308428454,7743.508445109655,3.5917593783515382,0.2963296862928038,0
621,41,4894.30561259012,20.4748820926697,24.64036943871374,2,2,17049.041595230134,0.21796519319495436,2513.1760234913495,3.4834444239389444,0.14740863933339626,0
7279,29,4693.109302169786,,12.039934214374945,1,0,6100.43357802061,0.5511785074791882,4499.190152271101,1.299870338668688,0.7375197344138513,0
566,38,,18.302729535078807,21.956201232631255,4,0,4745.572429186885,0.26571845178711784,2794.9516297765663,1.5342097346605175,0.5889598507835774,0
7047,58,2419.1861696188594,,30.0,1,0,9416.855465772705,0.39550101742079996,3354.7935815421947,3.8925716358804756,0.3562541225928134,1
1837,23,1908.051974024817,1.3248747323652956,1.0653975413922236,7,2,3071.5005036686553,0.3412791432964776,1476.2535217743573,1.6097572526757105,0.48062942526335045,0
1334,39,1852.4423638341627,15.958303925293217,19.05631442752215,1,1,7234.240554369834,0.14446002590949145,2464.6079931039367,3.905244608742639,0.34068648596640777,0
3875,56,3229.014265020022,34.94143279791261,30.0,2,1,5448.084581601259,0.4732580370140105,893.868368327043,1.6872284029898756,0.1640702076002506,0
7607,46,1660.195516593027,,27.666307443674864,4,0,2070.3367900109,0.17612368494076913,980.4075643231024,1.2470439591714748,0.4735497958851133,0
2099,27,4357.341428764682,3.2805579841350236,3.6402133967335244,2,0,11648.04326026583,0.6437309442689373,1478.560432967021,2.6731995760929115,0.12693637892046064,0
6834,62,1626.6182795894929,,30.0,0,2,3522.1486751006896,0.1315130231424688,1891.112079261697,2.1653197429882374,0.5369200035849239,0
3411,25,2596.4365774894995,2.537262680927358,7.211809858833484,4,4,4884.775953577969,0.20944766944584123,2390.2866103766232,1.8813384451320085,0.4893339291489514,0
4329,55,1142.4083864135603,33.686782299978255,30.0,2,2,2617.5022618638163,0.2198442306472691,784.4065553845152,2.29121415160573,0.2996775081393708,0
1688,45,4278.034735386489,22.58205043746068,29.09985615267051,4,2,5749.1272973894975,0.4633649458500123,4173.38620843601,1.3438711120867293,0.7259164726324666,0
745,38,3505.2422105767064,,18.64595726493797,2,0,13767.55876925609,0.36563405201940374,1923.895260003037,3.9277054029858203,0.13974120555775132,1
5480,63,2678.2929476738254,40.0,30.0,3,3,8585.989709120111,0.14231529916648178,1121.937612466148,3.2057694497449543,0.13067073808327728,0
6710,36,2355.902552138679,9.8071593145133,13.704924742365488,3,0,9378.62102046713,0.4085523939292717,1715.2844474027868,3.980903629461777,0.18289303338513108,1
2187,25,2442.89630948592,0.7074575049796028,4.942882831406678,5,1,3022.1363416297577,0.327224514114158,403.66297586339147,1.2371120009861296,0.13356875078829394,1
195,22,3747.378011841749,0.2428530671891716,5.498935407999845,3,2,6922.773891168226,0.3700107888895044,5138.635461392672,1.8473647092159364,0.742279834958689,0
1152,22,1644.4448179763815,0.0,2.189659745479459,2,1,6538.224163346423,0.09782204702869297,2012.4849506423552,3.975946223231875,0.3078029905925275,0
6570,58,2918.8538876964076,37.589478430851365,30.0,4,1,11272.610689390207,0.23959842739454884,1578.6103260553289,3.861998963670867,0.14003946109317147,0
5283,60,1475.7220612026724,35.48453555726846,30.0,4,1,4188.269507296147,0.07025889605460478,339.0253148077049,2.838115399510138,0.08094639426071032,0
802,32,2855.6581507099327,6.975694589860134,9.550785273669128,3,5,9485.757398224598,0.06802511136264247,1691.4733937813003,3.321741223075453,0.17831716780969803,1
5008,55,2610.568539839778,31.995506288472725,30.0,1,1,8724.644808931884,0.13510837387289037,1817.7824159836073,3.3420477860609448,0.2083503060345387,0
2350,30,,10.931831072811544,13.994669441275224,0,2,5527.755262204672,0.20310559907107892,215.20377351325502,2.894704469731513,0.03893149448650225,1
7803,46,3428.069180151403,22.25173095550695,24.648427318630816,2,4,9579.098216341954,0.19589334622232035,3239.297924454613,2.7943129828899447,0.3381631392951339,1
3409,58,1920.2101551698574,32.369400463221766,30.0,3,3,7625.7558750962235,0.10986162578706052,519.6235684570274,3.971313168282701,0.06814059838369409,1
7247,37,1635.9427463016286,20.34951415263108,21.98823785871075,2,1,4079.3645548243558,0.28508588518226324,623.9987608763976,2.49358638255927,0.15296469645951144,0
5184,33,1672.5509093657354,,10.173058358426294,1,2,6004.638928916394,0.5753484403298098,1425.3390447434706,3.590108316160895,0.23737298139268623,1
2068,24,1505.8506003312757,8.388444884423325,9.088709834753386,2,3,5619.45280512022,0.13311430152866466,1099.6979073239447,3.7317465649540416,0.19569483817391334,0
2907,48,2461.1450613402008,22.27634592793089,20.01175385623497,4,2,2812.66258226184,0.17379308540963545,2398.092353050422,1.142826819289645,0.8526057722579593,0
6681,46,2827.408109497895,28.25385884612998,29.226305066132856,2,0,6836.287742252171,0.4728342221499181,646.6888574684539,2.417863809362205,0.09459649474254085,1
7459,59,3304.3816048526633,35.66115592372766,30.0,2,1,4071.2525940200767,,3760.73102719973,1.2320770058885517,0.9237282483340763,0
644,28,2467.498837011563,5.2893075278855886,9.540395305108046,3,1,9572.36302826755,0.2562183911239364,723.9433476839686,3.879378942225087,0.07562848855043802,1
7432,60,4180.706360353844,38.44748705557484,30.0,1,3,7543.6507715694925,0.3001042585634718,5498.44072763688,1.804396224309573,0.7288832548239641,0
6005,25,4381.495823741624,,2.7914521938924386,5,0,16244.604622380311,0.15086794731772776,5720.945581621303,3.707547667706793,0.3521751199619543,0
3624,36,2849.890170749293,10.691860957527973,15.273766161533397,3,5,8524.720485564485,0.6503813751260167,1543.9156813135144,2.991245267295043,0.18111041692545068,0
3779,41,2910.3517583201515,17.192859514965036,20.46911295771259,5,2,9167.994598064965,0.04155743220083965,1169.7706705230441,3.1501328222113982,0.1275928621042099,0
6952,54,3387.5684404133826,33.11837683033494,30.0,1,3,3661.4292182676604,0.11066223843974193,2374.967809402763,1.0808428767333949,0.6486450147809867,0
120,55,2022.5023317604084,29.22093539802994,29.20478678526807,1,0,2145.182288681051,0.29081665993814904,1683.6028007824968,1.0606575107450484,0.7848297133842398,0
1777,42,9949.298865867668,20.06997229097398,20.296709931152712,5,1,36947.09428173085,0.09338551992186848,13476.95206330968,3.713537484383201,0.3647635172753923,0
2981,58,1984.9725616271141,37.466933228140014,30.0,1,3,5250.117545240275,0.2749008100399742,2348.372074434112,2.6449320493058446,0.4472989517278774,0
4273,58,3860.87775735159,36.03896758170514,30.0,1,1,9505.233273299134,0.4715525334584558,836.6313342176301,2.4619358266912212,0.08801796969757555,0
3074,52,4013.63894360907,25.077561781271562,25.916398755527382,3,3,12790.913443552632,0.5556264163213165,4157.013209009424,3.1868620031006136,0.32499736843304194,0
6433,33,2780.906030288996,8.636470398235492,10.060304998102179,4,1,8348.982486496983,0.321178010276376,3640.2218876930124,3.002252645562908,0.4360078480917206,0
6180,62,1629.5451682980886,38.26806325188054,30.0,3,1,2398.292108467668,0.5571542797556289,496.96481499600014,1.4717555273245146,0.20721613236409472,0
6991,30,3523.7653947141293,3.6679839297499504,4.314173972118083,5,3,5643.372065003455,0.10372901896740283,,1.6015175339053132,0.6329682760713354,0
3035,29,1967.6832729393961,1.6152613403100151,11.492267294475182,6,2,4718.349538127456,0.03491289986430096,1841.31819519811,2.3979212523766673,0.3902462461331051,0
2135,64,3299.264058361158,40.0,30.0,5,1,5643.12538609327,0.18533775396444707,1346.1403268607728,1.7104194409029443,0.238545173952391,0
6780,50,3517.322462626017,30.65993007889877,30.0,5,2,10008.381297241418,0.3559411727046882,3278.6105440732854,2.845454576197488,0.3275864944291201,1
7561,49,4125.6770068579735,25.47758685585348,30.0,1,1,16142.427616214405,0.3586323572964953,,3.9126736265057573,0.21142252449910742,0
134,35,4569.7297127131,13.525143049806555,13.862865525946123,4,1,11586.087395321507,0.15220236491217065,1871.2777407602775,2.5353988361912805,0.16151075655755062,0
7072,32,4588.611952937912,12.384061141622325,15.893681885943778,2,0,17279.612150743826,0.20526222240754838,1591.6138071507714,3.765760174965406,0.09210934789889125,0
4122,24,2151.6607771327263,,6.557986421456558,4,2,2248.5800213470675,0.06412870548482331,518.2025185406372,1.0450439238584321,0.23045767267388384,0
4353,26,1984.5311486379755,0.0,1.1576270171558436,2,1,2610.9684099243987,0.5233706270775267,1308.3265465131071,1.3156600800729985,0.5010886158331537,1
4250,59,1769.7337063119965,39.29373711909682,30.0,3,1,4680.720339019009,0.4395499608398523,1771.200874656983,2.6448726847008572,0.3784034820222123,0
7717,31,9445.962086039503,8.698678416680703,7.488396218514582,8,2,34044.529894425235,0.3296515063631323,13759.616583936115,3.604135776147224,0.40416526903457817,0
4603,45,2969.4962734883466,21.281642612540026,23.450468502503874,0,2,9846.334143933009,0.7120101598222668,332.990008159628,3.3158264018854138,0.033818678433212186,0
2559,22,1806.2349599696977,0.0,4.072687305936938,1,3,6078.67686675658,0.32949569045135646,2008.7600296226992,3.36538545730427,0.3304600776870247,1
62,24,3404.8818451115712,0.0,2.796712735238324,3,2,11406.444766666446,0.2226059995704538,3847.3170889667163,3.3500266046067977,0.3372932730284111,1
6480,31,2747.955066929385,11.685698908361005,13.599635250886468,4,2,4313.996956746583,0.17128703988526164,3569.1639063802772,1.569893557818295,0.8273450218360783,0
7486,52,2976.204688145042,30.796813389984816,30.0,3,2,5791.242999727007,0.2211460262419592,1625.6161271753504,1.9458483560606425,0.2807024549396356,0
4309,24,2457.8598728277752,0.08665164257522906,2.111887267296783,4,3,9007.161864677228,0.08198449877793838,523.1741000807351,3.6646360373321287,0.058084234294981565,1
1642,34,3378.714549839754,10.458753079306291,11.456822362472668,4,2,5447.630793075575,0.3343768866569887,1396.2520590680158,1.6123382762044653,0.25630445823215053,0
5692,63,3204.843852434899,40.0,30.0,3,0,12323.521760267067,0.008356674133502249,573.4718760583522,3.8452799349035987,0.0465347395991391,0
2467,41,2627.809947589097,22.51789618154852,19.517630269457918,3,3,3709.574646997408,0.38112339986349564,1557.959324012127,1.4116601736745777,0.4199832790191095,0
679,38,3516.5468271265327,12.750454497538616,15.662791751243784,2,1,14033.765460459117,0.3603574886020807,749.0151160986842,3.9907802029545256,0.05337235528191448,0
4480,22,1814.9033492560957,0.0,1.0,1,0,3865.651457532866,0.4341018698303431,1660.3398739063357,2.1299489359129478,0.42951101312325685,1
741,58,1902.4763526125823,39.924894500136375,30.0,5,4,5943.298241634234,0.2635636959659533,945.9086014737749,3.1239800870442247,0.15915549969332812,0
1211,25,3871.3662666195023,6.811964633077217,9.313348184627124,3,1,4884.5146345713365,0.5141577203744679,4200.500399877045,1.2617030521466317,0.8599627013392458,0
2170,52,2538.4983929131195,28.89977618076189,30.0,2,1,3255.2149123943514,0.2724991916946181,3497.426716266425,1.282338772197821,1.0744073157658018,0
6043,33,5930.8052857115,8.926377922778816,8.684405830943671,1,1,19276.850882958446,0.37619631657084107,4082.8300201464767,3.2502923219213162,0.21179963703282426,0
6505,26,1809.441701001872,6.360749214812559,8.604982983285819,2,1,5760.497495204576,0.10655604940176547,1786.0080830292795,3.1835772835427854,0.3100440690263423,0
5329,48,3867.076518584411,26.155170154300134,25.712446124433367,3,1,7875.992274629453,0.18485764076241318,5242.594239688202,2.0366786736127356,0.6656423796371554,0
2900,36,1790.313274749991,13.546706584972169,15.401711485336898,2,0,3213.089550255301,,194.16926370702222,1.7947079964002357,0.06043070405292445,1
3258,53,2263.9051037470617,32.72862587379897,30.0,1,3,3706.5773923786905,0.30821398348764756,3004.190553228143,1.6372494528343153,0.810502583705721,0
567,32,2942.285999477526,15.331973282058042,18.469280675348788,7,2,4398.521315161652,0.24711423238897628,3646.116599467299,1.4949332987828905,0.8289414415019832,0
1873,60,5681.904596313764,40.0,30.0,4,0,8867.563479140275,0.36722188940886685,8057.04900065267,1.5606674362137765,0.9085978374562269,0
648,48,1222.3920665882938,31.472862516010323,30.0,3,1,3420.250395048595,0.2242483097644744,1483.2192195015202,2.7979978670792107,0.4336580800191521,0
2596,62,2415.3030071981652,37.481199139756626,30.0,4,1,8341.391005265892,0.19554636279090984,1501.0599574967198,3.453558820738684,0.17995319444312174,0
1717,61,2077.5482511144005,,30.0,0,3,3399.5451543223867,0.47618283294347585,2368.434235561284,1.6363254872655135,0.696691506671095,0
6638,44,4390.94911127714,20.621268304501815,25.124121513631838,2,1,8997.137500137185,0.11746994979028048,2276.612157257831,2.0490188503961733,0.25303738630460165,0
2843,23,1145.992696627033,0.0,,3,0,2242.3342983354887,0.17777544967982054,1187.1273490471472,1.9566741611314682,0.5294158636062276,0
1392,23,2892.0102584725087,0.0,1.0,5,2,5421.9245605762335,0.41135112859349127,1390.4928945486765,1.8747943734611667,0.25645744034492746,0
6018,46,2201.2383168723663,25.120140704766925,30.0,2,2,7240.010447800759,0.1325835212946794,2864.798560857017,3.2890625209939746,0.3956898379514403,0
3641,48,3289.0178352739204,26.891741032791735,30.0,2,1,11717.039021734412,0.07925836083741428,599.760574628405,3.5624735433392924,0.05118704252122783,0
5335,50,2161.9506703820734,34.11954572422192,30.0,0,3,4285.126170042743,0.28762119542368597,2990.4654939096613,1.9820647292037652,0.697871048655688,0
5269,63,2777.8863836896167,39.68130647733039,30.0,2,1,8872.357339642436,0.09909169821908258,4032.1830411534693,3.1939237658302218,0.4544658073156429,0
5875,59,5469.981220627312,40.0,30.0,3,0,18617.210487730365,0.19136283538761995,,3.4035236569962657,0.3648934546638229,0
489,55,3310.1698449585424,35.07580487705658,30.0,2,1,4846.712177756514,0.09792925664653454,476.5510944414301,1.4641883663879538,0.09832461201812483,0
493,28,1114.754495159426,5.989146148293378,6.383476462305268,3,2,1731.4933510582437,0.19834204592025398,1559.0615977944512,1.553250835566817,0.900414429452815,0
690,61,1988.7423238971473,,30.0,0,1,6160.122578185117,,1397.112397695459,3.0974965957951337,0.2267994475699335,0
5612,43,7001.614825361027,22.0053560424828,22.272146397305306,6,1,12634.601856562496,0.19245071035849176,9465.81205309682,1.8045268372658607,0.7491974943539843,0
602,59,5917.591162104449,37.60705419493396,30.0,4,0,16965.132608127184,0.1544541958401584,1489.0370045977054,2.8668983955447747,0.08777043121280284,0
1911,29,,6.074784551983761,5.6356683496324305,4,1,3010.152667309792,0.23183841957985296,1303.0585118797997,3.127717831560251,0.4328878485237621,1
5514,47,3759.9860579242377,24.397436999418485,26.453583645793927,2,5,7706.981402605013,0.20984329649683586,2410.3182584198535,2.049736696858865,0.3127447871620852,1
7314,59,2918.9952410453993,35.72656020202657,30.0,4,2,10273.629144418157,0.4492753207573322,2776.05459864913,3.5195772161446874,0.2702116807630154,0
6025,42,2567.6492194900566,,20.238076137021544,1,2,7431.183757953305,0.4019342703961374,2192.5975280435628,2.8941584783256187,0.29505360107626344,0
5678,23,2211.267865582144,6.201486886988251,5.297295750989052,4,1,4513.551869596887,0.4361298046806591,1251.665807952682,2.0411601596754707,0.27731282238802996,0
3539,35,4561.715827577539,14.594063628114364,18.109627274371462,1,0,9509.977196197846,0.18062812241130738,6689.845309732368,2.0847368743808925,0.7034554522808966,0
5059,54,2206.841309069376,33.44957276284493,30.0,6,2,6532.749193268541,0.25889735179909934,2791.364509459792,2.960226078069654,0.4272878732794553,0
5489,51,1688.318896771686,27.91470970319081,27.84441062325142,2,0,6558.357707812264,0.25901995503154723,1115.2076694845896,3.8845491336694797,0.1700437394801084,0
2366,36,6554.292687820263,9.097180874721264,9.580011448376595,1,3,23111.418525945763,0.04263457792882096,6949.774040706118,3.5261499030846366,0.3007073768710491,0
1187,44,2956.085433241318,18.13281360511588,20.46011982893259,3,1,9313.495725631095,0.21839732848544294,3378.788117595804,3.1506179154703733,0.3627840949448498,1
274,60,3819.6516285564485,39.138529348326145,30.0,4,4,11577.155401030748,0.10319176867488061,1924.3069243283364,3.030945365403932,0.16621586716863193,0
4541,36,868.0514796268111,16.53965502619566,17.06511331316049,4,1,2901.9097605468573,,1156.0904594706537,3.343015741179813,0.39838952788552306,0
4996,52,1466.8512720098533,24.71733800677479,27.252950859283587,1,2,5635.809221086875,,975.7065454908419,3.842113599809468,0.1731262552039821,0
1361,30,2995.865004414976,8.056317571516658,12.074122532290877,3,0,6937.9630566209335,0.4285204416272403,4433.579290568757,2.3158463570276124,0.6390318389397835,0
3794,28,3318.682140682174,1.1578616248331564,1.452644621402306,4,1,4108.524540045823,0.2653488227276052,3357.873268272472,1.237998809732737,0.817294197842377,0
1526,60,6515.862791725633,,,5,0,26035.443848363626,0.15491153435854574,,3.995701671530826,0.09493172832823484,0
5590,52,2586.080457194692,29.069873927226144,29.834996318520037,3,1,10022.98016349027,0.20340129744732155,2971.8931331390945,3.875741814453414,0.29650793323571756,0
3912,37,4354.031664436136,10.987288928169505,10.681815706466171,7,0,15463.031863193006,0.6071720523533657,6229.159509242172,3.5514284357404935,0.40284205350889674,0
7881,25,2027.8678255787681,8.01275041611306,8.202327235813637,4,1,6269.839728553141,0.17521477573784328,2234.871095702945,3.091838456859822,0.35644788263490024,0
1551,27,2219.5247330555235,8.201950865524289,12.28775576241569,3,2,7637.190379136925,0.5049516944187387,2686.5283912113,3.4409124914878224,0.35176920540704176,1
330,55,2009.2989413196444,30.15573484086661,30.0,2,2,4909.103746158954,0.420114610989271,991.6525089910867,2.443192322061748,0.20200276063975806,0
7523,43,2813.482740515457,22.649668508226053,24.872289396296015,1,0,9877.638342974937,0.12520452042787125,3042.9812152744717,3.5108224410736066,0.3080676888153803,0
1337,37,2393.4690463036327,19.192268582469385,22.99672224616975,1,2,2796.1245952547156,0.05643177254287582,2298.960039868349,1.168230940597676,0.8221951352847077,0
5452,33,2965.620194224154,12.459016981315306,17.31217263561991,5,2,7928.055962458084,0.5347576230941057,3726.399266531553,2.6733214111162233,0.4700268620929598,0
945,35,2678.003676285375,15.350190749063493,15.935695188536931,2,1,4111.192789157682,,,1.5351707040448372,0.7252611684690632,0
6296,55,1869.2289119976635,35.55727320236908,30.0,2,2,6724.878990715427,0.4733884567586801,594.6185926758171,3.597675462620831,0.08842071262498041,0
2250,32,,11.403747777018353,14.488463439803342,2,2,22026.469035521874,0.16656357227140092,1437.6542573009876,3.290252343704823,0.06526939270123125,0
6300,47,5006.332488276648,25.193767480648177,28.2801026938713,2,1,13564.492005893917,,,2.709466867743593,0.03759681608749582,0
801,61,4915.398366764945,36.062306039530704,30.0,3,0,14066.043989273012,0.2532989955751364,4663.136679626658,2.8616284865900985,0.3315172825552686,0
3941,59,4532.5965162702605,33.55723891394765,30.0,2,1,15682.081134243954,0.10831903862064983,,3.459844942727943,0.25631087200506586,0
2346,51,3116.1923698854175,30.776420942755855,30.0,3,1,5078.343504585388,0.27185232880582344,2889.7215234648734,1.629663031609348,0.5690283693601383,0
68,30,1893.3089341425004,14.063948427710326,16.276190623545233,3,3,6472.892727575686,0.34618635437251,2025.2539436209074,3.418825428248099,0.3128823586080705,0
7677,28,3779.9070667701026,6.114689618590227,11.809894712355671,4,2,9589.340837514477,0.18749661144131,4285.168966899889,2.536925027024139,0.44686793800631963,0
5696,48,5565.465845771072,23.615578809748612,25.790497753385225,5,2,13781.146612902323,0.045162043053373825,5835.674343937692,2.4761892346125793,0.4234534692834745,0
2784,61,4991.009882705275,37.830386601341154,30.0,3,1,18192.883434516887,0.45606952004591733,2025.309696920643,3.645130717444263,0.11132428260811453,1
1598,52,1134.079365154996,35.589083541551325,30.0,3,1,4107.010607904925,0.16932635092146253,869.1068738212166,3.6214490220828726,0.21161544412581074,1
4207,41,2766.1488904076987,18.289759081588127,19.119180343620272,1,4,3298.3974617928557,0.1412232458420648,1509.8367335304456,1.1924150117988441,0.457748573669399,0
4722,50,3589.3186096745485,21.731659655651946,21.77828159156758,4,0,3722.940360654391,0.3157971585948405,4626.914888461082,1.0372276093350092,1.242811981991513,0
6909,54,3822.768977629791,25.1671540798682,24.962177751876403,7,2,12509.447673168943,0.1462485101593165,,3.2723525136810916,0.22972512508095397,0
1503,32,2282.1531069238345,7.834814533394754,8.88883435233617,1,1,3197.2826708654766,0.153696658491602,803.3700256583181,1.4009939390855182,0.2512664998246317,0
5045,28,,5.920755646028409,,2,0,4628.199387896487,0.19396354576812846,138.1735252249454,3.7024676814372093,0.029854704528567245,1
150,33,1298.941021257704,14.24855683554685,15.933797539212707,4,3,1424.9843675418047,0.26216144221095505,1796.33299374625,1.0970354652146244,1.2605983859633823,0
2804,21,4711.372333076501,2.375485622042998,1.77396256452568,3,0,11092.513829533493,0.2378524325319425,837.7836994261113,2.3544124822523083,0.0755269465786499,0
3964,25,3765.487243992707,6.441209641059127,6.187837945507186,6,0,14585.87915250628,0.4275134338073289,2460.6940133025914,3.8735701935455897,0.16870385306049737,1
2086,27,1903.121848555829,4.131528108512168,5.489693625049643,5,1,4650.931977611515,0.28924588519007416,588.0756227842307,2.443843509621227,0.12644253358576032,1
7295,37,2966.621692701935,16.957529200192212,16.672540150469004,4,3,10952.40634239799,0.14775607844766975,3325.0151433363226,3.6918783306080307,0.30358763539157757,0
2259,41,2079.9548108269482,17.539932262759233,18.60419919109524,2,0,7239.413362949635,0.2283587189556056,1262.9793025567549,3.4805628109157762,0.17445879095957095,1
3947,57,1608.455691784543,35.72960025504729,30.0,2,2,5065.962319259478,0.04164182811288577,781.7104781134726,3.1495815179334623,0.15430641383604682,0
7868,45,2197.5049198737634,21.957149661655613,20.456541074015508,3,1,4817.195366563733,0.6746289576297625,1457.0775472638686,2.192120401186842,0.30247424826850045,0
6175,38,3367.546564643648,19.71829656009485,22.20263674313614,3,1,12031.813780493163,0.25672712936275854,4936.399321989995,3.572872282396001,0.4102788999272278,0
5773,36,3811.8305320565787,16.04072879648637,18.139945553626816,3,2,10663.375439920565,0.6474920386373968,759.9865053575861,2.797442160726753,0.071270725638377,1
859,42,1281.634887922341,23.54238628642902,,2,0,2742.818279193098,0.1756795625214929,375.29416008447265,2.1400933331640823,0.13682793458518125,0
3480,54,1349.851610480345,37.39205561785012,30.0,3,2,4344.732879504481,0.31384278824582695,1843.370565825642,3.218674442265848,0.4242770768535439,1
4985,32,1227.8014047250676,9.378650150507468,9.350629689912772,2,0,1318.328449872229,0.2965928001392652,1069.0981708630825,1.0737310161063323,0.8109497833917628,0
3505,39,1558.0476530955136,15.947186340482041,15.658068355369146,2,1,2571.6190115978943,0.13607558691492125,2007.9311052633886,1.6505393827259565,0.7808042700756618,0
4814,51,5588.311639679354,24.724487062598868,25.3660408391461,1,1,16378.614564028228,0.22669235107359129,3583.164636298597,2.930869933547228,0.2187709236511478,0
4121,59,2398.6981429613625,40.0,30.0,3,2,7692.41746102365,0.18226962704290037,1444.3818762442645,3.206913501640859,0.18776696448973754,0
7682,27,1883.9674120305135,9.63146838615352,11.13446708160127,1,0,6469.948363894688,0.1319369699235961,2167.8359579523767,3.434214584912309,0.3350623275527061,0
366,56,3375.048930710414,35.431013581045136,30.0,2,1,6409.255118721355,0.27591443863286313,3561.9429735472377,1.8990110218556953,0.555749912831968,0
1432,40,2009.9191866019528,,23.13596985653086,5,1,2751.6308468657767,0.5708492923324171,915.6136096663122,1.3690256131729308,0.33275306922410564,0
4303,33,1310.0701478028823,13.314621503248706,11.978656126275101,2,0,4153.632114120373,0.18598770165729603,188.5260183039353,3.170541761512868,0.045388232063941464,0
7191,37,3478.6961363790006,,18.796099723710146,4,0,3586.214530884731,,3727.4445818982012,1.0309076706589404,1.0393813726973629,0
1779,23,,0.0,1.2583535653936853,2,1,5088.699695579176,0.09898111209242504,2319.278747189754,1.6300304358013693,0.45577041011176883,0
6964,32,1856.349523949644,17.380880553552615,18.992555833635812,3,4,5181.365446658355,0.17360145262846396,2594.7741097748844,2.791158335114754,0.5007896347956591,1
4173,58,2164.7103436071006,33.80262845090911,30.0,3,0,7279.861868043349,0.07690929163538461,2683.3287018762708,3.3629727365337794,0.3685961012056242,0
1818,57,1431.0176314724254,33.37954143544295,30.0,4,3,4719.86641082033,0.16579834786748165,1784.770606341238,3.2982587405047488,0.3781400681700731,0
5120,23,4921.125718966805,0.0,,2,1,17169.496962374684,0.22061821102103368,6152.743550224946,3.488936869911837,0.35835316338667916,1
841,30,1925.2529796616207,7.995474844193024,9.311173585826669,4,0,4380.210961795025,0.3649957667127589,2832.1017573984955,2.2751352721266187,0.6465674329616972,0
2704,41,5094.918130703786,25.638423368337495,25.49307532337702,3,3,14244.389660047045,,1183.4110836649124,2.7958034446530737,0.08307910074828745,1
1189,52,1426.9416030619323,35.2113715705471,30.0,5,4,5575.111762573071,0.40291030942653294,228.02057788030157,3.9070356842984975,0.04089973216520123,1
175,26,2120.4055517232096,,2.1578680124273455,1,0,5306.221232503425,0.27843743231685164,365.1287633378131,2.502455828881965,0.06881144741972034,1
4441,49,1918.8379469347792,25.695868410283666,30.0,3,2,2377.0348426403134,0.3481315324359908,1788.5028956587805,1.2387887400483582,0.7524092047688221,0
7525,36,3982.877762265868,,12.89890361232977,3,1,4941.068769810406,0.22926309233089825,5432.715145987986,1.2405775584233398,1.0995020306500298,0
617,58,2364.4265043801092,39.104245577684445,30.0,3,3,3700.62195895945,0.5535425586329076,2143.5331382525055,1.5651245458905292,0.5792359127802478,0
2093,27,3592.025327707939,5.086516728385668,3.848828099433616,2,0,12236.296155124,0.13690255089114794,2941.2058383288822,3.406517226016317,0.24036733019879059,1
3308,55,4802.74522304898,30.47255040917745,30.0,4,4,8750.591482459786,0.2614723783930949,5116.247802135409,1.821997852491653,0.5846745117048059,0
5820,36,3862.8899689755117,11.52566462189342,14.478527930068305,3,4,10931.709715443865,0.3102918644555801,875.1753754037421,2.8299303897447268,0.08005841704407232,0
3827,37,1754.818109384145,12.977098767261175,14.831267048578907,4,3,5284.155424279208,0.29465760650359246,2116.660260959064,3.01122685936589,0.4005673737819303,0
82,45,3148.7647804946855,25.21850518436116,25.479763580675197,3,1,5308.047394894468,0.5693676598439903,1889.6846746050167,1.6857554517173396,0.3560037305662728,0
3819,58,1955.130829210126,33.77236596742449,30.0,5,1,4868.289078193692,0.16543525356749683,1748.1622252686402,2.490006809498515,0.35909170494806986,0
3208,23,1470.1817681010425,0.0,3.057348669928623,3,0,2478.868491310891,0.29872389489390405,2150.9571379148088,1.6860966073009576,0.8677173256485768,0
816,21,1364.9403591825117,0.5139299626582314,2.9430422483567336,3,2,3948.7067797040086,0.33838496594401546,1530.619017311637,2.8929518811129324,0.3876253929967347,1
1030,56,634.7606388708125,37.91939708881138,30.0,6,3,2405.75263975201,0.4606720269881224,951.2383295387116,3.7900154679276397,0.395401552853234,0
4092,28,6423.918607376739,7.415847991402439,10.914196851554568,5,2,12434.839231794049,0.3069797605290722,4247.22233993833,1.935709337524113,0.3415582832047245,0
300,42,4541.964471986609,18.732185595228366,18.59692218365915,1,2,11499.995968431565,0.07475008445069872,712.1415605148591,2.5319431799521723,0.0619253747974996,0
6306,64,2186.6474155781784,36.41451977644877,30.0,1,4,4280.435592705084,0.11845357315491216,2490.608862535044,1.9575335109859402,0.5818587404468029,0
1472,25,1973.6355517102122,3.6403319966008514,7.8483792315337695,2,2,7431.509581310942,0.11474242684678282,1942.6959857753131,3.7653910190619158,0.2614133729519616,1
283,22,1454.4693575451242,,1.0,2,4,3137.5354023886,0.1963212129640435,1184.2479739976457,2.1571684450500768,0.3774452945123997,1
2028,29,2372.634735581886,6.8598148506611505,5.575657329210314,1,2,7352.023056208957,0.05831021725490873,926.731388788047,3.098674627810286,0.12605120817805385,0
4310,48,3794.8798876626097,27.489857213837656,29.896984913173803,3,1,6864.134445894451,0.39269159935412346,,1.808788327717612,0.34109050247363787,0
4912,61,2973.2994169719364,39.584263221641685,30.0,3,0,5748.651591959429,0.520604303577018,1318.1985933353626,1.9334250560658177,0.22930570278065057,0
6350,64,4143.265941358458,38.85074188936228,30.0,2,0,5435.0034596080795,0.09790540141320901,4247.291203029475,1.3117679474434358,0.7814698251058241,0
2915,24,4432.9514968875665,9.315651419227779,11.716568423217328,3,2,14341.17598042123,,1418.1029021145416,3.2351303619023035,0.09888330664448683,1
1813,50,3027.926214128253,28.988006988616274,,5,1,8428.493227467989,0.1128403032747447,454.48302118461584,2.7835860689539857,0.053922214673374956,0
1271,47,9313.952998063389,28.06742838275819,29.207658381623368,3,2,19200.67814027033,0.01877905663443902,12206.859710300201,2.0614961385635775,0.635751488625721,0
6209,46,4580.4616295157075,22.810986848628257,22.556913112487816,3,1,14988.563939202691,0.7418384816748976,1019.9028301004195,3.272282392372629,0.06804540009552594,0
5278,26,2624.206891253202,2.8305104580071005,3.620031631615319,1,1,7860.810833066108,0.22321309056918762,909.8556353195345,2.9954996533494134,0.11574577414994802,1
6556,27,3659.8183963822166,2.98027212922542,3.761783218694389,3,0,11813.448782103967,0.2713742539124007,4316.660475252849,3.2278784088799957,0.36540222545274836,0
6612,52,4716.093912110161,29.510732980737636,30.0,5,2,16663.7410943692,0.6659630887879825,1658.0847463043967,3.533377707254605,0.09950255089264892,0
5075,35,2009.7622344839845,9.460155788057296,11.596199730200194,2,1,4170.836555003384,0.15198992277634482,1616.2874235709253,2.075288550774398,0.3875211608644813,0
5107,26,2734.7530451806333,5.312367853127029,2.9360563090408265,4,2,9479.035221487966,0.14423511801303696,3735.8211201616828,3.4661393789075627,0.3941140667663069,1
3150,61,,40.0,30.0,3,1,4048.855119221146,0.26240839164692326,1930.6306280342587,2.753038311140706,0.47683371500969945,1
820,42,1433.559044873259,21.529686677756484,21.49435191823004,4,0,2327.968336126363,0.15004695851809505,1381.2817245870758,1.6239082334639232,0.5933421443718895,0
2313,21,1347.4120397181948,0.0,6.085602036813007,1,1,5069.625514011772,0.5082383323716932,284.8994809900574,3.7624908822041263,0.056197342427489576,1
2008,21,1781.2245203782609,6.923215249084571,6.776908688488573,3,0,6691.072504276654,0.36826087613239644,2513.892192583824,3.756445314853255,0.3757084071315995,0
4832,54,2762.2240119310272,35.706929242449455,30.0,5,3,9128.359080798275,0.31874530959636055,2258.8996098522134,3.3047135356761967,0.2474595477520011,0
2642,37,1039.2358344695515,14.51320038273842,15.548484393619699,2,0,1453.9660364765234,0.14229347999485803,171.99644183442913,1.3990722685372559,0.11829467643634761,0
6923,40,1783.0427452571066,19.408648657283393,20.881887959941757,3,1,3725.3183302438647,0.2993628954934046,2192.9639631215337,2.089303994619989,0.5886648518914568,0
7293,55,5645.239707386697,35.40833534191806,,4,2,16277.746534783873,0.20285251958151712,7261.377549651668,2.8834464749981703,0.44609230977610137,0
2305,30,1592.6966197095935,8.037030212362946,11.218134471025788,2,0,6239.934806791339,0.4352983998567408,1890.8825242856208,3.9178426886654067,0.3030292114955507,0
6435,33,2490.143341295716,,8.30617395161612,1,2,7969.918549489066,0.17924618906442605,2694.1235322609623,3.20058625434069,0.33803652013905167,0
5767,34,1325.0126679116133,16.26609486608534,,5,1,3263.6769948565593,0.33841036586479456,612.5660253564147,2.463128899741408,0.18769198861339442,0
99,55,,30.148398290637953,30.0,5,3,6299.612827059779,0.36204060930608917,560.778429268846,3.5944520048996074,0.08901791977755216,1
4698,21,2642.9308012352085,0.0,4.412994210897399,1,0,10343.721415851935,0.3982071241246798,1002.4617287621058,3.913731457145098,0.0969149968816654,1
744,54,3476.320461699465,31.07057063851401,30.0,2,1,8586.380812624342,0.2114025369291378,3472.0470964113565,2.469962394786448,0.404366772471411,0
7684,56,2456.553215574724,27.8004597413512,,2,3,6558.105030152714,0.17297444552410923,2293.0088361830412,2.66963686704357,0.34964503094114757,0
7402,33,7489.045693003395,13.612841912046177,13.319326724547249,1,0,28383.75499302709,0.4409763081266423,1754.0979379474015,3.7900362952177575,0.06179936158476294,0
3973,58,2602.921051018412,34.48268633480218,30.0,4,0,2660.6434602370487,0.20102464769360037,1125.6771025588127,1.0221760122905197,0.4230845355200359,0
480,60,1611.256632374504,38.454452764234574,30.0,4,1,1826.8530541490159,0.27495136572615564,1734.5165334249416,1.133806382821083,0.9494559671811773,0
7175,59,4192.254293673728,36.128145833905215,30.0,3,3,7750.492438180164,0.23682167057758996,3376.975347273866,1.8487648637812724,0.4357110692268205,0
7763,35,,14.091661393407147,15.368752611961758,2,0,16855.62096914141,0.2567224314582592,7104.100202703043,2.790601713777329,0.42146772377647446,0
5660,44,4482.464318024972,17.800679816160567,17.884162932114695,1,2,6322.172675786,0.18370732421708694,2807.909983542931,1.4104234249814676,0.44413686995568175,0
1157,21,1698.3866944128645,2.8425608093087575,5.751966933360771,2,2,3501.636779155336,0.25744134006252867,1283.0821358210337,2.061742941507122,0.36642353754650087,0
6711,36,1555.4081557588215,17.52052802622944,19.66635585670639,5,0,2451.1858293087503,,1826.6232622826228,1.575911647520528,0.7451998295852347,0
7419,44,3023.3821839245584,23.13947898411773,25.179159853608773,6,3,3884.516996605867,0.14819392926534225,1053.9566357262513,1.284824994094361,0.27132244154090607,0
5907,52,3918.9017322228206,32.277727452723354,30.0,3,1,13926.360193415285,0.0611376262416402,4968.2059817212785,3.553638530639089,0.35674834721497184,0
1437,34,3672.386113038904,14.788910018155068,14.908071964048002,5,2,10101.231109914112,0.2036980003374589,2405.1496939573817,2.7505907056040275,0.23810461000113006,0
2414,24,4116.346699508357,0.6488191069058642,1.0,2,0,8864.162294482903,0.15246976226361228,1308.7491290250387,2.1534051773485476,0.1476449872583685,0
4864,55,3629.4572037879666,35.90073047821582,30.0,1,1,4328.551410963165,0.42249488900609194,3808.1501025369685,1.1926167379644461,0.879774719295664,0
402,33,6320.573764283071,9.384972418467935,13.041959236681741,1,2,18292.60085014641,0.40698024307390923,824.1973812418329,2.8941361231342735,0.045056325669252016,0
6057,61,1880.0685793023545,39.48324872109897,30.0,5,1,7500.194207787235,0.024187342136520098,2593.7583822706833,3.9893194803406407,0.3458254960355105,1
2195,23,3885.4636710705363,0.0,3.1658683451931724,4,4,4367.415357813719,0.381412210258696,,1.1240396842033513,0.7858508352732215,0
949,50,4436.1415547590905,28.5239527536934,27.345719917126136,4,1,10773.746254321064,0.45433922740236493,,2.4286299527036044,0.062364176376294024,0
4165,30,3349.9589696568332,9.259714260832787,11.294509530168966,2,3,11159.648867746339,0.4268585391724844,981.9902142056677,3.3312792690381885,0.08799472329669975,0
2067,34,1136.6432809423613,14.533210889870558,18.4279371397637,4,0,3261.0688686276194,0.27821884539906083,794.4998283050923,2.8690345716238714,0.2436317233126842,1
7652,56,3182.0566399765953,32.06509626470528,30.0,3,2,3755.538998511172,0.49100584842058026,2979.232728433341,1.180223805990705,0.7932903185439997,0
5609,32,5141.783054702359,7.302979424367294,7.643884714583088,2,3,19631.167088261533,0.334659327575454,5647.5194429314915,3.8179687628609833,0.2876812885112892,0
668,55,2764.642688694876,36.33130940720905,30.0,2,2,6325.254223022665,0.4801213950882672,408.75524210417194,2.2879102058605163,0.06462273731487096,0
218,42,3999.2052757245137,24.919791969069088,25.384015568653222,4,2,14147.895408455926,0.27594811563312766,1025.71206642951,3.5376767215063327,0.07249926839411476,0
3366,32,2608.558727249342,13.810147889245012,15.275223634816177,2,0,3924.764580774007,0.07291687895175156,3496.5020656478446,1.504572061106161,0.8908819863428078,0
7703,32,1402.6766918852763,6.388178958276534,8.979540125052802,4,1,2839.5737576348492,0.3006397008407557,285.88175402053577,2.024396480003031,0.10067769969062318,1
1962,47,,24.04142334732421,27.752395997361326,2,3,3730.8149404215947,0.3198567813498517,3480.480096027202,1.5993345390670937,0.9329007607206311,0
3891,47,5423.132756826632,24.33264906687744,23.655169531537894,1,0,19652.49347718079,0.6048716092211983,6277.745634569098,3.6238267360212153,0.31943761446141233,0
5799,37,3718.8547727323025,18.61461597659515,22.420386733296798,6,0,13542.904725884524,0.6594415467612542,5171.462536520368,3.641686904577436,0.3818577063926444,0
2213,56,1500.828439323313,,30.0,1,1,2936.8241881110825,0.1507198578768628,1192.095024559223,1.956802064222094,0.4059129686363551,0
2633,58,4749.28800593801,33.90607037626573,30.0,4,0,5783.2901554338505,0.4247740178854043,5145.380883310069,1.217717297456594,0.889697861428513,0
1659,23,1403.6611164212245,0.3746884308155335,3.4292752055746054,5,0,3369.4301577606607,0.2945739940931779,544.9478638185872,2.400458428563842,0.1617329454250395,1
3625,29,3621.7226070590204,5.946014917389146,8.99815991540441,2,1,7449.420307015508,0.32834189756167786,1488.105692502732,2.0568721338558635,0.19976127418952386,0
5367,59,3194.9772918198096,36.543140134636666,30.0,3,2,11512.472703321633,0.18769230900473385,1201.4750067626492,3.6033034515761164,0.10436289733099596,0
5309,42,1433.4281179976492,17.50719293502181,19.82574656982127,2,0,1643.9158307461992,0.09122065331893686,925.3295969063838,1.146842182112752,0.5628813711748017,0
5487,46,3273.667735895246,22.35327366979435,,3,1,6029.799469772663,0.4013191973279531,4847.747885785591,1.8419094288821283,0.803965025717242,0
2145,27,2767.0260657138647,8.66871367612229,12.489107255639105,4,0,4850.94153801417,0.24527322153245237,660.1036562073247,1.7531246265158245,0.13607742971842768,0
777,31,2739.8960644722365,5.587090590400722,4.666076454900962,3,1,7321.573199666459,0.12366761979032714,925.650874148626,2.672208371187523,0.12642786582954535,0
2434,53,2927.1033926355567,34.60320837431525,30.0,4,0,5039.594661078772,0.089238903736931,3822.581868556885,1.721700256218532,0.758509786130027,0
3066,53,2614.2953616486757,30.327092881757036,30.0,3,1,3028.8949857125435,0.3126768321282696,573.8723783147449,1.1585894348993548,0.18946592107739985,0
4453,61,3478.6512836658194,38.273207185994025,30.0,2,1,5794.600978855257,0.09399185085847143,1202.075287913848,1.6657608096747425,0.2074474657185665,1
5747,33,2971.9121529021772,17.738773540714746,19.794659898909416,2,1,5271.631868537414,0.15677106661524348,3312.133859323714,1.7738182009819772,0.6282938456100212,0
6858,28,1075.0363398177715,5.186572311234991,7.246799348772649,7,2,2980.762730892805,0.5611211074257803,1214.0997500116234,2.7727088103813045,0.4073117720604261,0
4870,52,6541.854467413481,26.18615836852725,,5,0,18254.856266166233,0.4348094435645994,6472.939828278068,2.7904711664097657,0.3545872798941228,0
1491,34,3913.1712750776837,9.593523270856352,14.31292411721209,1,1,6946.670210046994,,4722.689238258953,1.7752021881304159,0.6798493516258352,0
3545,42,1606.704739181976,,23.124942512023,1,2,2629.8637202531245,0.05329360627995876,1142.5974291160412,1.6368058524505698,0.4344702047929944,0
3153,31,2354.6354690537128,5.516358561654467,7.0182934966274235,3,5,4030.468183543016,,2069.4143894229937,1.7117164149246387,0.5134426808956616,0
3774,58,2105.4183423680392,35.29102234159544,30.0,1,0,7081.895952821064,0.22441612755968085,3027.7696697661413,3.3636526339253807,0.42753659329886556,0
6424,62,5028.716755572847,40.0,30.0,4,3,13441.295222090375,0.03869484032720468,2210.5327313005905,2.672907597588325,0.16445831259383728,0
3589,44,2656.5634252970135,22.27270675133145,24.186995442398374,5,1,5434.136959139483,0.1018205093232769,1223.032786248506,2.0455513718939073,0.22506477025602573,0
6632,58,3482.405220849656,37.359865176821764,30.0,4,2,9656.577649154187,0.32035216430056773,5037.510589179644,2.7729620870480214,0.5216662436946153,0
4641,44,1484.2680236243125,,23.96395955913828,0,1,2590.5857108489067,0.3022243583231406,1356.152444531393,1.7453624747120589,0.5234925981611304,0
517,52,2315.761674217109,26.128750161673807,29.017152842040666,3,3,8234.974540898775,0.22314082443260627,1277.1882831601142,3.5560544215685654,0.15509316717580532,0
3944,24,1021.4191286206114,0.0,1.9512697325934618,3,3,2726.0617976299577,,116.96588949729325,2.6688963631525118,0.04290654364438237,0
4159,54,3434.666772862688,34.12528610149922,30.0,3,2,11456.490156944428,0.38504825970415363,4259.757485821923,3.3355463323144443,0.37182046398737945,0
4528,51,3457.124378942107,24.966174340779595,25.48039504865796,5,0,5726.590208623854,0.3928934538018311,4227.660288382708,1.6564605669108765,0.7382508847963558,0
5495,21,2397.871886637829,0.0,,5,0,3231.161761651559,0.2569714674512898,3004.7184077253937,1.347512258539436,0.929918905140044,0
7783,42,4445.193603126332,24.932699770963552,24.077658295690803,1,2,7498.261763158148,0.3391835259491867,662.4700034785634,1.686824564375458,0.08834981018314592,1
6129,43,3699.7721392390717,21.397735498524234,26.658579362147098,2,1,9640.108233269375,0.2190822575581488,1434.1631145697816,2.6055951205827625,0.14877043699782147,0
1415,50,1684.0237622216337,26.63405936911238,30.0,3,1,3514.1728870866655,,2233.1874790528896,2.0867715562698614,0.6354802540475623,0
568,29,6874.490156004455,3.373486763106447,4.519492105597864,3,1,27054.42099359579,0.31142619235219693,2279.471683202288,3.9354803599457306,0.08425505331427625,0
360,46,2302.614649226514,25.59022601279815,26.53795433741587,2,1,5617.448818402919,0.1736894793178097,2531.89138929598,2.4395957092907024,0.4507190846138968,0
4043,32,3746.530137900946,7.111671905166059,,3,1,14115.185578944018,0.09506343188953414,5492.432375039238,3.7675355754250726,0.38911513733354236,1
6898,32,2787.6394354521058,,12.643183079904455,6,3,7947.323582646506,0.20344064192549866,1888.0403599478923,2.8509151799101273,0.23756933265817315,0
6218,45,,21.50962259124971,24.101607117240214,4,1,5299.011051039448,0.36847428938739996,1698.6692300329803,2.9487146730896088,0.32056344356929983,0
4166,58,1878.2627499498385,40.0,30.0,3,1,2320.8010266398555,0.13956916621642337,,1.2356104206942482,0.36258418722459074,0
3100,42,2593.6067324090855,20.168437831852863,20.296291400581566,2,0,6335.2414955575605,0.7031399496704278,2750.231300081001,2.442637666070923,0.4341162530283236,0
3914,54,6396.9800400610775,36.97918286998107,30.0,4,2,20329.058371342886,0.23456369344360953,6602.097719538144,3.1779149292372635,0.3247616096594456,0
759,24,4344.297677815952,0.09014087933878456,1.5496429653402188,3,4,4616.715656776405,0.4595604102901023,5474.995055219321,1.062707024049376,1.1859069222041292,0
3548,43,6146.144137943025,17.56954948914521,18.433633826236242,5,2,12439.18468905632,0.36929101028138006,7337.299318546493,2.023900580571062,0.5898537164579334,0
6523,27,4068.473589952985,5.160127193078174,6.670348130366497,2,5,14602.482714685433,0.12404515713642894,3804.777763061519,3.589179674349116,0.2605569092189459,0
7520,62,2966.4157626396013,36.578176305940694,30.0,5,1,6385.238948936291,0.5757974878935355,311.5031558723603,2.152509782800818,0.04878488626087411,0
7714,50,2533.6356747035134,29.634799669232812,30.0,5,1,9073.257706281971,0.6483750819109068,1976.9584317447586,3.5811217046206636,0.21788849118393158,1
6499,64,2734.561020064354,,30.0,4,0,3968.460836623097,0.28468408974605347,,1.4512240931927365,0.8709037035100972,0
5230,26,3588.9377906824757,3.94396229703995,4.965193666279571,1,1,6319.251845077651,,1585.6592617078768,1.76075825596185,0.25092515705684654,0
214,44,7301.1174815259765,20.080745854558728,17.16013704193652,6,2,13315.872997611781,0.05067691494565892,9078.304921943452,1.8238130027773072,0.6817656584417453,0
4028,26,2502.6913736483607,2.3994094639057177,6.437934066715094,6,1,8100.009077225182,0.06349226349335356,1461.293648646807,3.2365193577253564,0.18040642111816027,0
6888,28,3050.9404755563296,,4.468100061519133,3,0,5089.857171007575,0.6118852282679828,494.45800690223183,1.6682912078379553,0.09714575287470202,1
3692,54,1311.9408233852905,31.333266001192516,30.0,1,1,2996.317615103657,0.13038052099301792,1651.038647008576,2.28388168253813,0.5510225747384456,0
5943,43,2396.892607680965,,28.440357401477407,3,0,4521.159054311663,0.16166350736691285,762.379641382796,1.8862584997856715,0.16862482213620478,0
4564,58,,32.65813748370617,30.0,3,1,1635.2824042440045,0.2335454418136656,966.6129546347862,1.1556151095387976,0.5910984867972416,0
4077,55,952.4830414255947,30.222116098455945,30.0,3,0,2704.3495254763225,0.3405522682701066,336.9113595676431,2.839262651258005,0.12458129261538492,1
1473,25,2563.9653967589174,0.7311400515740152,3.354578363819486,7,2,3238.445816206849,0.1070895003817553,3504.2028178745695,1.263061436125673,1.0820631305108568,0
2244,38,3477.2690978433197,10.113452116193436,16.420047814718146,3,3,6900.670285090311,0.26702808199440087,3050.4230962000056,1.98450855856116,0.4420473620933309,0
725,23,4101.36863458306,1.6033172799761428,1.0,3,3,12965.979638293707,0.04742041639913977,879.9006521975192,3.1613787478071482,0.06786225775018355,0
4560,38,1239.9580225111927,19.947380238158804,24.360119988146547,2,2,1568.3291273499494,0.2954889791654506,577.9741859130478,1.2648243721781256,0.3685286307789662,0
3560,39,1521.4484531481603,21.047518937218314,24.648272135975567,6,1,5969.152808031336,0.17370555659569445,2131.4992267758903,3.923335552827995,0.35708571975373377,0
49,48,3948.290515959229,23.037053569153233,26.148194936776395,5,3,10411.395972492473,,3537.266568605463,2.636937664644732,0.33974949929395937,1
6271,45,2802.3631258520472,25.981214048844073,26.577422938439,4,2,10064.465202442814,0.23689415277213818,2525.647009800156,3.591420793971072,0.25094696628164,0
5963,36,6991.213780505698,16.02539461495343,19.445378393037366,2,1,7116.839022852734,0.2925954138202828,1271.596733091165,1.0179690174397655,0.1786743706030117,0
3130,33,,11.353080603694053,13.618619427074792,4,2,5864.441366774697,0.10781568404786307,196.37377721200335,3.027331869215498,0.0334855044036367,0
887,60,1583.5663768026438,39.13354276884831,30.0,1,1,4940.083647685142,0.09269599847238946,,3.119593671633515,0.34018648139531626,0
7006,24,3131.4597979643063,0.0,1.105277761265806,2,1,4483.996266192342,0.24638462530161803,4597.018993106738,1.4319188351411345,1.0252058030838573,0
4423,49,3587.607500651813,23.730551689538324,23.743247265673045,6,1,4783.560411957027,0.029063969925022266,3407.9128115425506,1.3333566760265518,0.7124218193260617,0
2893,50,1812.145946437515,30.727216728656433,30.0,2,1,3630.9202844524693,0.19175031105060347,1918.1615345639586,2.0036577581350277,0.5282852236600978,0
7655,42,1361.8554475071642,20.08718034840778,22.609654733728206,6,0,3244.872954863684,0.240794123354034,448.7289631372478,2.3826852995325805,0.13828860771410348,0
7229,23,3673.223425193868,0.0,1.0,3,2,11490.648440608884,0.6694039401778453,2792.024212640138,3.1282193078147493,0.2429823022670242,1
516,59,2844.540894882848,38.4407817783626,30.0,3,2,7856.677360754835,0.05012990259153535,1490.7545216282754,2.7620194790971393,0.18974363502245817,0
3168,48,3467.902828163614,26.375082736074404,25.594126647792955,7,1,6403.946124942321,0.20032610562389,572.5957844307655,1.8466336694714869,0.08941296089306541,0
2949,54,4172.7059362260625,31.806172564760136,29.519531289200213,5,0,4348.530225826145,0.28692162323349635,1940.3998393044174,1.0421367554501346,0.44621969689443175,0
3879,21,4520.1054204439715,,2.271414927310677,3,2,13530.258580025742,0.319646315938093,2257.3429357204413,2.993350225600884,0.16683664413131613,1
139,59,5139.2149205732685,39.554856906198125,30.0,3,2,16485.93887624466,0.19534543048258807,2052.746768638955,3.2078710719507506,0.1245150054266458,0
6724,46,1229.686312220262,27.148639565066674,29.536033066893047,2,1,2547.812633328682,0.27764674478941204,1139.2578335529943,2.071920788260605,0.4471513401927714,0
3882,49,5373.579715553205,26.987154436156054,27.526453159348282,7,0,15348.936654731575,0.25009692421334284,3162.4303700069377,2.85637088630245,0.20603579525700003,0
5259,36,4965.808867664792,19.177226456323346,23.655305002412383,3,2,15631.962219323634,0.09534898385242202,,3.1479186243176285,0.4642944100711258,0
3197,61,1934.1719818821757,39.509788698062515,30.0,1,2,2661.3282292791673,0.5163620622284768,2089.109708434561,1.3759522184213338,0.7849876183819708,0
7571,58,1955.5556030634198,35.498622109020886,30.0,3,0,2726.3708258329134,0.36481281152786194,2866.1707602846163,1.394166865704046,1.0512769331035494,0
112,43,3073.3242907993217,22.31196152651575,26.51954494732402,2,0,11616.97373864538,0.20714514907558057,4513.728841879982,3.779937500713273,0.38854601408493106,0
3195,22,3374.7361133672125,0.0,1.7092346233919316,3,2,5261.849056678442,0.22960279407719655,2516.268642258602,1.5591882979639329,0.47820996291501455,1
463,36,2356.497159904291,10.193158296085201,11.399273916118759,2,2,6328.502092092026,0.2613394381495103,1402.4571562575957,2.6855547291850153,0.2216096535719059,1
7243,26,1870.8862718999078,0.0,,3,3,5677.919758036312,0.3844286360264208,2405.445020740644,3.034882367419541,0.4236489987967985,1
1233,50,2276.890933506135,31.465179003156518,30.0,3,2,4441.606765591776,0.02917849786240611,1409.0219291607925,1.9507332126586503,0.31723247993861114,0
3250,64,2978.01566053866,40.0,30.0,5,1,9168.63163834046,0.09158380581916682,2521.4767366289334,3.0787721367059726,0.2750112378912548,0
594,51,3880.040822152267,36.96420169225166,30.0,5,0,4276.907256714379,0.4197210897335191,3709.178680249237,1.1022840873983304,0.8672572159300727,0
4866,36,1392.459454713462,15.616173561161148,19.13185907236977,3,0,1624.0288271764214,0.25958995486602326,915.776097105556,1.1663024166909128,0.5638915281434678,0
450,30,9431.37076745594,3.453661023303799,5.5829651315022275,4,1,36740.77632476751,0.6451598194019424,7950.523838685629,3.895592404398511,0.21639509651095917,1
7477,54,1950.2816220933187,35.24369478272831,30.0,3,1,7713.982130499131,0.12753916354936348,1883.9242116298526,3.9553170388896923,0.24422200878341338,0
3277,51,3234.417791653833,28.387851331885596,28.61612502038479,2,3,3473.947188878354,0.0606576850853348,4422.552284247527,1.0740564183893029,1.27306261258262,0
6079,44,1449.3032508892102,27.230688421731756,28.62216745995307,7,5,3170.4725252836265,0.1742340519216492,1196.515607554645,2.1875839465194082,0.3773934635965994,0
4691,43,6434.753631079279,21.903674430182296,23.24246129659413,0,0,8312.06210369588,0.03245554857573945,2899.076887463882,1.2917451980677814,0.34877950276319936,0
312,48,4405.830930695878,20.679591800970556,30.0,3,3,11069.719211518126,0.21986231874696352,2417.8902565356784,2.512515660642866,0.2184238109689219,0
7621,51,1866.1451068144008,32.44619424495111,30.0,3,2,5174.7506403619955,0.1885068641587814,2184.9109340850187,2.7729626283968574,0.42222535653083665,0
7283,25,1557.1891445047154,1.7739951422391993,2.0972297326938993,3,0,1760.8195023788749,0.136375697269441,314.81208166386733,1.1307679022762047,0.17878725288909786,0
4661,63,3759.059205625082,40.0,30.0,3,1,10806.190525872431,0.40300533426521684,2276.203463090481,2.8747061258577604,0.21063884239693367,0
4851,40,1916.3360757301452,12.664016638918524,16.38670551095306,1,3,4786.571180294891,0.5944927860885335,1360.8990664100081,2.4977723067031206,0.2843160615708562,1
7231,41,2761.7417097487373,16.539302578017395,23.39213304193342,3,2,3318.7313508709894,0.7944314498387836,3420.256123472601,1.2016805696043629,1.0305914404837158,0
5396,30,3656.254676603475,6.62961936584988,5.723419246446987,2,3,6372.192962098495,0.39180728363371775,2151.375849458388,1.7428197775374952,0.33761938193878793,1
451,25,2631.0934232174595,2.166778473342819,5.97572645040013,2,2,10322.264827783985,0.1478405588252226,3728.958247776241,3.9231844588632274,0.36125388274665926,1
3166,46,2493.960909526936,22.70061869386859,21.867888253782265,3,0,4619.439818158847,0.5788063848942626,1191.736865328029,1.8522502900957976,0.25798298327068914,0
6453,26,3502.158746754306,0.0,1.0,1,3,6596.454220144637,0.07391981445141203,3255.9050031866404,1.8835394672665908,0.4935841126955096,0
6772,54,2717.256786665013,30.519700808028563,30.0,3,2,5489.164964321229,0.12784076838933556,2593.1145550130095,2.0201127075142127,0.4724060165558652,0
3626,29,2817.467630841298,5.328369884554284,,4,0,5137.49845456881,0.22008904583018116,1629.631552022803,1.8234454225246055,0.3172033172240784,0
890,44,4122.206935850442,25.682146565088864,,2,2,7623.651940609454,0.5615205031559688,2000.961591040543,1.8494102938664425,0.26246759514057527,0
2763,44,2276.8621650539567,19.840518244955597,23.20091135379656,2,2,5307.2603271430435,0.17295284196513647,2460.5954475913677,2.3309537171817656,0.46362818025094565,0
658,56,1287.7027915643157,32.76714379595643,30.0,2,2,4638.569198921313,0.5380396116624463,1011.5921657558038,3.6022048172205383,0.21808280147918174,0
1506,35,1273.9989389800153,14.601947218096466,19.56838240430232,3,4,3272.448344049746,0.24790245446436596,161.90747716226653,2.5686429116414513,0.049475945879072766,0
4011,37,2719.5135764917695,11.324288430971148,15.09423151926506,2,4,10492.656389829854,0.2004228089519202,1025.8339991674077,3.8582842463193745,0.09776685341204072,0
4554,37,2503.941483939373,12.47034653485421,16.045061152585202,2,1,7685.532689576656,0.27933260293279183,1341.98574303009,3.0693739206258313,0.17461193611864148,0
7487,40,1806.5672314211931,15.32989418634006,17.246805434717686,1,0,2814.9251450447946,0.295973834907997,2309.6705866956736,1.5581624066270399,0.8205087054486911,0
999,60,2673.32109839112,,30.0,4,1,8030.47591922021,0.12018321218826797,1354.4583944486787,3.0039324210074043,0.16866477255811282,0
389,53,2664.5044181035832,32.20622028024204,30.0,5,0,8281.65980408154,0.17446046767210024,520.0470041691277,3.108142642891872,0.06279502134497571,0
3407,28,2593.1857771647587,6.944035638550412,10.593695835303548,4,1,7865.893299770734,0.09318940357419347,1784.5891918552072,3.033293398813429,0.22687686240381907,1
2330,52,6768.097509522221,27.262641636608766,30.0,1,2,12479.952509705121,0.2501636689401714,,1.84393804789998,0.43771817523102446,0
1476,55,10299.325840599797,33.3233600183627,30.0,3,1,32436.648301230995,0.4352763926931401,2867.477779921812,3.149395290841871,0.08840240684833608,0
2240,41,2034.6611951599175,12.486503860938967,12.646871044889707,5,0,3806.8322200810862,0.3104348291798552,964.0070045844164,1.8709907227487483,0.25323075692678754,1
7193,51,2082.5274942959895,31.70599169705636,30.0,3,1,7911.949764441103,0.11377785327957889,2518.6691723433423,3.799205429993991,0.3183373564456978,0
7204,63,2979.4033488654322,40.0,30.0,0,2,9122.321493574538,0.5026880943570472,4150.619290319493,3.0617947372074856,0.4549959451925754,0
6679,39,1965.1299530683648,23.235403432057307,26.418967341038655,1,3,6515.77221271351,0.3928462587364052,902.0572717551186,3.3156953322805687,0.138442112815889,1
3936,35,10729.462467248088,7.223600960613355,6.799310315933468,9,4,38412.3275937174,0.11413163170394916,14740.101523278468,3.5800794038817734,0.38373362008110423,0
6751,56,1649.0673719980857,34.46792048336363,30.0,5,1,1816.0852213308979,0.19376819541718238,2025.8619353194267,1.1012801854968761,1.1155103909907909,0
2972,26,1402.5956038456457,0.0,2.006747095661324,2,0,3045.8615923676416,0.45562063456743046,1265.7017107303461,2.171589290609837,0.4155480058259894,0
3386,31,3718.1241706112514,9.816726422908713,11.117211078292586,7,1,12241.72540236887,0.15398134875004882,1761.2267901679486,3.292446631860699,0.1438707969897068,1
2775,23,,3.19965260064273,7.5636837400604655,4,0,2953.016082140476,0.5711117987386113,388.0251262203258,2.0455462303239664,0.13139959804725077,1
1923,32,2036.3821312935654,9.697962821868806,9.34647689273001,3,4,6839.121552758957,0.27278177634415973,1487.6835391378372,3.358466688378649,0.2175255298010742,0
758,49,1447.0746452520766,23.64793705617195,,3,4,2155.3044219864164,0.40298584908969837,410.9256256799614,1.4894217302874297,0.19065781218099837,0
700,58,1920.7181488599997,38.94418969469137,30.0,2,0,2181.4952198440233,0.44040138808917384,2042.775575088985,1.1357706080607413,0.9364107500703317,0
7008,64,1413.8625097496574,40.0,30.0,3,5,1820.7807985178902,0.22946524483242536,728.3962715459619,1.2878061239775591,0.4000461077680928,0
1293,31,2811.34399485722,9.314237934742952,11.25196179540433,3,2,4780.030767414527,0.059626512145183753,850.2876289394095,1.7002653450302125,0.17788329621972745,0
7061,39,2448.727969314258,16.640473750176515,20.473567127434286,8,0,4646.373987320598,0.030318647509275796,2495.2556728655422,1.897464334767152,0.5370328948282679,0
2873,26,4321.839112316171,7.986926760423271,9.453912342647342,2,1,9397.834401622433,0.1801043260404662,1728.1617167673871,2.1744989013683855,0.1838893560913394,0
6698,63,6289.603628640175,39.220388195199575,30.0,2,2,23603.20151476423,0.586510885388852,1202.5065934768295,3.75273274889459,0.05094675791013519,0
2535,50,4777.372597034019,26.879007573133123,30.0,2,2,12030.42237273832,0.2111564361110243,1380.3971008965477,2.518208937734369,0.1147421975827393,0
6729,46,3806.732995077539,26.514748724532488,26.47382493695448,8,2,9624.690431583089,0.3969487728229666,3502.0959328855993,2.5283334670513304,0.3638658258964457,0
1907,64,3195.082256096319,40.0,30.0,2,1,10566.129509580454,0.2641877986270488,4537.54846599867,3.3069976490964956,0.4294428212227015,0
6917,41,3400.3003518611913,17.065576683268574,18.57036001271365,2,1,9051.870129506857,0.5098982404814114,760.447343145618,2.6620795791031275,0.08400997056583344,0
7019,36,5239.416213876956,11.189883298096802,12.857446932624121,4,2,12225.333399908828,0.3288143951128534,4837.950589118294,2.333338849379667,0.3957315870955613,0
368,21,2783.6569906465484,7.136777321147267,9.105776774437533,3,1,4265.294005919211,0.3070140178007386,726.6753405993811,1.5322627824660713,0.1703693437289268,0
1937,40,838.6866599033904,17.122147453860677,18.983059845010693,5,0,1180.9600119527076,0.4934064431772293,1035.3261144596868,1.4081063505752485,0.8766817707466518,0
4213,48,4771.5450362523825,30.304083712263512,,6,2,17673.43546644237,0.3098875454260017,1474.1922817656127,3.7039230128116443,0.08341288735654998,0
1151,34,3929.7589821114098,15.235655238959074,19.746255377866724,3,0,7162.312910584458,0.48543712419039314,890.4668971908727,1.8225832533720014,0.12432672354693436,0
7670,44,1996.407973872702,23.09177993226438,24.337284265178994,6,1,3983.395145529187,0.14500433549277042,2056.663054944126,1.995281123728462,0.5163090729907746,0
5090,45,2903.7354603285157,,26.738181708510524,3,3,9339.109700852834,0.13648450939139556,750.3912074820453,3.2162398498230442,0.0803493300237731,0
4192,53,942.1758819695957,34.83902186497683,30.0,1,0,3184.701389092584,0.26412923626278845,575.0657921978072,3.380155924215597,0.1805713383890163,0
4279,29,2490.4092103242315,8.860317759514842,13.047968209390433,5,2,7397.4072932044155,,743.252576695899,2.970358149390771,0.10047474030241428,1
3010,45,2345.9876403045973,,29.728906574759993,6,1,3645.13542363212,0.6150814512114429,370.92318553387923,1.553774351155083,0.10175841016196882,0
7867,40,1008.971997826878,16.953745554146384,20.796620618538814,2,0,3993.2924283202,0.43638362639346817,258.1630048768099,3.957783205996743,0.06464916093946257,1
191,22,1721.4989222801044,0.9858275757111268,2.5589652519312733,3,2,4590.380151055215,0.17033538538313148,414.40706374542765,2.666501902292981,0.09027728643567041,0
7277,44,2568.90914492289,19.57055308418592,23.752272122047955,3,6,7310.810792039784,0.17989943179218315,2604.242147859935,2.8458814148755076,0.35621796568658387,0
4427,37,2087.079958635412,13.983250084374893,14.784229971439125,4,0,2673.557029103023,0.23123119382132662,1363.4047288677625,1.2810036424531934,0.5099590971976327,0
174,59,3344.4202044236367,37.73067824282916,30.0,1,1,3974.4424939447736,0.20820890293077063,820.5982717625161,1.1883801230143902,0.20646877468040645,0
1903,64,3688.5965527229764,39.65786245943169,30.0,2,2,5856.450014995752,0.18531833646919244,831.1678548281899,1.5877176945991651,0.14192349506952853,0
1099,61,3629.8061525055155,39.518337327061516,30.0,2,3,9471.425950215094,0.25287526582676845,1047.767551739444,2.6093475938590642,0.11062405568568577,0
5313,23,4401.2966165373045,0.0,1.5409659091048993,0,1,10805.875123122518,,1803.4019749999588,2.4551572103822394,0.1668908769027898,1
3646,48,1267.551489886748,23.315797709742125,24.998354423861812,2,1,4860.61571728935,0.4771826703971469,206.81524110668315,3.834649523960271,0.04254918576900358,1
3408,39,2359.0184928431313,14.017816273410858,17.048488658743114,4,1,9071.043326033425,0.3631979520595893,2415.013989326777,3.8452616431594144,0.2662333209671496,0
3885,40,2006.4040151474776,19.27352106989774,21.382233459390793,2,1,7091.513779340532,0.3183337536347414,3000.548968947854,3.5344395873426726,0.4231182596992552,0
2292,34,3657.7454593547454,,17.73369823399154,3,2,14162.52210042019,0.15089207437500252,1372.8422421622276,3.871926643829002,0.09693487024613338,1
6974,22,1264.6795943009456,5.637405694294208,8.597067946233153,3,3,2258.0902750595774,0.0832588755874213,347.7949183716262,1.7855038424240106,0.15402170684360703,0
7776,50,5679.353944375168,28.709845813549236,30.0,4,3,12892.99987649503,0.14135021122636154,5328.320572021657,2.2701525565710265,0.4132723666379313,0
5321,29,2466.8745913103103,6.110451234676943,8.39192541237643,4,4,3426.4258843773273,0.27790120549886743,3572.9596149766408,1.3889744928449483,1.0427657668789596,0
4898,58,3353.587087264021,,30.0,3,0,8669.929517587478,0.1727926630724001,3997.686915322728,2.585270425960735,0.46109797169782957,0
1164,30,1634.8595751164412,9.093765513400069,9.845728795003204,5,3,4018.4456109735324,0.10970139109027684,1713.1224029245861,2.45797600731997,0.4263146919909549,0
5151,51,1892.2438748037193,30.532884372353983,30.0,2,1,2283.674758989084,0.248172564680641,1528.2693743349266,1.206860695599275,0.6692149870813683,0
4651,41,2039.7960278886733,18.62870237448371,21.24725166065028,2,4,3127.5698385160354,0.42676067587178185,1825.8554176417183,1.5332757764771616,0.5837936519134765,0
3801,33,2115.4352320293196,,,3,0,2710.346281017874,0.35206797167144277,2235.2004624730644,1.2812239486140453,0.8246918403480281,0
6957,50,5709.085066524113,35.9466700455708,30.0,6,2,22583.266487883666,0.3441247820881809,4320.908763570868,3.9556717450758065,0.1913323197018073,0
5022,22,1897.8176613844178,0.0,2.322864270594292,3,2,3631.0375219511193,0.12303954978636049,1254.5402921765312,1.9132699604567671,0.34550463458235225,1
3664,56,1802.0393922842472,34.202941595160524,30.0,2,0,3286.0517710466333,0.10624011217061799,2122.8464192715423,1.8235182788547517,0.6460173384898921,0
5673,40,2693.0674929788183,19.187737353320575,21.80547270205735,3,0,6003.398609675166,0.060190271200526,1565.7906673885577,2.229204661720071,0.2608173751556504,0
1661,58,1781.7875582473382,33.9651648125822,30.0,2,3,2828.3259241149613,0.5129047245552736,1088.0879266860316,1.5873530550954427,0.38471094063408395,0
508,30,2380.510308556286,4.740285169848479,5.142335975294124,0,0,7384.390159063477,0.4687495761030436,1512.9353174058592,3.1020198200871922,0.2048829063492681,0
166,45,2573.0683774705763,25.344681438894824,30.0,4,0,8800.581961853757,0.15280694404002274,2057.4634015532174,3.4202674281454826,0.23378719844566195,0
5518,50,3336.896834263029,23.399105576469637,22.43720626120589,4,1,4257.30149609455,0.20194554422417327,2337.0407422942476,1.275826526124772,0.5489488457507977,0
5515,22,2726.650778710169,1.2204523061439114,5.218613503043528,3,2,5187.495588724478,0.1526588795993554,1652.2233986050448,1.9025155803701423,0.31850116695931496,1
4091,57,2164.3197865643247,35.85099020496382,30.0,3,3,7960.980780678438,0.1412719701358778,2991.5729965553232,3.678283047680225,0.37577945217704445,0
5593,40,1757.544704518947,19.18030414876964,19.8305340319696,2,0,4043.153740119318,0.24394413013777375,2430.017285717975,2.3004557037574527,0.6010202534732856,0
3269,40,6615.453881152256,16.124455548588994,16.413851420916988,4,2,8279.72478899606,0.5385733201770865,6174.460042894019,1.2515732008328848,0.7457325213393584,0
5405,62,1919.6478415574213,36.348226744334205,30.0,1,5,5343.470865225342,0.08908908020720818,,2.783568292864671,0.33101502130500493,0
3494,34,4293.213416543322,13.898277927199233,16.043813541907767,0,3,6909.245157032402,0.3444430607613586,6014.632795434432,1.6093411826229167,0.8705195225722435,0
6510,41,4350.932379570966,16.17429707134019,16.656407164730943,2,1,17154.151557322395,0.28192599156578746,3212.9707665979017,3.942638051068475,0.18729989389807028,0
103,59,3496.8764786520705,35.9204037586607,30.0,3,2,12190.083622666289,0.234690036707614,922.7113629096198,3.4859920552198513,0.07569360403680306,0
3265,24,3060.47513328328,3.7513019754562933,6.6644732067904,1,1,5847.7087632703115,0.43538098350586285,2306.724593181615,1.91071925390777,0.3944663947134719,0
1111,37,4818.747625279056,,24.4934988501288,3,1,18122.108795323315,0.09625235262698421,789.6305921202573,3.760750760271214,0.04357277627226438,0
4868,24,1754.975096545238,2.3418363519359127,2.652912858832458,2,0,4560.154207352193,0.40773555624726954,1750.762554645337,2.5984153372484315,0.3839261733348047,1
4075,60,619.8860914283351,39.045327413169225,30.0,1,1,906.259899540269,0.47686451529545043,616.8270806289829,1.4619781151276912,0.6806293436815304,0
1104,58,4595.362059361236,33.28921338294106,29.63849656087819,3,0,9264.497976626073,0.21239054911646854,1092.3305326203476,2.0160539815907033,0.11790498906430227,0
4938,59,3981.8672900967413,38.66909616692403,30.0,6,1,8674.601700564897,0.4348748239651704,5798.530940095933,2.1785260704542826,0.6684492430030912,0
1752,54,2081.159115650867,28.267456352869413,30.0,2,0,3349.6352115293967,0.43492816388986466,,1.6095046199683887,0.39572442035817423,0
7148,36,2000.5461079171998,14.44153474545973,21.24856187111362,3,0,5357.223256683397,0.2240110564972276,872.3966150629777,2.67788042249168,0.16284492418243357,0
4507,56,,37.21811702088128,30.0,3,1,11014.929849629958,0.5348660699932161,1732.5542457042402,3.305192891034204,0.15729144618768903,0
4168,46,8676.9579074784,22.7854345796525,25.295898657540906,5,0,14153.785106529951,0.32923317494108406,7243.151606697445,1.6311920902982882,0.5117466142223513,0
7105,46,1864.7511793300089,22.64119099739749,23.51087609068683,2,2,5423.9588270723425,0.26162318057264927,1852.6148109994724,2.908676979102987,0.34156137059016856,1
2916,45,1168.0690264161528,20.4469572383926,23.442538577742745,4,1,1786.0732099431784,0.4752885510048778,675.3807592531583,1.5290819031672933,0.3781372205200058,0
5284,52,1139.5457665799104,28.988035070344672,28.331065165157735,3,0,1905.707762438029,0.30889725079393293,1385.6142312652746,1.672339820240464,0.7270864182725566,0
1658,25,4402.783643441479,0.0,1.415258018466477,4,3,12346.664843330493,0.19371384231864835,3115.215351445628,2.804286070636803,0.2523122957474971,0
152,27,3838.8163455184244,0.5912809286961611,3.504566758181844,2,1,7033.613765069102,0.3906716287886408,2499.379387721023,1.83223502559074,0.3553478298927419,0
4401,39,2482.9009927393195,,14.562673814503638,5,4,8954.606926749562,0.2087273896964361,2887.4598805559995,3.6065098660539743,0.3224552349618455,0
2483,58,3609.998782927381,36.43491007779571,30.0,5,2,11621.580124745926,0.34560084558056475,2347.480167689227,3.2192753581268194,0.20199320079467664,0
1583,39,1686.6152672666296,16.836186056964575,19.512579698590727,1,2,4255.472967813998,0.2653526991777281,,2.5230845767870482,0.4613591782304806,1
6735,22,2104.805075880939,0.0,2.7656138128889607,2,0,5809.940537406562,0.36909805346910834,369.4044688662261,2.7603223709325606,0.0635814543174517,0
2552,63,4655.173159495773,40.0,30.0,4,0,4852.658434207466,0.3639710308260894,3912.1978401399256,1.0424227559202295,0.8061968286417966,0
7830,55,1407.4761795984462,32.488780353720436,30.0,1,1,5332.676569264302,0.3484852651468282,1782.5026818806452,3.788821897352265,0.3342604147707687,0
3931,34,1702.382190917312,13.198020782104049,12.566213241191326,1,1,4416.952204341396,0.35641551196628535,,2.594571435196561,0.34571433424037523,1
3551,61,1664.1433862211034,39.495628033916205,30.0,4,1,4126.581842785458,0.06327819253695517,1334.3032244323479,2.479703297776522,0.3233434535571184,0
3722,61,4109.5325793907095,35.97700102744328,,0,2,13830.984678743345,0.5043926761306391,451.6930257399013,3.3655858449950444,0.032658052642781266,0
4371,43,1088.954884156662,18.20231298915492,17.828498429523073,4,2,2255.7183338296004,0.1718276810298211,473.9207464107615,2.071452515295466,0.21009748393815292,0
6451,27,2105.5651291262593,3.6500884104490146,6.488829238837811,2,0,3658.7362275702835,0.18651413910504533,2607.0738814583883,1.737650465881594,0.71256131060033,0
3803,51,1829.507127426449,30.744866039239724,30.0,4,0,5236.308659110395,0.20477599032658733,1659.1996204629081,2.862141710525207,0.3168643654296713,0
6993,61,700.8680626452862,40.0,30.0,1,4,2609.3070076932822,0.23124097383661546,397.4915953819396,3.7229646302400705,0.1523360778206532,0
2209,50,4252.070573949516,24.96235609813291,26.716996903378842,3,3,5677.2193423070175,0.15531578578498337,896.0825640627417,1.3351658312279042,0.15783828491266394,0
4447,48,977.0877219927304,,30.0,3,1,2735.5571743571963,0.14661294297843147,471.42980214276605,2.799704788816852,0.1723341067632933,0
4974,54,1740.7431073569398,34.14231779703745,30.0,0,4,6959.936648904205,0.5599118868755746,2392.809469253649,3.9982560433468186,0.3437975932769992,0
4467,60,,40.0,30.0,1,2,9946.07202066597,0.15158369526283008,1472.9492912411497,3.8998824365462452,0.148093567810554,0
2985,34,4132.410606751155,15.731466649130265,15.169485138970666,5,3,13944.433341171922,0.18598615981469044,459.1742982409813,3.3744065312364606,0.032928860356428884,0
1822,40,1896.915496165259,13.19466916477689,9.45173718782226,2,2,4025.3540722896846,0.3457349313432927,1930.778227915213,2.122052395284453,0.4796542597846445,1
3989,45,2090.103182081242,23.330208113397813,25.821415886036004,2,2,3241.1153679445447,0.33539395980649706,1471.908187430615,1.5506963463483991,0.45413631430345286,0
6179,24,2279.2788197855066,5.098941028263176,1.5805908232336803,3,0,6486.370812903698,0.1829022284687512,234.85641640717932,2.8457996260036773,0.036207676554656176,0
4590,53,5752.509864775407,32.90680122480919,30.0,2,1,16799.410383963957,0.16195730361737282,1109.9409465036656,2.920361855758391,0.06607023229596026,0
6701,28,2828.26905129866,9.826899951767892,11.50386973081057,5,1,10301.316883692185,0.6120893563011306,4112.684789760706,3.642269068765617,0.39923874162840456,1
5082,43,1317.5441727245639,26.267716062328105,24.67430100024841,3,1,3725.829039084808,0.36200007627012576,1632.8697536943585,2.827858918293514,0.4382567575069004,1
309,41,,17.894604487197416,20.183561070156188,5,1,10349.768703271073,0.28079902544177976,848.4683558304813,3.7534512763978407,0.0819794509574229,0
212,37,3493.5269907142574,16.96794853913786,21.92283790621947,0,0,6620.163999033367,0.2845249884360697,5155.488983305827,1.8949800635946608,0.7787554785740349,0
7799,64,3525.8842141525024,40.0,30.0,10,0,7562.662493305781,0.7656559437544687,1720.698289652073,2.1448981401459823,0.22752546357518644,0
4812,42,2787.0855166284027,24.279396306421503,27.035788750190076,3,0,3068.8811567741527,0.3470588108954353,1506.8750933122703,1.1011076403879578,0.4910177411028254,0
3599,39,5083.3754671747765,21.912334447648142,22.26458891904917,1,1,13269.736904026311,0.44341024939994433,3467.432993898951,2.6104184099155923,0.2613038238042881,0
3622,51,2205.017258480309,27.61619876894391,28.35379103516248,2,5,6052.152346506413,0.24933573802844874,719.6513690598506,2.7447188103541365,0.11890833671351106,0
4386,50,4337.1090383876635,33.50672191714848,30.0,6,0,12295.416385621127,0.3553769994034156,5765.120751354073,2.834933656681132,0.46888373443750087,0
7378,27,5010.582237696922,4.3792699602525795,5.02308194934732,3,1,17116.718339564068,0.23466044584696127,6301.77365978187,3.4161136425996763,0.36816482778803294,0
3450,28,2899.266372091307,10.82739956046224,14.188265745450446,4,0,7981.121243160787,0.47854766532376813,992.7052523949599,2.752807165284307,0.12438167798110229,1
495,46,1384.3678361694933,25.580838766095493,29.56842676791509,3,0,1484.5747859450391,0.1182369215677976,1628.7737207753573,1.0723846272337674,1.0971314723889274,0
5749,24,3039.2909148815374,0.0,1.0,1,1,3303.682582055072,0.1421678232435838,1759.2663548029852,1.0869912340009873,0.5325167630688735,0
3256,52,2732.074705542884,32.65619812888757,30.0,5,3,9627.68447913019,0.743834815126136,844.9128158297289,3.523946274088832,0.08775867319512139,1
205,64,4316.9042727338265,,30.0,3,1,13605.101823942154,0.2698045823057202,3434.7638290031477,3.151587564698594,0.2524614569924553,0
1434,21,2744.498550060625,0.0,1.9385048980381885,6,1,4434.644179844105,0.0269990551429449,4009.0764175316945,1.6158303963199927,0.9040356463667012,0
1135,21,4898.956297415,0.0,1.0,3,0,19579.9787033234,0.4104037617112082,5868.6834537966315,3.996765334211092,0.2997287965793606,1
2584,62,1286.6310672685784,40.0,30.0,6,1,3084.3490741255464,0.1802384970777906,,2.3972288191932045,0.18898414913269057,0
868,26,6763.514147185788,3.461092895534774,6.9750423888398565,4,0,6803.757104617054,0.5693525197811925,2337.6950134308718,1.0059500071346803,0.3435888403253701,0
2749,40,4124.996562477959,18.371481239288784,22.180021702534987,4,0,8896.6750629741,0.08281729000972038,1361.2656140619383,2.1567715095572613,0.15300835474223515,0
3613,64,2922.3072587799597,40.0,30.0,3,0,3373.9424921211926,0.4992667265606699,1787.4565228398023,1.1545474836652827,0.5297827473390132,0
305,28,2678.5008780318526,,6.312397710581218,4,2,3059.7536824550593,0.19696600536187048,1123.183593622865,1.1423381293432127,0.3670830106564834,0
1849,62,1636.8227799152428,40.0,30.0,4,2,3594.567554385821,0.1166813159401877,520.6911866814607,2.1960639835254208,0.14485502881873857,0
4240,47,3009.2283407959117,27.04303986319468,29.370259265656017,5,0,4557.358366632656,0.6074650602429769,3039.02023962301,1.5144608020763486,0.6668381099616012,0
4041,23,2224.412930352803,2.726143795551566,3.557795492341217,1,2,5460.382789852013,0.24255188152518803,2926.143181019077,2.4547523147988395,0.5358860896084505,0
1988,24,4199.709881997714,0.7293462134056774,1.3748975113462252,7,2,15239.281218267863,0.4562176358010952,4404.370369141059,3.628650941721445,0.2890143115058068,1
3240,55,,34.2747487964711,30.0,1,1,4997.070337506876,0.029913943950714037,1527.766641624975,3.6814144448684134,0.3057324669132442,0
2798,42,1157.1723672893584,19.887654904730912,22.706942281707995,3,1,2518.9996124205118,0.26320418474285456,1323.1660853215476,2.176857729779007,0.52527442989565,0
5763,39,4554.439192017533,12.17051645972142,10.040631335493543,4,0,16487.70678246904,0.15968736964902627,5279.644629923409,3.620139843203239,0.32021703803812923,0
1534,33,4690.8124317687825,8.719988668356038,13.140257645368921,2,3,12822.656786561367,0.27954457682973716,6017.683445669609,2.733568432563883,0.4693008278889887,0
3109,43,4832.008142147471,18.786863606843426,20.14205379881237,1,3,7757.8337500445705,0.40418368623797696,2651.8003458856283,1.605509246223411,0.34182227040768864,0
843,37,1969.351617461603,12.865000381171772,13.321524514155787,7,0,2001.2889212825125,0.511514503805184,1955.5024054387698,1.0162171668775306,0.9771214863796873,0
1987,31,2177.435112642328,6.8236416999327245,11.293810233989483,5,3,3615.071133219157,0.25511855486157486,2953.6969555400988,1.6602428757715084,0.8170508536881496,0
7202,53,2737.2217943895994,29.591191326191726,,2,2,5874.609209018292,0.2481672444201945,802.3024489724323,2.1461940793615266,0.13657120336460735,0
5386,36,1151.135109758352,18.178710554607957,21.42990599535493,5,3,2342.60819324269,0.11819983407606607,,2.0350419107053854,0.6988732793375901,0
1714,45,4830.565278006972,26.203985199660142,30.0,2,1,15508.028540165948,0.2038457869735605,3601.0849575654006,3.210396226456618,0.23220778503460673,0
383,42,6030.748429102675,20.94212458792542,24.739317486134173,0,1,20067.484175033405,0.09253054154940012,966.2868273277899,3.327527986110885,0.0481518669156335,0
1538,39,1624.838983364003,14.851980171959408,21.982578403287707,5,1,6161.561868593267,0.2708887062804257,,3.7921061297019167,0.3425509657176145,0
211,31,1630.8646428211603,6.419496924475124,8.222631382476903,4,2,4365.465477497199,0.391112623170216,454.8816324537092,2.6767797663119204,0.10420002971011952,1
3388,44,2688.126936017691,24.482629456448265,26.8338981459189,4,2,9213.4128809467,0.43568805688729517,3163.927894594332,3.4274471035939444,0.34340454894161115,0
6426,56,1523.792035842815,37.542393555862965,30.0,4,0,5656.579156338731,0.27330110055489026,,3.7121726740158842,0.10786734654679099,0
1957,37,2849.3060857819423,12.224386713612947,16.266883807672908,2,0,10733.399831457138,0.33853137889967555,625.3162851842,3.767022393633622,0.058258920286519196,0
5246,28,2578.0302221536617,2.45463520552424,3.5380296666920517,3,0,2901.9637963924138,0.3414762844035157,2227.5870897862605,1.1256515813721304,0.767613673387481,0
2438,48,7367.011588148212,28.587693789991466,30.0,7,1,22403.06589872763,,10324.606201834393,3.040997781891492,0.4608568420280714,0
2727,44,3248.313810217167,22.99550196171652,21.998413854521647,2,1,5192.28625339533,0.08432167682779165,728.7642694859854,1.5984558625658765,0.14035517957228055,0
6239,64,1064.6854440459606,40.0,30.0,4,1,1544.1322818566762,0.17353281580494692,505.05343990031923,1.4503178290751748,0.3270791277629655,0
6098,48,3384.853666297321,22.822873750442653,27.09456573117002,5,1,10830.80081204155,0.10923559413206416,3883.542718671932,3.199784061533544,0.3585646884350654,0
1349,36,2550.819755977271,10.822028014577828,12.24992317627148,3,1,10148.272139305642,0.11308528431291298,3694.1655402750603,3.9784356050738015,0.36401916400793527,0
5026,42,4154.71058385079,17.081013518690142,17.71184537255268,4,1,15757.207215005034,0.2309806070628479,,3.7926124809397628,0.06359746564615693,1
5873,35,8689.266279964493,12.468071335385098,13.617328673868947,2,3,13816.104193394904,0.1372371865136316,2836.290694655535,1.5900196573848535,0.2052887452898254,0
3580,45,7261.551013100466,23.862650169392353,24.218187196361825,5,4,27474.55643157739,0.23962603531831123,7607.543639274415,3.7835658500519953,0.27689413869957225,0
6130,39,1567.9355076322227,11.785414879854375,12.292863452088099,3,2,2444.580282469037,,1964.548539011604,1.559107674116429,0.8036342897388509,0
680,52,,25.128478985745247,28.459845089557767,4,3,3734.241167413196,0.2415603877179948,2931.165149335486,1.5103126039952206,0.7849426477631543,0
180,53,1204.7282030668414,30.249838431858777,30.0,2,1,4724.893748713575,0.12151275596863487,1081.167268416765,3.921958277963072,0.22882361507306473,0
7613,28,1414.6360679941963,4.456476639739914,4.376565590666107,6,1,4502.963805124775,0.18069866952067504,597.8625411937281,3.1831252623931037,0.13277089647340873,1
4022,44,4679.275766453665,21.989953201288785,27.263782830774318,4,1,13202.260495297069,0.014894294379383749,2754.889474137374,2.821432451138227,0.20866801371770577,0
7393,23,1824.1671968121695,4.697109513219698,6.776409464490142,2,1,6378.622200942814,0.14513885334829785,917.6225200500108,3.4967311176792344,0.14385904841869745,1
5976,25,2551.238775590262,0.0,4.4917598832810555,1,2,8006.10502543028,0.28492660040544265,3745.8303378955598,3.1381245464090144,0.46787174612342086,1
278,55,2153.461485046353,25.13055028327757,27.52864181915771,1,2,5883.520741433772,0.23901636572597235,1789.8635915366904,2.732122576739342,0.3042164156797913,0
3844,37,981.4265935967445,15.255772668004422,24.0828246266043,3,3,1892.0873845956555,0.5014058206107069,630.7617882834254,1.927894961213054,0.3333682119645975,1
3319,24,1563.0798922633976,0.21458239432222959,1.395926811239602,4,0,4821.7680858269005,0.42585539922949117,733.6924105793134,3.0847867148011234,0.1521625257622672,1
3252,61,2002.839933032011,38.88745136263544,30.0,6,2,2484.2944201788355,,396.58498847066977,1.2403859036393248,0.1596368712377179,0
2518,37,2821.893736466696,13.088711923807077,9.264235331291799,5,1,7015.075003563967,0.07390145833414234,779.3830442054982,2.485945843002426,0.11110117052341384,1
2480,52,2016.4323481127526,32.13210150981179,30.0,2,2,4641.556051187892,,222.54793078181152,2.3018654980079454,0.0479468368640848,1
289,24,2778.0170054039636,2.6007392778176213,2.433951400988289,3,3,10368.057890760434,0.25797788997492727,2238.204830972797,3.7321794181215853,0.21587503219550777,0
3075,21,1439.3903329367372,0.0,1.5461596275065865,3,2,4931.4737872297155,0.12960327022211002,1532.4884077674226,3.4260851100536462,0.3107566771896616,1
4990,31,1446.6444971462718,8.159424097685113,10.485289454388589,2,3,4771.7763378253185,0.20275332761016185,1718.828208123037,3.2985134545760064,0.3602072030279552,1
4215,24,3533.7536083234877,4.1197273399431795,5.148720572490496,2,0,7700.800803953624,0.2642099287439074,3289.7251373649196,2.1792127175519465,0.42719260257659963,0
6020,64,5504.458181751015,40.0,,2,0,8387.967625161164,,,1.5238498228526607,0.5704975385480202,0
993,45,1607.5876872193069,22.991969282569976,25.26492893014626,3,1,4541.131945014444,0.4546825573200849,927.4072332777024,2.8248113500230754,0.20422380245873975,0
3235,48,3597.7524379139118,26.45608034080101,,1,0,10472.679564677144,,4521.696651456826,2.910894994973453,0.43176119574095095,0
2236,60,2053.3667798633896,35.23615808152038,30.0,3,1,4863.212457751232,0.3109983999011564,2618.7485312202057,2.368409046763083,0.5384812105106189,0
7467,60,2652.078165563402,38.83900640508644,30.0,3,3,6850.901947524212,0.2603365181800068,2401.319792826035,2.58322022196839,0.3505114817318072,0
39,29,4420.100731702221,,9.375366960596729,3,3,11772.67743135538,0.3308026749028791,4777.850660738623,2.663440981541073,0.4058423148512745,0
7565,31,2813.1072232155993,8.826974006438357,10.09388262094383,2,4,3235.801045879853,0.34660126141818826,836.9035986449996,1.1502586958562788,0.258638768817579,0
5418,38,6146.293482839962,13.03847213542007,15.445118377619554,1,1,21879.732256769224,0.2420192312576234,7756.701930465461,3.5598254977338724,0.354515395318225,0
5661,31,982.0606113167622,5.674144178465955,9.727149840772244,3,0,2433.2010573982075,0.11159744619609681,937.651826894488,2.477648557898818,0.38535731523029493,1
2754,53,,32.05254692892115,30.0,5,0,3000.6199490744657,0.25933741382016284,1788.9862816736447,2.054172033972521,0.5962055548639051,0
6417,24,2990.7450824254083,0.0,2.7106934319698466,1,1,3203.389469597108,0.47402629649061,2187.044454452766,1.071100806424883,0.682728239950115,0
3956,44,,16.852682726606496,21.02108250410554,4,0,6017.31749319054,0.27612001705534606,1627.3452028883648,2.0208773589605493,0.2704436328530014,0
270,31,1060.2887324290282,11.429963238292055,11.039699513701244,1,0,1730.0901368695286,0.4852302701040424,953.2331216083589,1.631716044841903,0.5509730974671438,0
3881,45,2793.13604225973,30.64201762939602,30.0,2,0,6618.289213912067,0.10487780557660094,484.84459490869216,2.369483302559683,0.07325829670445919,0
2883,58,5226.6302891053665,37.524929116981355,30.0,3,1,8618.542656295178,0.40014166708726484,7261.63817589623,1.6489673421630897,0.8425598695148495,0
6542,42,4193.808568558137,19.535273976200642,21.982457361663077,3,1,5563.539169811796,0.46437124603271196,4930.175677589322,1.3266078026362043,0.8861581678692667,0
5166,58,3817.3441046743924,36.729773677136656,30.0,5,2,11944.121346973097,0.15735057530582094,3057.1263477078414,3.128908743738179,0.2559523851859211,0
5250,51,2542.363430339609,27.08037174200141,30.0,1,3,4643.131141951954,0.4682878497258419,1292.7403641384924,1.8263050382736685,0.27841995511568285,1
5766,34,2266.7758629747113,11.337293973431107,,1,4,5227.6215322071275,0.0925870556721522,801.5983823339892,2.3061925166905874,0.15333902375973082,0
6355,27,6317.779737661691,9.910189912814047,14.044886538723365,2,1,14168.271731558507,0.24081195833997612,5730.218101268667,2.24260299027177,0.40444016107519587,0
6223,26,2349.1731969381594,2.140878850396498,3.1839837832852877,1,5,6979.345765968848,0.5496787980052358,2684.5354801679405,2.9709796515069704,0.38463998921756853,0
111,53,2809.285899371163,37.769183163339925,30.0,2,1,5238.074177393002,0.1060637736431001,562.9162131777572,1.8645571739656348,0.10746625460312238,0
3218,60,4629.143983969242,40.0,30.0,7,4,18144.07298452885,0.27488892757695554,1047.1604935135824,3.9195309213456966,0.05771363984296573,1
1391,54,2434.8212284799124,33.36129877995197,30.0,2,2,5358.910203526936,0.3337860607657889,3349.3679320878246,2.2009460657087203,0.6250091538916732,0
2600,30,4975.981967886681,3.560369910871093,10.227919192126343,6,1,8727.836373679695,0.1725518469165012,6435.556582764689,1.7539927656503227,0.7373599030994928,0
220,36,1312.4843534133013,19.35559723561977,19.813498372595937,3,2,4584.569755818395,0.19397549844235187,1780.3882130855707,3.4930471695876393,0.38834357593229646,0
4726,57,1231.8438499380752,38.92286838133716,30.0,3,2,2798.826513730886,,920.4030880889877,2.2720627406400435,0.3288532117205342,0
4828,51,3072.903855724562,31.895898094141703,30.0,5,1,11692.046360265278,0.1473480727249695,2751.742508677609,3.8048851865260853,0.23535165905852387,1
7391,52,3663.0419128175668,31.92344410320987,30.0,5,1,7306.466016467232,,4459.153859710317,1.9946443940214673,0.6103024156494159,0
5724,63,2050.8517202890166,40.0,30.0,1,4,5343.997590781125,0.33408786863164985,1464.7887861325933,2.6057454753618274,0.27409982157542234,0
83,61,2094.52600667,40.0,30.0,1,3,3742.75150084176,0.06667562450716916,1164.5558841952334,1.7869205199281366,0.3111496672790913,0
873,53,1530.070771833141,27.73013192158778,29.71847970797245,2,1,2113.376043893785,0.1901258822258842,502.3454053507338,1.3812276417526754,0.23769806930582435,0
7413,30,2189.931449388191,4.916865331892763,3.505842837247542,3,0,2919.5762317982712,0.30446215335943394,994.4998488269132,1.333181562652988,0.3406315745399685,0
5015,59,1605.7660572594434,33.745064934319835,30.0,3,3,3836.8856964079096,,2286.180970634383,2.3894425212576182,0.5958428662012799,0
461,36,3809.405498758533,14.846241196775445,17.964835375560337,5,3,10598.5395166611,0.1312261520103712,1057.1464584754892,2.782203028823031,0.0997445409165702,0
7642,28,2543.68930007976,8.513540266550214,8.338840819819033,4,0,4414.574938678066,0.27244715625317484,,1.7355008485272327,0.06736836458394348,0
5793,47,2695.044112375964,26.130642455112856,28.72346177224815,3,2,5020.598592829429,0.09950411745496238,2358.326154226019,1.862900339840169,0.4697300751337204,0
551,41,2413.0424468767574,21.232557756225322,22.439779798582336,2,3,8928.23119602887,0.4646155674759389,585.7981808954443,3.6999892843098694,0.06561189647015386,1
3995,42,1585.2879175503965,,26.86008036680904,3,2,2680.853064050478,0.3435018610151651,1319.2767741402276,1.6910827581357968,0.49211081048468336,0
2374,59,2123.466186479164,38.30526942019633,30.0,4,0,3004.143835244129,0.32067068150756367,1170.9652918231202,1.4147358947237025,0.3897833645931147,0
6730,40,1791.4759265366479,18.366903373303487,21.009884808431906,3,0,2605.0237317271785,,2654.0456841620185,1.4541215391955131,1.0188182364090548,0
4205,35,1395.5975098301506,12.270299444780925,14.036541496620442,2,3,1926.77564516112,0.31103853235240964,745.081002289481,1.3806098331284755,0.38669837049304,0
2246,59,3040.0186245851364,38.091044691602875,30.0,2,0,4229.031648281234,0.43226039603818783,519.358625059402,1.391120308961383,0.12280793057448035,0
7531,50,2379.367468671614,26.40149320573886,25.96422478229922,4,0,2574.1999313906913,0.19516259445644113,3391.507446534844,1.0818841415982925,1.317499625875061,0
4556,22,1818.3669788975774,1.542224095837482,1.0,4,1,3552.290403359296,0.057232113719683994,1678.8081454909945,1.9535607743564203,0.47259878975643305,0
2450,52,1691.99353804237,29.485737258867285,30.0,2,2,5276.132828213463,0.2121037665697053,1781.7039827375424,3.1182937225149976,0.3376912675909337,0
2329,32,3406.585151111902,8.16204993556869,,4,3,10782.190354996617,0.28179221293824436,2572.02934578715,3.1651022583355455,0.23854423462253527,1
6716,26,3011.4625842564265,5.446338735133452,,5,0,10290.713420168659,0.18732576409978277,1828.1831676235063,3.417181230797056,0.17765368570467327,1
2146,52,4408.801545257905,33.68490199123223,30.0,5,0,15792.388401137765,0.22721973509996204,4865.878840151322,3.582013896298874,0.3081154488196832,0
7552,52,1440.3970275115157,31.021885262676143,30.0,2,3,5395.82753086169,0.4340179202984689,930.8540830201745,3.7460696098378694,0.1725136835260413,0
4416,49,2884.015617485717,32.450717054561494,30.0,5,0,5863.072917149021,0.44831983239928164,3514.9319245354577,2.0329546350586147,0.5995033618385611,0
7066,38,3234.516489038537,17.13720368951334,20.987175843996816,3,1,8665.780112321165,0.39301187755745187,2846.0401876013607,2.6791578097340527,0.32842284834285246,0
650,48,4587.899043846611,,29.56340624992348,6,3,10922.993469038447,0.294912741429785,730.6668241518519,2.380826902389799,0.06689254426663797,0
7522,38,1356.6353713873411,14.999026935934754,13.893889838532141,3,1,1553.52013314303,0.1761091384214939,853.3664895878657,1.1451272507765649,0.549311509636739,0
708,37,2792.679425557749,16.90060179593295,20.011311652037946,3,0,11118.6501291466,0.21658696621985765,3265.8995341258747,3.9813556928131852,0.2937316577274606,0
6844,30,1820.2115388169327,12.2220357681452,14.294112479734977,2,2,2384.329822428358,0.269280349176032,1637.0272484949348,1.3099190789539112,0.6865775167076839,0
4269,56,3221.0170878400468,31.99957500114356,30.0,4,0,4296.127137215723,0.12064794388676436,1941.3962476958623,1.333779678920184,0.451894505373987,0
4369,49,3898.839173241075,23.927583768647413,24.41006598473544,4,0,14326.897098168822,0.44045506184880834,5247.253497775546,3.6746571124294367,0.3662519149695169,0
6929,64,6132.447936200333,40.0,30.0,3,4,11366.928149983216,0.1579762999705868,5840.758948076147,1.8535710809517558,0.5138379402956613,0
3063,57,2179.2193202586604,34.16877868532547,30.0,3,0,6435.832278868651,,3028.9777005186793,2.953274238640999,0.4706427341905716,0
5378,63,4854.428339979215,40.0,30.0,2,1,11381.744423086884,0.3519264201857954,1046.4037194739115,2.3446106577269235,0.09193702481592997,1
3349,60,2462.935579746368,38.50543584968143,30.0,1,0,3198.712754200214,0.2965493447042586,3165.38828011006,1.298739918536406,0.989581911021427,0
1424,49,5936.152506499396,26.590942921002082,29.7675743161453,2,1,21739.671412635893,0.23661374679678931,3331.3234973831622,3.662249477053274,0.15323706757807182,0
1216,23,3468.037387147685,2.76754645111078,6.998318569641235,4,1,6973.194951793142,0.266780060891648,2004.5730145391674,2.010703511339104,0.2874683740232583,1
6116,38,1525.4763737491048,14.685293355891773,15.551804810920284,4,1,3765.766870982502,0.27458795255222834,1996.3118925361593,2.4685841982118157,0.5301209450640566,0
1924,62,4513.880363836601,37.341753135312494,30.0,5,1,7586.968854392619,0.07399113944598208,2935.1413114718507,1.6808085821627818,0.3868661342628941,0
104,61,1709.7549165951696,35.178209918608395,30.0,2,1,6654.614419798533,0.1036332626571848,2552.5963505832437,3.892145216374419,0.3835829079726791,1
1064,53,1799.7863400633744,30.201441303068904,29.478344619568862,3,2,6488.487060262188,0.3433382344151332,2479.3776280894217,3.605142963821869,0.38211953034075014,0
3786,30,2106.722983347196,,19.345427370004074,1,3,8263.95536019714,0.12190272965448763,577.1945985317053,3.9226587574732927,0.06984483499411547,0
314,25,1678.812024981283,5.664285192969853,7.242928813043935,6,0,2586.482182622881,0.08692931875129536,1959.0560160899677,1.540662173093332,0.7574210366697143,0
1289,49,3770.9691921720005,26.669813544766203,25.966449473614354,4,1,4907.207204575997,0.38920758519960996,2641.784015278352,1.3013119318934416,0.5383477618012287,0
6009,38,3126.7243393595663,13.247378650790578,11.217490937150124,2,2,8494.34677010594,0.1674800783345931,4129.533635078429,2.716691926812391,0.4861508185198479,0
1427,64,2973.192606395112,39.882746595464454,30.0,4,0,4194.000251280143,0.030002554376627785,2218.4287318383763,1.4106049645956897,0.5289529325042936,0
7214,48,1575.966770364576,25.500388504586365,27.747588544002763,3,1,2791.1022975774686,0.4452972154826729,183.8149357518173,1.771041337966656,0.06585746997211786,0
7338,34,1961.693882125126,15.356035539582926,17.576711412831934,4,2,6466.743960292166,0.419366275054554,1105.8603508622887,3.296510234964217,0.1710072886220048,0
3129,40,1387.6828135351664,17.183735535871573,,2,0,2452.214519304422,0.5394480946530609,1436.1302826014353,1.7671289832129051,0.5856462684222251,0
7995,53,2905.236416035512,28.293266831300574,27.29414039619402,4,1,9143.681075564358,0.11484674882219467,2535.1113347028586,3.1473104994470065,0.2772528168636272,0
6479,42,2369.7391386522036,19.55588180639797,22.18354688185723,2,1,4527.36165274466,0.08352725632710305,1537.5633004745737,1.9104894622787938,0.3396157449764244,1
3008,34,2093.2442402913075,13.514636166802429,14.29619017206477,5,2,4366.2134385924355,0.31349519368577794,326.9807196456254,2.0858595258739654,0.0748888537503646,0
6625,46,5326.953504043338,23.97694311726304,23.21187919900877,2,0,15411.794070462078,0.07658531686341928,7634.306020078343,2.8931722529141664,0.49535479031024,0
1105,22,6480.838770399311,3.427236405194021,4.370478184291295,5,1,24749.399473311005,0.198168205357062,9429.162634062626,3.8188574581351746,0.38098551216286064,0
4383,50,2452.8183803827737,29.594543054096082,30.0,2,1,4482.7720402448795,0.11545058594674075,2261.4824907236552,1.8276004762918165,0.5044830454060113,0
5899,62,1923.0809368251983,40.0,30.0,2,1,4755.721573210563,0.29917632909685016,861.5066749403796,2.472970056612257,0.18115162161580894,0
5700,28,8139.854278491071,6.763026380813798,9.983873893251191,7,2,17105.44008080612,0.011562418960768308,1199.333421997149,2.101443035166601,0.07011415177461068,0
7997,43,1295.1033723610558,18.49501990947032,16.6933319947278,3,1,3407.318885719961,0.04264663392357887,1834.5067325835757,2.6309242632178482,0.5384018326761181,1
6953,28,4394.857030389714,3.0733456091658833,4.857817198757262,6,2,14432.852513272504,0.35667042870057725,1336.6692978279111,3.2840323162896317,0.09261296729795479,1
684,45,3544.495475859958,21.617076480857186,24.00443718303352,4,1,14053.557211135547,0.14393581063868977,1065.1577088405857,3.964896360243175,0.07579274719119455,0
6115,39,2634.611495616602,16.12156931185535,15.711686409830307,2,2,7041.2719223950335,0.6381183497847295,3266.8709910360785,2.6726035068586462,0.46396035077777226,1
5160,62,3057.740945359333,,30.0,6,2,9108.635933498159,0.17544873410970951,4342.510553171624,2.9788775753950434,0.47674652767726655,0
2765,27,3683.984821459118,3.7162151320955745,,4,1,9755.8005621485,0.11837068701955146,2329.4977045582673,2.648165243602854,0.23878078377252585,0
4949,52,8526.443250604794,32.49233023383309,30.0,1,3,20405.44553397093,0.13753931909658,12731.506331159777,2.393195490103513,0.623926897845205,0
7196,63,3486.5204626952327,40.0,30.0,2,4,8626.843954390322,0.03404102029313272,3873.103007639677,2.474341982700252,0.44895943732337945,0
4943,22,1592.5212458529331,0.0,4.263381902276109,2,0,3556.6379682311417,0.3740930697602195,1827.1902423994582,2.2333378455659183,0.5137408582825743,0
3682,48,10457.764451212302,29.387434778824357,28.973225807485846,0,2,15023.97381437009,0.27481165944936325,14242.861638486038,1.43663341094171,0.9480089498600606,0
7332,29,4039.590316097277,2.637787748178769,1.1682657314571174,2,0,14722.885572807676,0.3287247408558399,5629.260157652285,3.6446481996302356,0.38234761316417515,1
6883,26,2240.954994646388,4.50354436033926,9.335857973464279,2,2,3858.344843425708,0.353930483777562,3208.0686523524587,1.7217413346734953,0.8314623970998174,1
6942,39,3085.825514153954,19.999939998472655,23.403578187877372,3,1,11732.6880108269,0.23074885385004137,1217.0719344700626,3.802122951220614,0.10373342693055089,0
2451,64,2267.8556402524127,40.0,30.0,1,2,3332.6175015299855,0.32663259267957945,2951.5444276724606,1.469501604237501,0.8856535219890742,1
7473,31,1380.2349407599022,4.248504519660486,5.676785232223935,3,2,1890.7671940362245,0.1925361731013149,928.524109469828,1.369887935886657,0.4910832557273779,0
4334,32,4295.504466321306,2.142005587216479,5.3193738602707725,3,2,5474.261462830281,0.5736105462441063,6330.646194476022,1.2744164290250335,1.1564384049721617,0
3824,64,4763.459571154706,40.0,30.0,1,0,18311.569507005883,0.38975355408972084,1719.4900649255926,3.844174435297451,0.09390183972311753,0
326,57,1525.8773008279243,34.88360385667515,30.0,2,2,2253.0228358569775,0.32522188797674556,1154.7860221892008,1.4765425992211247,0.5125496305721896,0
2652,44,1806.3767363286918,21.64895723395428,21.9606838528424,3,1,1822.7712397445127,0.35962412133116395,661.1718366195078,1.0090759048686275,0.3627289163900679,0
6695,53,3331.122023533202,31.633833932612447,30.0,3,1,7469.29594175646,0.1663849036817996,1132.669466470968,2.242276292789192,0.15164340458635148,0
7743,63,5839.494092155338,40.0,30.0,7,1,19725.400873746705,0.4407510288953447,2823.4674596948526,3.3779297594025177,0.14313866054061866,0
2176,56,2278.047379834255,35.63542950004024,30.0,2,3,4092.2729473723043,,510.3656793994432,1.7963950107438273,0.1247144767621512,0
4405,28,3977.1941377161434,3.9917705511436976,7.6704882764475615,5,1,5252.634277898473,0.3380261169158004,5197.186843792747,1.3206884290830057,0.9894438806944865,0
4740,60,3529.2835554969024,37.73099041164221,,1,3,11643.422213714855,0.4911099705450783,4919.933319957623,3.299089469753736,0.4225504520623159,0
6930,30,4571.153560618422,9.972785760880472,13.300175455097015,3,3,17952.247714238798,0.10263522157627099,3689.5830809163526,3.9272904478426836,0.2055220683028992,0
3318,42,2608.3961949971886,15.878668821285455,20.724796804908536,6,1,6805.716307843652,0.0755178229289409,,2.6091574281916126,0.07914914661584521,0
4746,63,3642.7103794430855,40.0,30.0,3,2,6091.171331164445,0.37980799953367367,2189.5130272998517,1.6721536154888306,0.3594568118774758,0
4180,40,,14.399280177956392,15.70248626626955,4,2,10515.885689114164,,3852.2738097323795,3.985830322662765,0.3663289924994313,1
7895,46,2805.6674770577147,28.584563198146764,30.0,2,1,4605.516482511779,0.26206250498658845,2506.4300249798284,1.6415047471489936,0.5442234404105007,0
2787,62,2946.601005218051,40.0,30.0,4,3,8378.325771321564,0.10204012777775263,1776.9592403698161,2.8433865855895077,0.21209001522144508,0
5462,51,1116.577640704955,28.27337417661702,30.0,3,3,2462.478237731036,0.01727316726105524,1147.0965925239707,2.2053802153662527,0.4658301441806537,0
4189,47,3359.213794465272,27.192189046246263,26.361960227204598,4,2,4981.4773538347545,0.7105314794730699,4311.538594159602,1.4829295360844155,0.8655140408980417,0
1676,49,2881.6663312420947,30.341677753584076,30.0,3,1,4939.383253249136,0.4102341400193541,1141.8119488208413,1.7140718894821165,0.23116488239088456,0
7168,22,,0.0,3.7829940690416386,0,1,3988.69741500414,0.1004256472827232,1332.6963106715993,2.6369065654050297,0.33411817744270184,0
348,47,3165.959129911025,24.45061041616198,28.56568749659385,1,1,3343.402295439014,0.33169694380619247,1360.5018468459018,1.056047206627388,0.4069213712935068,0
6792,31,1779.3163422799842,6.947297097712376,8.623024211778013,4,3,2409.683098648221,0.084612196071317,393.09171215047184,1.3542746960669716,0.16313004493038424,0
3226,35,2332.5317505889698,10.938048570880206,17.431993387832616,1,1,8966.964068598303,0.047660860398307414,1600.6915329440687,3.844305256009537,0.17850986361700516,0
6160,35,4658.288826154056,9.985277841159633,13.786862973594983,3,1,14994.377602137341,0.29126433143376257,5884.798119673356,3.218859577351904,0.3924669816794877,0
5099,53,3287.014614891024,31.611492202158296,30.0,8,2,5842.628565400156,0.2086094025168623,3823.2361379900535,1.7774878575019233,0.6543691927690091,0
1626,46,2576.750466766,27.230654792407876,30.0,2,0,3427.6270272670745,0.39158775379512956,2566.093632111944,1.3302130227491462,0.7486501920128542,0
4885,33,3772.0828501512783,4.385362798291437,6.854046203266855,4,1,5324.97140874811,0.4006933668963955,4684.285025522636,1.411679334809561,0.879682662300698,0
4094,34,667.6379361153653,8.657630263038975,9.483590692776765,2,1,2514.7993205874236,0.1307787565222884,480.83712782271493,3.7667112435517383,0.19120298144123793,0
5784,27,2548.639964641296,7.179331799537592,8.219038586773163,3,1,8380.817795617048,,682.3255832274326,3.2883490457219566,0.08141515540216987,0
2369,24,4358.451587716316,0.0,1.0,3,0,13744.519868855929,0.39337015164887684,6526.253521699799,3.1535327609449486,0.47482586397854537,0
871,26,3929.9646278977034,1.079144767706059,4.079332893976793,5,2,12284.720299414479,0.35438832311343144,3222.3566852878594,3.12591116271346,0.262306068575403,0
5746,36,1261.7698461933664,18.803547537871143,19.151290070289413,2,1,5006.04960315183,0.31297801843942596,1628.5064591285663,3.96748235682964,0.32530769533391196,0
2217,51,5348.672578566815,31.870419882427584,30.0,2,3,11436.532444701805,0.21914685884262436,3263.8683017612593,2.1382001378305047,0.2853896771195984,0
7096,59,3571.412726608291,40.0,30.0,0,3,6117.75368937291,0.3958041482823859,4935.172960784204,1.7129786327392174,0.8066969040216583,0
2218,36,662.3204382032834,17.665530043088005,20.825398706392136,6,1,2106.0503119517666,0.2752446355620222,505.309762498453,3.1798057110618183,0.23993242688972652,1
3326,43,1936.573799975354,22.966446821733207,28.552729393442025,2,0,3982.7344057284927,0.14035674335352613,1228.181730425623,2.056587983261562,0.308376508526175,0
6774,26,6630.162239436356,4.526871857947249,6.7863752336102205,3,1,23508.368554219054,0.2048828365623802,,3.545670182004106,0.3759965644327199,1
3583,41,4158.489876017931,18.16281956134837,18.561484572708462,4,0,12255.250803547659,0.3122153237699053,5236.699618704716,2.9470435588226054,0.4273025254765731,0
6281,34,2438.5775038694946,8.504507166552862,11.050723629128239,2,3,8094.967115029338,0.1777711330222855,809.9459874340376,3.319544735479753,0.10005550064931946,0
7086,61,8858.517925404922,34.94996610382039,30.0,6,4,11428.283524112227,0.06933881256816615,12624.752626494019,1.2900897893244192,1.1046936838640198,0
2121,24,2955.4119366353398,3.317230207740597,5.580564240961231,0,3,8627.917166739453,0.05387108971781094,1873.167150006965,2.91936195417892,0.21710537013823084,0
5058,45,3135.4619549955955,25.915072178714432,29.445690411629627,3,1,6172.561372443154,0.1726888012448817,3437.7559567662097,1.968629012579368,0.5569415594818972,0
136,62,2130.139058405164,36.6918278815617,,2,2,7295.436781977983,0.23742315984166285,1944.3815613202512,3.4248640966379345,0.2665202399016716,0
6280,58,2359.636525533133,33.52012636939657,30.0,7,3,7339.155963730717,0.5334721401965111,687.6273657830819,3.110290879258414,0.09369297630153371,1
85,35,1562.3533964123033,9.038692115033186,8.87425203596736,3,1,5614.923347792096,0.32386834630320627,1706.248004342665,3.5938881438001653,0.3038773458970899,0
7471,25,2405.2649323753185,8.874842559595074,8.53879274553111,2,2,8917.83546519568,0.4660401048828584,,3.7076312655458183,0.3925653000408079,0
1877,51,2637.5697050889025,32.20494661005758,30.0,3,2,4261.173596735654,0.5263209436975728,2624.413575145921,1.6155681453704087,0.6158898518371555,0
2801,26,4311.9077230593075,5.207855194027381,4.5068972824561815,2,0,16946.75746350957,0.2041779105816505,6220.369844323479,3.930222665221094,0.36705368904449276,0
3671,37,1901.0547010706418,20.125694103077898,24.170340551315725,3,2,5695.562322455661,0.2605877404208934,1705.2786306670664,2.9960012824712603,0.29940478817056115,0
6149,61,2327.7966738013356,39.62969395174681,30.0,5,2,5204.469395529448,0.5015928178108937,2014.3420467788708,2.2357920921978343,0.3870408092915595,0
6321,34,1775.0201955055172,10.622431560733714,14.428211191773425,4,4,3605.167830008637,0.043534564406057324,906.9800874094453,2.0310573587484746,0.25157777118167407,0
2640,24,4023.561026790542,3.3516737221366757,5.373141501897291,3,1,10064.409528772354,0.16638560621798074,4012.803242361148,2.501368678580822,0.3987122375027823,1
6855,30,3451.597515920719,7.874399910450988,10.923111440588123,1,0,11317.076026836226,0.12094867054777954,948.8729411627339,3.2787936526884938,0.08384435510662541,0
7326,51,3227.738357958324,30.818769021703545,30.0,2,0,8320.732612136233,0.17576106355556828,,2.5778832387763413,0.2071969810193632,0
2880,47,2164.934291114623,28.065690405654816,30.0,4,2,8272.180944750331,0.5317429629725237,1198.8885995596304,3.8209847655428715,0.14493017108389847,0
6551,53,2250.1808322543725,29.223028436068407,30.0,3,1,6536.115018742838,0.2042950774254049,2504.27054143201,2.904706557381234,0.3831435851803115,0
494,49,1700.4109429268547,24.94250037257552,28.359047255847383,4,0,4887.336151914643,0.28114120014770405,219.7909927949825,2.8742088330143605,0.044971531722629327,0
2019,64,1939.0402579551967,37.69349371638736,30.0,3,1,6542.9147265917745,0.2727829312197923,1324.9637448062074,3.374305767891362,0.20250359360810213,0
5144,48,3253.5581530138093,29.036926542171436,30.0,3,5,10234.279764115552,0.24760559356992334,725.459571534923,3.1455653419427643,0.07088525897822351,1
2525,45,1284.824992128062,19.35653731748294,23.611414082275285,4,4,3977.2589738692695,0.08184320549818523,1153.0291766948314,3.0955647642576722,0.28990548120458676,1
4810,44,4432.534479604962,22.74505299360891,25.039316741124473,1,1,9658.554458971976,0.4079526005037439,1225.1428010401007,2.179013948659181,0.12684535830328597,0
4099,36,4922.034167387671,7.505196274343348,12.125193850809994,2,1,14561.643523937566,0.05906804726104098,,2.95846047157085,0.5028349394113352,0
6193,56,3081.806694109601,37.16395447753836,30.0,2,3,4231.102672965345,0.43306833122072325,3485.1421652846734,1.3729292888656666,0.8236959569790187,0
7421,24,2536.1738161355693,2.3511749844730545,1.9736095204353066,3,2,9160.180012898461,0.37267896889058766,3316.679041031844,3.611810813052259,0.3620757492059789,1
1270,41,,14.143264909082442,17.245280572749657,3,2,3535.673293002697,0.19802681654760496,1832.1008179204655,1.2728330141452626,0.5181759359798032,0
4594,57,5740.9209528530355,35.44574399444721,30.0,6,3,16254.575411849248,0.5279235176815368,3121.366009459684,2.8313532872755016,0.19202999342476046,0
4527,43,2675.0995453664045,25.241435466683797,26.873786620412265,8,1,8439.101130977208,0.3899617190040924,3198.5077637157174,3.15468676505693,0.3790104792055437,0
2895,39,2334.68130827773,16.89573237786061,17.342400587603866,3,2,7048.478736212057,0.6328652354575175,2837.564543926116,3.0190324954508014,0.4025782938590604,0
6182,51,1728.9199614414786,28.277243656437896,29.40007740810353,4,0,6347.196631183612,0.22544284593356684,1953.0702014601486,3.671191710859575,0.30770595507704385,0
7368,32,4071.382299517785,7.180377928777137,9.314907826004168,3,3,12478.45596250937,0.16257968860865685,5067.975108400631,3.0649187535121225,0.4061379968504918,0
618,26,976.4426836559301,,5.840455405265839,4,1,2467.05264648809,0.4345897849119158,1383.373725600419,2.5265719000024864,0.5607394424961646,1
6853,31,1776.7317207249362,9.462645549219049,,1,3,2942.028214498643,0.08527875086675747,290.5741327989947,1.6558651934790958,0.09876660304174276,0
3425,32,2343.2187438900482,7.803422469057103,11.747754688063496,3,2,5970.016859817581,0.28778651222596974,1331.9661891062972,2.5477846980289067,0.22310928434245605,1
4436,37,3396.710122005542,11.748819447932247,15.162954602015398,1,0,9352.668920651407,0.047497746723390376,858.4312093612004,2.7534492449209207,0.09178462497113725,0
7847,34,3351.726420705917,14.37769741029481,18.209178963648892,1,1,12332.802194879436,0.37381545122449616,362.77453652257395,3.679537243460935,0.029415418393169194,0
4994,37,3510.542608117581,17.496532172155234,20.821171354642985,4,2,10939.537128776929,,4461.401327269079,3.116195514471455,0.4078235920542898,0
4367,42,5381.733996031128,22.013184975331306,22.71547350016357,4,2,13788.045205827268,0.4570971134160923,5652.686510934411,2.562007935731411,0.40997011734088346,0
4030,43,3050.335765461029,26.42594572438294,29.82916958371673,2,1,5649.924552862675,0.2665275946682133,,1.8522303730745993,0.2673516117502701,0
4776,40,2360.730911467878,17.22049338752639,17.590296039412266,2,3,4985.059212866599,0.13201041364632382,2847.7714409011405,2.111659227508883,0.5712613068970074,0
1413,62,3861.0267312035617,37.1984218974138,30.0,3,1,14074.984012425932,0.5109498686987086,5117.100187390694,3.6453992661269323,0.36355992894010564,0
2201,43,3453.9943785468868,23.942692105150538,24.87850078641563,3,1,12193.178995273962,0.25961581515138066,983.2796838805488,3.5301675853924506,0.08064178211946736,0
2001,31,1231.4122177515246,12.122522522316483,12.74626063593024,2,0,2939.822710679004,0.16016554294830437,1009.9943090522205,2.3873587319499894,0.34355619656361674,0
5982,34,1592.8578178486948,14.893915861604851,15.442940552254763,1,1,4063.94645499785,0.39552443221871403,1829.6543622335994,2.551355437666492,0.450216158725095,1
869,46,4403.225092203205,23.751969969420376,26.441152025981467,1,0,16239.017817022617,0.3407942770755995,2673.5371789040128,3.687982666563438,0.16463663067734716,0
2358,39,3223.0086101834463,15.775001826892703,19.82758928315477,2,0,6818.802450597831,0.31833562756027145,2195.9946323030326,2.1156637401008123,0.32204989779554344,0
2006,41,5249.02762790085,22.828969050967782,25.89080857305371,1,0,15105.558707497587,0.27110209423411114,2233.5073329125216,2.877782282418369,0.1478599617638723,0
3090,40,3275.581838181517,17.489118180774305,19.73231348429084,4,1,10370.98000043995,0.41786271366032574,2693.286525391802,3.1661489508677754,0.25969450575331837,0
2321,54,2990.476881584896,34.3020122398977,30.0,3,2,11405.014354772491,0.3326050089139909,,3.8137778041367265,0.2992027494289702,0
5558,44,1684.9169557228158,18.081762346756733,20.59573087160295,2,2,5273.205704082566,0.07599639322702904,2317.532238921438,3.1296531773700402,0.4394920981609313,0
356,63,2357.916031316675,40.0,30.0,2,2,6945.647267631336,0.47491871627116783,1475.7430143382112,2.9456720151959117,0.2124701928379789,0
1162,52,2833.3000217884432,31.014607916613723,30.0,4,0,3558.1114385058627,0.13089520061905044,3765.906356435083,1.2558188018012657,1.0584003400456954,0
6089,41,1610.5994802302162,20.566493465101644,23.13309184431308,3,1,4662.673068463338,0.10064438738388365,1525.6569049419966,2.8949922843616362,0.3272064934728101,0
3064,23,3875.143247617275,1.4009494134173968,2.187065831354624,4,3,8356.209903200308,0.09346739084138031,1661.6671631690401,2.1563615508506233,0.19885416742973935,1
4046,23,1966.881205538279,3.239215158951062,3.0625886774280806,1,1,5566.099293363298,0.04825606129684664,2168.3195187314914,2.829911271555425,0.3895581814928945,0
3161,32,4361.548309610832,11.001605498324471,12.233483669362116,0,4,11062.920252207896,0.34858485547095286,877.171865722909,2.536466288320215,0.0792893599271717,0
3770,40,1661.4718884334538,11.530996267633874,16.00494932443081,5,1,2211.1338898700374,0.279489649808467,708.3024163967572,1.3308283488051318,0.3203344761896751,0
5041,38,2880.4434935778527,11.594835703409556,13.413763591513156,3,0,9950.31981807062,0.11738420688547127,1777.4584367211025,3.454440206952695,0.17863329714217707,0
5055,51,1487.8949346757151,29.040145729360514,30.0,2,1,4099.425200266505,0.49261717029251295,854.3422676966387,2.755184593164819,0.2084053802569925,0
2607,33,7995.931754511266,14.427952057887374,16.975329099614683,2,2,24352.52812802991,0.2950811320952521,3016.0380521524253,3.045614804589888,0.12384907375103067,0
7886,53,2593.98817212588,27.91288307292353,30.0,6,3,8638.453820623097,0.5187978524648234,2223.6223651712457,3.330182424672943,0.25740976468064913,1
1890,25,2478.7485916811174,,5.180081552519529,2,2,8125.489000242602,0.057421932116526624,2040.199408680763,3.2780609649209307,0.25108635414063685,1
579,22,7283.5092000801005,0.0,3.386665771479663,2,1,25080.254729955792,0.5130926230487258,8517.267462810767,3.4434300885732347,0.33960051660232,1
2319,45,3969.7148562309794,21.791347385402194,24.155328036638675,2,1,4987.334931792452,0.548026522926814,5518.751993911239,1.2563458869002107,1.1065533134201988,0
4326,23,3212.6979205415696,1.301042775254058,,5,0,3672.6716937314377,,3002.4274508746803,1.143173676631362,0.8175049939800667,0
6813,55,1952.818728336786,29.658680839642575,30.0,3,1,6599.089593915286,0.549711401766275,1405.4249060825414,3.3792637781263624,0.21297254508840407,1
3563,54,4817.625815601882,25.275831238237977,29.450653923397475,5,2,6330.457108687066,0.13393360730576057,4859.229354540951,1.314020090183401,0.7675953364999188,0
1691,27,2282.7443132051826,5.339414621893398,8.635852154643642,6,1,6280.895843263335,0.3634600316245779,,2.751467085879794,0.3511182374460172,0
862,60,2384.8576943167686,36.98942547738635,30.0,2,1,6648.594478175464,0.569047489175346,2937.7438254354447,2.7878369824830163,0.4418593787121204,0
5433,39,2067.837341889997,11.070066485054996,14.326212962577301,1,3,3313.7146185807374,0.37842507332015857,2675.4961918508297,1.602502552522827,0.8074009079866823,0
6560,46,12879.238381509367,26.391194914411543,28.691071513649526,3,0,23229.587136606595,0.2601968552355823,15314.311823702614,1.8036460269232342,0.6592588896928517,0
2380,55,1964.595251180912,29.25377113967491,29.70589908485571,2,4,4384.245125657322,0.4402069261107731,618.0836483351261,2.2316276714106715,0.14097835103197107,0
2378,59,2240.1308705677334,35.796051111217054,30.0,1,4,8132.567571564403,0.1985329117854271,527.882179589492,3.6303984193134684,0.06490965798246016,0
6947,43,,22.798832690597603,22.8421348850408,3,4,26723.689944368754,0.1843982990084371,7683.94669057826,3.999621608710947,0.28753314780159805,0
3792,26,2344.4798955663505,6.334874875775429,7.698500567119876,2,2,6418.298760834737,0.3793656213337762,2092.2906337706077,2.737621582071312,0.32598835170123697,0
7826,49,6060.593490500664,28.19244732645943,27.76206621858682,6,1,21665.49871631291,0.4246015339826721,1708.4844824177874,3.574814702598232,0.07885738079647314,0
5939,24,1428.8809551641789,9.799937627732456,,2,1,4227.10868061348,0.4857706548737674,1268.7345770470247,2.958335098061254,0.30014240770901907,1
3306,62,1339.6373849755073,40.0,30.0,1,1,4570.154754935905,0.3060471627570871,1764.808460235742,3.411486426246205,0.38615945298782184,0
7261,37,2416.892454210315,16.977054355199087,23.342316227347492,2,0,5901.115548532091,0.2621176772302111,1399.3393437407497,2.441612798389987,0.23713132410851315,0
3499,21,4873.549960031886,0.0,1.0,1,4,15777.934606813842,0.09044695862488114,5806.082249701157,3.237462370594147,0.36798747075512334,0
4391,34,2237.306796980813,15.89490926387952,21.311111984435897,2,1,5588.665761313856,0.1171587634921047,,2.4979434062666837,0.20124615392805045,0
1116,27,4107.372202243475,11.13489763622422,11.09720455465196,3,2,15019.652314937055,0.3785669386784981,4156.718749343041,3.6567546293304556,0.27675199546458085,1
1541,48,3186.9150496303714,27.141012774340297,27.210466336696626,3,1,10154.804810562711,0.2947058404957471,2993.174151657712,3.186405866620291,0.29475447411301353,0
6125,36,2270.6588172947436,11.960803457425612,15.052390468390936,3,1,6335.362216532474,0.07841425143678771,504.3874240842907,2.7900987009930476,0.07961461505201142,0
6167,37,3640.723913301217,15.28757064089835,16.394923056089166,2,2,10069.849040293258,0.137380793062164,,2.765891970963118,0.4228047355492731,1
7362,32,3835.3941753487697,15.588943267932788,,3,1,11150.57179755632,0.38769780937989573,2489.1927685659675,2.9072818301765158,0.22323454023330724,0
7985,25,1554.462616172704,0.0,2.2475549976588987,1,2,3289.906094838369,0.290997902244588,222.54936940884983,2.116426641985486,0.06764611602684166,0
4420,54,4181.068484160165,28.473344313217357,,3,1,10806.993999659178,,3464.1577723915166,2.5847445552736352,0.3205477649474744,0
5416,52,2158.7220665201594,27.418705021988902,30.0,3,1,8439.346841267718,0.229175381197617,649.8569577073921,3.9094179710090557,0.07700322903303898,0
6393,61,,37.30870254944007,30.0,2,3,3587.211137674387,0.11980248929358431,911.3314914884915,1.2719677700386232,0.2540501399310758,0
3661,22,5599.2708157432435,2.4747569440079777,4.860996893185096,3,1,15490.435280272028,0.19093691673389573,3458.326902293545,2.7665093884579037,0.22325563095686057,0
4529,23,829.1990711050452,2.425596828296487,2.3173831996587424,7,1,2057.7484508879393,0.3973875813869508,344.7745991172179,2.4816096913201418,0.16754943927594462,1
5365,33,3389.1042950634805,10.432969941528839,10.344403475499107,2,0,5434.999558440528,0.12416393829041378,428.90246670457884,1.6036684283682472,0.07891490368908961,0
5228,56,2294.956650247563,31.73232328734085,30.0,3,5,6492.830206649592,0.44843248530761903,1848.5452397401318,2.8291733553874288,0.2847056184908325,0
7836,63,1253.4947418900992,40.0,30.0,3,5,3528.1969590667577,0.5639655384811841,1535.9964297149406,2.814688280021596,0.43534883328090235,0
3365,31,3850.1711712606993,8.343874904995436,7.674684250218972,3,1,15226.935117718855,0.35687200561035354,5107.284445134154,3.954872248636403,0.33541119113268253,0
7494,37,3737.8809546647067,14.392317645889456,19.94409034012388,1,2,4356.930101175144,0.10634436516964055,4958.101666365334,1.1656149979142305,1.137980539331591,0
2500,45,2195.2345115553653,30.94671086415788,,2,2,5942.5917959405715,0.5462571666284868,652.2238388796327,2.707041896735731,0.1097541041478184,1
7077,29,959.6824443176125,8.953444933915955,8.237296081561805,2,1,1007.0726901237027,0.13781380609748692,945.6483200376032,1.0493811740401142,0.9390070144007633,0
5102,35,3389.307614358026,13.61612198955271,14.40007671717482,1,1,5038.202719965771,0.36656148027954083,4369.444966377834,1.4864991004719013,0.8672626349595396,0
7920,45,1383.721094672029,23.10289602251783,25.517433462245386,5,0,4145.40952477152,0.18925824485557044,1201.9791014480445,2.995841821544297,0.28995424800986175,0
4284,48,2618.0303662646375,29.71951007664539,30.0,2,2,8607.817971610579,0.09398407956226415,887.8297933271208,3.2878984455371585,0.10314225931069522,0
7107,43,2388.550470536476,18.120448569632874,21.62301147681404,5,2,8523.756878543003,0.3395353081716828,2509.94596622927,3.5685898136490035,0.29446475327652755,1
7884,62,2594.339746917486,39.70778983728327,30.0,2,1,3927.8976035174464,0.23354089088931002,1289.1841349631966,1.514025912829826,0.3282122562993311,0
3809,24,3102.9944975646617,0.2912386736225254,4.224343215075425,5,2,9997.665262144232,0.2546707552734158,1812.2232656800538,3.2219410218067575,0.18126464711135773,1
6725,46,4368.064405765952,24.85146775347124,26.192934804615806,1,3,5872.681371191633,0.4215104237892616,4762.680181813554,1.3444585119760482,0.8109890322292681,0
6036,46,5479.56655998064,25.000207450571374,27.45108417210259,0,1,16098.951949447526,0.44522675649632304,7509.062503526216,2.937997334866648,0.4664317607199211,0
7109,24,2194.5522780801507,1.2838918204946321,7.118882767506214,2,2,4011.4177891305103,0.15515438801368378,1098.1426336407192,1.8278980315018054,0.27375424135982246,1
7622,33,6842.093343632412,11.027037086263999,13.219927387941054,1,1,18963.9722206658,0.11826819494685545,10085.031931333304,2.7716623068749278,0.5317995520128025,0
4350,53,1589.147799767883,,30.0,3,0,3014.9620109422376,0.3952941868380286,424.70312673159555,1.8972193847435803,0.14086516685457906,0
7439,37,4163.416109749662,18.724110894673228,19.989189616790974,1,2,9552.662133230391,0.10305438740913227,3462.810909832917,2.294428873169916,0.362496952319396,0
5960,21,2512.7945712394176,0.0,3.6447246259864565,3,2,3199.2530027368516,0.21238350352177984,2709.3498181816917,1.273185257304517,0.8468695085583839,0
5331,45,3039.7209992570756,26.300857487247548,,2,3,5465.867057080329,0.2264523330323474,567.5200991092657,1.7981476123684432,0.10382983947151007,0
7668,29,3592.5955194174544,4.831363813752452,7.906894862741961,2,1,4837.9477516574225,0.06357459521437572,5139.187515140512,1.3466441533729643,1.0622660224844074,0
3667,55,2431.8795506760557,33.7981320736838,30.0,1,3,9606.010489456696,0.27713081761119157,1217.0235213945707,3.950035472269279,0.1266939613203987,0
2052,41,2070.3303892243034,22.292291826523115,22.766662645142393,6,4,7791.498863783182,0.35344059128709676,,3.7634084416364315,0.17143259734093297,0
4254,25,3031.109210441199,5.413501103031942,5.536850314520207,0,1,8565.539150439234,0.31481984532685536,1554.5665916378916,2.825876125127296,0.18149080452900326,0
1776,26,1560.105388009954,6.771720253788317,10.683477849075393,2,1,3041.124416904057,0.050469582416732335,1363.4093671621872,1.9493070405860644,0.4483240999887052,0
4502,48,3334.442596906287,24.96236719998799,26.818654783597697,4,2,8955.240112652744,0.03722922801218581,1520.5402119697212,2.6856782962650074,0.1697933492393319,0
3313,29,2390.6676816951067,9.584122549790434,9.51298689527837,4,3,8135.904905533267,0.22761870877183576,611.9212450538759,3.403193579696736,0.07521243821786872,1
4919,33,4940.903528962698,16.48361635152127,18.59039304627015,1,4,12406.667615598897,0.3752775553785263,3777.065387635944,2.511011911662152,0.3044383475613582,0
2536,59,3466.4557034238383,37.342829021218954,30.0,4,2,11103.843077937712,0.31218680424992384,4554.166227723257,3.203226588751843,0.41014324461878926,0
7713,21,2571.4364789071874,0.5726263685179818,,4,1,4420.973898458663,0.11971706404524185,1772.6116788396237,1.7192623402221836,0.4009550202179729,0
7060,49,1899.7210260370457,30.843550669485523,30.0,2,1,5042.415848297574,0.3401086924108684,2695.6606168053827,2.6542928036209688,0.5345970459210528,0
1592,50,2229.9832409494834,28.44262721929371,,2,3,2710.857735581205,0.3058838431814619,882.1442765871321,1.2156404074261,0.32541149799511754,0
1723,37,3524.7388552999337,13.636984200853062,18.494985615236136,4,0,5550.506489992497,0.4891100659746558,4844.717670115242,1.574728431766382,0.8728424475946862,0
3509,51,2009.7052477085765,28.70292118193584,30.0,3,3,2093.592643137527,,280.92768489731714,1.0417411436451176,0.13418450137286958,0
6950,32,2498.334122000286,4.7824817338664865,8.926571823724789,3,0,2514.513966144575,0.3499486238512572,2164.4826832559766,1.0064762531167508,0.8607956497353282,0
5874,22,3061.3214550876864,0.0,1.0,2,0,8826.024842949038,0.17471663354521916,2466.1252406210438,2.883076792958429,0.2794151709861988,0
2611,62,5071.754581541112,37.90792398402412,30.0,2,0,10674.128794072842,0.6857702364580037,2986.6059219170243,2.1046224974926493,0.2797985652539095,0
4148,61,1578.4720488515052,35.448795594390724,30.0,1,2,3161.521551274465,0.26281018313295407,2315.2632746572926,2.0028999269101946,0.7323256340681813,0
5456,51,5400.137899998425,34.26054600787014,30.0,3,1,8866.543668663959,0.19348815398751743,840.4962362682527,1.641910601702698,0.09479412358151748,0
4322,30,4951.968472043391,8.516436225986807,11.174549119828905,1,2,14573.214327457443,0.41357416915184697,2882.1985116427077,2.942913390852814,0.1977736995339695,1
490,43,2781.5435129884204,25.098491256105213,27.899012502271315,4,2,6334.157970855264,0.11141556131937622,2033.1344209939277,2.27720973670838,0.32097943094390585,0
6733,46,1520.2682758835629,22.670337549456875,23.371725370905178,2,0,5889.28177704401,0.20943447245549077,910.2070244558493,3.8738437619644635,0.15455314568302195,0
3483,58,4258.366427068484,39.4943619744785,,1,3,6316.182721953112,0.3547548799603855,2907.42700546954,1.483240775571598,0.46031394806933246,0
2910,47,2525.4274241724934,26.15610673350789,27.197237981558374,4,2,7199.894184382151,0.45290358200686115,1887.7224907499262,2.8509606395603866,0.26218753253967697,0
1006,62,973.3421791237638,35.17147810772978,30.0,5,2,3021.9253717383003,0.30245640929624407,783.395925727423,3.1046896318196566,0.259237350152294,0
6389,25,2914.533067521718,8.467334408512196,9.09802395727157,0,1,11631.6953195283,0.09376617215519002,533.0438949170109,3.9909292672458676,0.045826844692371756,0
3431,50,2829.7906232127675,23.94119178423785,29.55447628385009,2,2,9400.202523904652,0.5047364267844923,1234.5516772201472,3.3218721013472896,0.13133245524026643,0
2503,56,1729.5782878225536,35.58476079802722,30.0,3,0,4819.405581819872,0.41417254469899173,1242.9295419814482,2.7864628133643174,0.2579010047774608,0
7435,34,1906.027586509828,14.39093997765022,15.583559144742283,2,1,7262.645569382463,0.2042941984819905,1552.565633664271,3.8103570067845993,0.2137741156211048,1
5061,44,2131.9006648707136,21.043210081149926,21.59883548593109,5,1,5980.834979606865,0.4075338090889996,3009.851104970845,2.8054004007590874,0.5032493147250636,1
25,32,1664.4602695689744,7.054608026781954,9.48535363302844,6,2,6558.690484555638,0.3694707816395231,707.5356359481096,3.940430783760351,0.1078775767227025,0
7122,44,3371.9789440783256,21.324483660662633,22.356742279528927,5,2,8778.09463718216,0.40770871162910843,3692.1066238754875,2.6032471681348253,0.42060455901631566,1
2409,37,2043.9955996010392,15.736128785337254,19.084115900657917,4,1,5346.271383878488,0.38479252751855864,2958.125518101793,2.6155982845178385,0.5533062775342693,0
3270,39,3412.785334711669,15.561253753307584,18.899025936705687,3,1,5702.791056139926,0.0673371679621404,2559.422040577946,1.6710078416408014,0.4488016508727489,0
1552,25,3121.2313187843224,4.291386646655705,8.390675727053804,5,0,5053.350300633686,0.11296002115094894,4501.204228107379,1.6190246042391687,0.8907366321988269,0
6874,29,1492.9065776804496,6.430596823466444,9.691768063731347,5,0,1990.9669565056286,0.1473490991272923,936.3512547124094,1.333617914390211,0.4702997463884641,0
5990,52,1517.8459724020806,35.87187377209687,30.0,3,2,5695.391988755348,0.09511854729127382,1560.6318055859736,3.7522858658326546,0.27401657492007475,0
3871,23,3251.2061856196597,7.320036821109366,7.2814239244911505,3,1,7532.487321151863,0.3416309206514886,,2.3168285525749326,0.39792611350980933,0
3402,28,1283.12336839731,11.771097405890446,12.225688883699666,2,0,4945.081099951959,0.09967815317369949,1139.933131095457,3.8539404875219683,0.23051859171865377,0
979,62,,40.0,30.0,2,1,3149.3328447862746,0.288569448437334,2254.5517458719755,1.4343452190015686,0.7158823334930728,0
2655,38,2825.617581197433,11.063686485214607,16.72675259534089,1,1,9096.62453757325,0.4270239396742019,940.2240788664285,3.219340295058012,0.10335966654255871,0
1847,50,,27.218200514118216,30.0,5,4,7379.557469928932,0.1132183312537426,1335.0838073860505,2.3816608190487045,0.18091651333110464,0
5227,52,4638.963289330287,31.082773489167987,30.0,5,1,18521.156461218445,0.2642544962235618,728.5207145876483,3.9925205926542886,0.03933451542905012,0
6865,42,2353.5899175586896,22.012162128130697,20.40303720618664,3,0,8646.79724442982,0.32992915082127217,2561.716646129072,3.673875886330653,0.29626190758425663,0
4705,42,2539.623909495117,25.018141491526208,28.143423674986106,2,0,6669.567584591963,0.09316487603751039,3160.0231764946184,2.6262028639972477,0.4737973094080199,0
5953,58,2761.0179797892906,35.74381901816104,30.0,2,3,4435.34722035337,0.5896158504731276,,1.6064173622990523,0.3751588211563812,0
4745,36,5788.19259141035,16.946073682696543,18.72096001813413,2,1,7622.110091643618,0.35496684101119,7838.33978563043,1.3168376779575013,1.028368744532288,0
1102,46,1853.5875487245876,21.226927094747086,23.242164101520235,11,1,2873.2621577544824,0.13821646773553264,1424.3167116643808,1.55010868503703,0.49571415118539536,0
3276,63,8208.052621575927,40.0,30.0,2,1,25420.046921572335,0.2141852327114215,3261.4734264372814,3.0969644193986348,0.12830320244883112,0
5643,49,2047.0079771576688,,30.0,1,0,6323.0802197998255,0.17202498396738888,2369.69678934484,3.0889377522502914,0.3747693698277735,1
5948,34,3226.6616797844868,13.269592523575527,14.043094226674556,5,1,10554.742283379619,0.21547128429172407,3085.733171302328,3.2711028706562706,0.29235514126776757,0
7754,43,1586.1849381039372,23.2805806658991,24.664008905758667,2,3,2091.6365792306724,0.21997863792059652,2069.5239544716223,1.318658706803087,0.9894280751356991,0
3996,41,4039.1434937272493,17.281671962909066,15.831314590081035,2,3,12660.454429863054,0.5357825077330419,4201.727238091077,3.134440370718351,0.3318780744694428,0
194,37,5681.184036236861,21.574610278987286,24.468302940657395,3,1,15022.83481382967,0.15179352195418389,8250.610650426062,2.644314058127325,0.5492046443079267,0
643,36,1932.4755996025685,17.946122728202116,23.123179597595623,1,2,5620.474318733901,0.7419470272839856,1302.7169374306084,2.908432230600895,0.23178060490169905,1
3285,58,2475.4161838349432,40.0,30.0,4,3,7138.43667638857,0.031517544524266215,1383.4251168640394,2.8837319247584547,0.19379945211812574,1
3116,32,693.0358087740348,10.917509748780807,12.922540779750724,4,1,1937.6588931793935,,1038.1140618409538,2.7959001088371895,0.5357568690212403,1
3575,43,3080.542269913471,18.556648232354846,17.943483232592307,4,0,7302.627786614286,,2963.9125183533542,2.370565681872435,0.40586931238453705,0
6566,22,919.1574173989286,,2.334617982781509,2,2,3130.7007972828524,0.45641829473217294,469.65658871126703,3.406055086997225,0.15001644012704243,1
2207,54,4271.995244596353,33.01707083107677,,0,3,15159.985580149414,0.4855957442994178,3357.459001131249,3.5486897133898454,0.2214684824982636,0
3718,24,6748.671064207874,2.5797658351385926,4.922852376616753,1,2,23278.067282077147,0.13470009041587122,8063.687714570098,3.4492816527292716,0.34640709715529955,1
972,57,3111.600239305455,38.28929938521453,30.0,4,0,11096.700198052353,0.09151330739297886,3818.1403636127375,3.566235809433304,0.3440788969213462,0
719,48,1233.0961453298685,27.957935428371705,,1,2,1499.81617111987,0.13263381078158074,954.0269172866009,1.2163010782250483,0.6360959000557089,0
7163,64,3014.956969275495,40.0,30.0,1,1,8078.764233127127,0.5128239762651509,3281.2132668049035,2.6795620353641345,0.40615286844864534,0
3896,49,2581.4202199022943,26.711483198443258,30.0,5,3,3495.7722072802676,0.10058722003133427,2557.548512069805,1.3542050148706828,0.7316118901407462,0
2803,54,2055.0494411357495,35.047736351331544,30.0,4,0,6340.8706712123385,,661.2902464219226,3.0855076010764853,0.1042901331238613,0
2566,43,3051.868061813742,17.322625544457157,16.688051617152325,4,1,5128.499238503464,0.60088296356483,3512.509460958883,1.6804459218514083,0.6849000648353144,1
4025,35,2793.7797719691007,8.62396041026307,12.469332844220212,5,2,7926.36043492285,0.04900850646208181,414.77679020628835,2.8371457601814565,0.052328782372653426,0
32,36,2687.721143784409,15.613874041520582,14.21285193931072,6,0,3186.605997615908,0.6493025770940364,2940.576006546399,1.1856162998848352,0.9227924659485425,0
6302,47,1549.0813546967522,20.385231822697314,23.361373017445903,3,2,4301.74744585099,0.19282926594360225,377.9565568045133,2.776966769891242,0.0878611684116998,0
4063,44,2155.373015586084,21.564872709610405,22.203792682282703,4,0,4994.226606362461,0.5926829631727505,920.2245359198431,2.3171054709546146,0.18425766559080656,0
6460,46,2614.462458289513,22.07955138692384,20.59741175674817,5,1,5971.460860382596,0.3301072189154947,1838.234693682838,2.284010941311954,0.30783668128489766,0
1697,58,2055.300396280917,32.785513844004655,30.0,9,1,8107.549327454671,0.1390592550629416,1324.1968703130424,3.944702848364817,0.16332887002351032,0
2792,44,4329.901782350584,27.831900471325387,29.547207116110815,3,1,10298.393039347158,0.33543601197850687,434.380800170402,2.3784357144832153,0.042179473876240645,0
2222,32,1783.8857295785322,12.367719860988975,14.77335228834751,2,1,4606.87407939907,,2020.9602815057071,2.582493936137663,0.43868363811874045,1
3764,58,6404.375886225288,37.58361858965389,30.0,2,0,10454.87979707134,0.3194311684105262,9599.834560875293,1.6324588036061392,0.9182156798746203,0
3866,47,1872.1745717172137,22.63640866303652,27.41402585179301,4,1,5277.869374653678,0.3111845706191991,849.2899626330716,2.8191117721530965,0.16091530546619487,1
6058,21,3048.5851292480966,0.0,4.5150725412322,5,0,8079.2637798617325,0.17730221096348925,3925.759885293785,2.650168336238786,0.4859056458930185,0
6447,23,3117.990503658396,1.2503200302754323,5.875367295026551,1,0,11538.614453694383,,2898.6875662101406,3.7006573432972014,0.25121625978949763,0
4397,48,5385.977760337181,19.888039318231804,23.028954453841667,4,2,21245.226935826675,0.24081995685684093,1846.4059416212071,3.9445441257255855,0.08690921246444956,1
5926,49,1326.3899520021591,25.816139418998297,29.019807559073488,0,2,2205.0187310497568,0.07341866083609475,918.6193333174155,1.6624211663555841,0.4166038684306699,0
3758,24,1158.5952431668866,1.0426827806483758,1.6974002258455985,2,2,3403.3633003060086,0.6832427649003225,368.0719506342671,2.9374911733655207,0.10814947396335045,1
5339,55,,32.98274301941439,30.0,2,1,9539.303940423652,,1387.9499582895294,3.0684364000055355,0.14549803287092758,0
3227,46,9449.513919837036,23.67830498606146,23.055770486772275,6,0,33583.60185172108,0.3559074420210993,13442.317907732822,3.554003109220274,0.40026433040397463,0
5623,47,1631.5030872805364,24.109570587148244,27.839918555869176,5,2,5694.554993393251,0.45644996876107224,1833.5817485679986,3.4903734095196803,0.32198859273381264,0
3904,40,1577.218838052982,23.203574138964417,25.761032393755514,2,0,5349.523542827493,0.5113611190413853,828.6177266844614,3.3917446417462784,0.15489561267478696,0
2277,62,2157.5724963142343,37.4560794579836,30.0,3,0,7797.790621781427,0.10666942816842342,1745.6038548065417,3.6141499926896254,0.22385877480867183,0
4490,34,1880.769241731604,12.523162887023053,15.92278285604257,1,3,3805.394503296083,0.2612950686926837,1237.317722049317,2.02331812901858,0.325148344272217,0
1401,24,3805.4334937080175,2.9316778515940904,4.595954927957467,1,3,12101.38145039553,0.37355061376813803,3084.758327248006,3.180027050900825,0.25490960184113376,0
739,31,5335.76339812156,9.100752248187707,12.716959640669074,4,3,11841.420271628414,0.03806294331793602,7163.093729809103,2.219255125854559,0.6049184612568477,0
4902,34,5646.614489445787,,9.739819353588196,2,2,8724.788308168312,0.24022707399398452,5068.081901295078,1.5451361739810658,0.5808830795986469,0
7272,45,2567.8265712353013,24.09995960819627,22.981737033969647,8,1,9389.676132092021,0.12119328331610982,2566.7678742479393,3.65666289042836,0.27336063972166663,0
6189,55,1655.9207128418454,30.53798764213379,29.87025485833828,4,1,5457.84484833372,,376.71008038007056,3.295957835425053,0.06902176423997838,0
5381,56,7528.321003501859,34.12571450414758,30.0,2,4,13402.419059867361,0.26245874787028417,7621.049422989991,1.7802666827879838,0.5686323781510988,0
7998,53,1546.025309027486,30.728254089596458,30.0,3,1,4434.062222894654,0.4304500979910704,709.0113207003564,2.868039867784482,0.15990107604703346,0
7854,49,5042.201354572638,29.33032698809296,30.0,4,1,8830.478450860699,0.5388734837534803,5969.428818176555,1.75131412450488,0.6760028747473723,0
674,30,2619.19001428116,13.365807509373639,,2,2,3740.352937453778,0.33411340713801274,543.0787444019847,1.4280571157722295,0.1451945186679849,1
4194,26,7144.9864048166,3.125949837996454,5.386706540066629,1,4,11148.586545787106,0.24498730551597475,9842.316362558116,1.5603369851440987,0.8828308702754243,0
3841,21,1444.0549684322932,0.0,4.025868313799439,2,1,5227.4952513073085,0.1283388509597054,212.21870331726882,3.620011263824967,0.04059663244346257,1
1815,51,3813.170213692435,28.4684847229166,28.388442425595183,4,6,6151.259453107945,0.3475729459225716,5413.705111043852,1.6131615187331096,0.8800970195312701,0
5572,41,2226.280920982025,,25.548417870319128,3,3,2293.0628135408033,0.2970109179084849,1514.9478591192733,1.0299970645794874,0.6606656608677832,0
7750,54,5757.252434766526,30.002127076193595,30.0,2,1,20841.410189596005,0.2994206116901805,,3.6200271615224366,0.10495857284599641,0
6847,28,6632.097028107048,6.278422059726814,6.957902039726751,3,1,19924.52596782244,0.5400082889949577,2108.307633812106,3.004257308567959,0.10581469477451884,0
5973,43,1690.5570493512814,22.75175509769868,,3,1,4192.219294703944,0.1526869616693282,1071.673103384072,2.479785758376286,0.25563383688871505,0
2100,21,2040.9759617058407,2.1371135241599157,6.499186978551612,3,2,3076.408526721063,0.05691179317824706,1944.7541420216226,1.507322273482247,0.6321508099882968,0
6745,44,3376.967416581638,24.697044459495473,26.315556078305057,1,1,7043.776928132826,0.34540462307058856,4739.714519270664,2.0858291061815883,0.6728938987747124,0
2101,64,,38.176073342248124,30.0,6,4,5684.594364297315,0.044794295014363196,1322.807591815386,2.6645896656340726,0.23270043683739625,0
4587,57,1812.3433086937546,33.22824277793822,,0,1,2791.366861509421,0.24778884500041323,1000.0101595260157,1.5401976259792065,0.35825106807539586,0
1548,56,4161.043127077852,38.26723212783007,30.0,5,2,14680.264534756385,0.326775851754753,1532.9372581167402,3.528025085638994,0.10442163725915303,0
4217,29,1264.63217821195,2.004950103815471,5.941928105393501,0,1,2389.5220363354592,0.2243386411925957,1226.2695425346608,1.889499632781746,0.5131861200222503,0
3323,33,2921.998945009683,8.0844631671539,9.947396121230168,3,1,7329.346981514913,0.3744905377967396,1330.097181440427,2.508333205948719,0.1814755372879764,1
7747,30,2195.480490780776,8.057325417301309,9.981515777041576,4,0,4350.028604876715,0.13831035942214587,1144.3808851684662,1.9813560735990505,0.2630743356228802,0
355,29,3348.396652490863,11.46309581156373,9.932160797161735,1,1,5047.39967125679,0.719338688621923,745.7738460517122,1.5074079313459006,0.14775407033816612,0
1461,24,3330.9591836421055,6.882328859494859,9.571076803719713,4,3,5832.399157751712,0.22499120102064804,2970.0676160809526,1.7509668645577656,0.5092359997572358,1
7093,54,5283.22044370231,36.80941379548034,30.0,5,3,16131.646893452049,0.0787172196118546,3020.4027789805464,3.0533738020871817,0.1872346201804448,0
3220,37,3264.3128489116457,15.8769688812622,16.708601874811396,2,0,11806.86237394717,0.2282173875521776,1585.829663926083,3.616951842677608,0.13431423300277887,0
5720,47,5788.007121220175,26.147417338377306,30.0,4,1,21794.902466240717,0.1911455091846274,5823.967198109961,3.76552792866055,0.267216942453907,0
5176,37,,15.217001808115125,16.316525671671872,3,3,3483.3864173330826,0.31005875592791765,4187.828948261899,1.1065178365075532,1.202229223672562,0
1751,35,3960.8244900910727,13.058007455753884,13.159651055726163,2,0,12180.556650134904,,834.1248882806192,3.075257861237581,0.06848003028427942,0
5255,27,3600.5865707157086,6.314021675106948,6.5991244497123125,5,4,12429.729826286059,0.3690620891962733,4910.384228750014,3.4521402505301606,0.39505156567165806,1
4989,62,4752.6623196519495,40.0,30.0,4,3,17136.850203861017,,2009.9956259107116,3.6057369641014168,0.11729084411660724,0
1772,31,2282.7546392616164,9.191934930840269,11.398670143912206,3,2,2439.2255109722723,0.05410726703741951,,1.0685447612369188,0.4348618504208987,0
1196,51,2522.6685385946325,29.691256503091005,30.0,3,3,8997.341301111137,0.3293304703216613,2329.5750421483353,3.5665967064081734,0.2589181586187735,0
1878,31,3111.322443277266,13.59572048854727,15.731571775186161,2,0,6086.812335450849,0.32009962485285476,1128.6418962103587,1.9563425027202883,0.18542413237170396,1
2668,56,2568.6430163587825,34.86877109886842,30.0,2,2,4792.127614366068,0.4562904385631804,3668.3057742405813,1.8656261628598039,0.7654858278906346,0
7983,32,2960.0062896438862,9.461866983607685,11.342367808265445,3,1,8776.465077878276,0.7623166733670271,2324.450665171486,2.9650156854680736,0.26485044315056117,0
2016,53,,30.913474253941917,30.0,2,1,11607.706627930462,0.6846907662344011,3887.8058249049514,3.5014053469385473,0.33493315686925734,0
2005,45,2285.5409132236427,23.22358541993328,24.7638990563964,1,3,4085.9532361508295,0.3577400975064354,2832.8302008003357,1.7877401417364234,0.6933095013757431,0
3893,34,2812.6420712882923,11.253030985386863,10.858020175266875,3,1,11039.42165176833,0.12941759658153895,876.7342704272916,3.9249294335954645,0.07941849655564641,1
3237,63,3703.078671835145,37.85317681567286,30.0,2,2,3840.378391368502,0.20903258367755514,572.1540205635781,1.0370771813673931,0.14898376208176026,0
2078,38,1998.9271995069817,17.89570440294036,18.14288203038323,7,2,2898.745436529622,0.2511092864590525,1222.4511590305617,1.450150579393073,0.42171732075034507,0
396,26,2434.0018907784347,0.4239406504690839,1.576348085637357,1,4,3630.9011626748606,0.31122098452130315,3463.2074306842064,1.491741307363421,0.9538148452746328,0
2788,27,2080.6321475033515,6.973813722449323,10.015460094421302,2,2,2404.31575629588,0.5694176226243226,2305.0467901817115,1.1555698392822258,0.958712175863663,0
5866,59,2500.026201845848,39.47673473978072,30.0,1,2,2807.612914358204,0.3276239872685569,3361.2463687088352,1.123033395524117,1.1971900939475437,0
4072,47,1764.38468216493,24.708649001600715,29.56826734130189,3,1,2257.0698064835196,0.5589397571401555,1194.6887699247065,1.2792390623761576,0.5293096236956948,0
7858,59,1266.0355785424126,31.576842394862076,30.0,1,3,4727.7985238838955,0.018715459788290933,1680.0072549929966,3.734333066158387,0.3553466262375469,0
4763,40,5308.082453339548,19.01056024834181,19.762870883563526,5,1,19925.674807509266,0.113891933177721,5135.130245702758,3.75383671649131,0.2577142453297247,0
1519,26,2689.3219187881036,5.299384682267016,5.924389931458904,1,1,9433.404027727598,0.24729941206606254,3055.2824058403185,3.5077258552886814,0.32387909993677033,0
5633,48,2815.45319767704,18.568757612570906,22.455000710269733,2,1,6833.275802182226,0.26078801653271816,2435.7096185079477,2.4270606976596842,0.3564483110326232,0
1378,51,2041.9493091315142,,30.0,3,1,2733.5682906564753,0.10866993797667604,1350.054793953288,1.338705264833005,0.49388003166698574,0
1023,30,2317.4284345738574,9.094603999967845,13.417120346587662,5,1,7874.163075351377,0.12284804093828479,,3.397802045524364,0.10227362462031028,1
2587,21,5036.9880449597385,0.0,1.0,4,2,7382.2813507128885,0.3851269918040478,4643.659904352489,1.4656142291423477,0.6290277603554167,0
5017,37,2634.8145976618807,20.083786161101877,22.787947175456488,12,2,3198.745022272555,0.3877426889870677,2126.610798163479,1.2140304008908647,0.664826606483509,0
2857,32,1882.010376535934,10.053035505510632,,3,1,5476.471805278868,0.4651209788961549,1840.2676882286644,2.909905212828301,0.3360316191995726,0
5501,44,3403.4000710508035,21.460517436659238,23.748964211999642,1,0,8820.173571952639,0.26294712215504085,2476.6003961213582,2.5915770664097684,0.2807881699739703,0
1629,49,1774.3180663430674,18.70656499327729,23.425825744390046,1,1,3228.1318515817543,0.14905577156183622,2234.9418651368396,1.81936480996051,0.6923328934168965,0
3523,42,1088.0690709967112,19.613471960757995,22.370120681981998,3,3,3591.722780777918,0.1819928563396593,721.0921519777422,3.3010062288488435,0.20076497992463757,0
7650,49,2613.815860453752,32.145228382361104,30.0,4,1,3436.6747759365353,0.1466472390944848,2149.710156357503,1.314811356045539,0.625520392971046,0
3607,48,3679.64184817427,27.837613575876638,29.421032012344828,4,2,5240.387965201916,0.47982143117970055,2492.876984022915,1.424157073276586,0.47570466167324366,0
7144,40,1330.894246394189,16.58345863174841,21.1471759725827,4,2,3269.6315476095965,0.2813668451925014,371.40879292050386,2.4567177718801148,0.11359346994068432,1
234,52,1324.1363988541527,32.817919390884065,30.0,5,1,1405.538473680582,0.2756246569506657,370.41529173349403,1.0614755963938993,0.26353977402234624,0
7822,38,3721.7422695385585,17.454386446286936,22.739033135631985,0,1,13660.692177557532,0.27310813137075396,3242.055934404548,3.6705099891968764,0.23732735444626735,0
3796,63,1045.8870470683003,40.0,30.0,4,3,2212.6049739810906,0.7427674172659158,1460.7190953648894,2.11552956907076,0.6601806976582224,1
4118,25,,9.943253877462457,13.20603452488632,3,2,7315.179349963307,0.46633445272756235,747.4091078327937,2.4759415802111846,0.10217235587484846,0
3800,31,3757.3239677802685,,9.344826831704822,1,2,5670.328769663337,0.13320470710662746,3477.5365660482803,1.5091402333914856,0.6132865848367292,0
4955,41,2075.476251130869,23.096355835374137,,3,1,5038.491850612856,0.2565490728793473,1573.2818562913112,2.4276316570076495,0.3122525356669864,0
5897,64,1799.406351290791,40.0,30.0,3,0,6815.115090532336,0.4509489542938991,,3.787424161109336,0.08286192119509424,0
1948,25,1014.3652899808887,0.0,3.033641831502206,3,1,3172.4833912353006,0.3938195833209325,1477.9100520104616,3.1275551545095475,0.4658527310477088,0
7110,29,3528.9054313284205,,10.390901398316322,2,3,6254.965113889726,0.277466601917824,4823.348333065289,1.7724943996402613,0.7711231390171305,0
4959,60,1239.6210086778212,37.926167558085375,30.0,3,1,1980.3344188708393,0.3947202103706827,1379.469981170735,1.5975321529788062,0.6965843586949778,1
3492,28,1307.26844128031,0.0,1.7755444606347328,1,1,3932.7725336656467,0.22189096776496217,1616.0203701624512,3.0083894091514787,0.41091122263717494,0
2671,38,2776.543980227983,21.069735984795987,20.661937858842055,3,1,6656.88044346947,0.27293826582841924,2537.207105541928,2.3975418689110306,0.3811405548121234,0
7358,45,4001.300444832108,,30.0,4,1,5377.775648880481,,733.4612022466116,1.3440069604935974,0.13638746763251458,0
2224,36,1656.8773498917328,15.056069377788825,19.55408392603759,1,1,2313.751947300958,0.030151280041181932,1011.770988524437,1.396453362979552,0.43728585067413556,0
1106,27,3077.094997100293,1.6238457837844678,3.930469685140594,2,2,9164.614357420114,0.09873758053222972,736.8339500024863,2.978333254597732,0.08039988604713191,0
7025,62,2355.5478855158417,40.0,30.0,3,1,5384.684371710838,0.22899519736929183,995.9905982570543,2.285958355939618,0.18496731275274456,0
818,55,2075.5250086452756,30.644445298879674,30.0,0,1,6560.8195775256045,0.5536961868922148,2545.3600129731362,3.1610409656340126,0.38796372661921485,0
6237,35,2659.1218201983766,10.678406991185927,17.232664508704396,0,2,3671.5522276161537,0.41650854926631403,3773.441169172792,1.38073863323127,1.0277509171162715,0
6169,35,1761.724475214304,14.024505219025945,16.88876788517458,3,3,6383.2135480610905,0.1386928226523676,756.2016306161618,3.623275737986559,0.11846723048234208,1
7102,55,2069.9408652181687,40.0,,4,2,3425.648365177854,0.17097550225827315,3005.5722647961857,1.6549498696991982,0.877373257380473,0
888,57,1571.4086294594006,35.791955463798345,30.0,2,0,4503.646909543583,0.14573367906221854,750.7939319269103,2.865993494698408,0.1667079917690525,0
2437,41,3938.410014476753,20.471333345028004,21.568839919035668,2,4,8899.207752605716,0.5047428469012564,961.3088609118158,2.259594029035609,0.10802184729650137,1
817,28,1739.57231021113,6.255293691945505,,2,1,1869.0695515584684,0.548830287887431,1166.4722497417088,1.074441999672679,0.6240924789390958,1
3414,36,924.8613208937445,13.731765114913319,16.58310231730549,7,0,1329.2840786467798,0.10988874711243563,1134.4241099735061,1.4372793505541126,0.8534098378191346,0
2341,49,3720.7848522681925,22.55328833387282,23.557963548279467,0,1,6499.410376117641,0.4125379624939858,4553.693321221837,1.746784787127801,0.7006317585291393,0
6576,35,2424.9187156371354,15.350324261885792,17.572016717703512,4,2,3611.906510170293,0.40089253888575005,1225.06849808782,1.489495910472728,0.3391750297628996,1
3167,59,3428.7046325130145,35.29352036861409,30.0,2,2,5792.557108179197,0.1557983526593474,2869.1805588027123,1.6894301869139525,0.4953219286783339,0
5916,52,1512.7447017886832,,30.0,5,1,5155.993365782351,0.22466692212926226,865.6395008925402,3.408369806012778,0.16788995630547932,1
5270,43,4422.167118399787,18.749397300915096,21.598175597078857,4,1,10281.836091608086,0.3685589693300139,4293.113454958044,2.32506728405341,0.41754346370703505,0
1264,45,2902.505552746086,23.588731550706186,24.96305831606856,3,1,9055.883353981759,0.3584292739275062,2303.439589831011,3.1200227491085792,0.2543583546510918,0
7381,59,2362.495156091776,33.84139295242659,30.0,4,1,5374.663197688131,0.18260801298476684,1017.9117445004766,2.2749943777998336,0.18939079660625496,0
7124,36,4003.6078527311374,17.131110545941127,24.76112981106574,2,3,14335.104331219674,0.21090471824884863,5687.789304536232,3.5805465616320813,0.39677348508368315,0
5639,40,2069.1546141749054,17.584100548950083,21.408211034437123,3,0,3526.2821665231786,0.23660112285483964,2920.092507391905,1.7042139540303596,0.8280938306962088,0
1228,42,4696.01588247433,19.788706318863888,23.37901596787403,6,1,13573.414310022681,0.1419578727267293,6376.116922650327,2.8904106480301874,0.46975040892564285,0
4787,28,,4.390420196478018,9.084662561163274,4,2,3876.1187567983834,0.17274370611565887,952.3767042627637,3.8292865890881993,0.24570369589228291,1
52,28,1643.368623173709,2.58483170493209,7.101220587319644,9,1,6247.485740612742,0.1955287664557084,1232.9142648807826,3.80163382245151,0.19734567089381794,1
4817,52,1882.0794341766393,28.786893545346945,30.0,11,1,7368.166565605453,,,3.914907326336539,0.2356473034991093,1
5654,40,1808.909751155902,16.364083861017427,17.961809027731718,4,1,1837.8730655974216,0.06262026171171807,2145.3792233431577,1.0160114756543337,1.1673163198818508,0
159,48,,26.335362709631834,30.0,2,2,3210.4946151597305,0.2740515227017592,1675.6764609181168,1.9220538708928578,0.5219371660072843,0
4956,50,1665.2810743859172,29.654139085158953,29.414149964955172,0,0,2527.4369825508,0.0738519397108907,1267.2661889368476,1.5177239574903645,0.5014036740326032,0
1587,61,5485.704549112459,37.20422732461288,30.0,7,0,11957.977145146284,0.17466072594957846,3610.4319231800505,2.1798434527577655,0.30192664523075435,1
1589,54,3735.2579537112724,31.623279705783645,30.0,2,2,13767.959845337038,0.4162941470316715,1239.8294022371415,3.6859461959400925,0.09005178807643383,0
4751,44,1800.2634379295193,25.547945585486968,28.257386047041514,2,3,5401.870404467353,0.1865297500008211,,3.000599962569943,0.1645012206037501,0
7541,50,8071.044887062753,24.32759540648408,25.350657264274936,3,0,10030.390812744765,0.25571073789491794,6145.342669755956,1.242762362630728,0.6126723060429102,0
5048,24,2192.8586739950756,0.0,2.342340646824205,1,2,4730.779633670917,0.32838537166612924,2454.106026378228,2.157357284248561,0.5187529786657867,0
3858,62,1542.1733445733387,33.9190937032311,30.0,2,1,2272.264958762732,0.4225774546401739,481.466501942133,1.4734173475105563,0.2118883627921172,0
4409,53,4644.3487317528125,34.53001811711255,30.0,1,0,5521.396179969228,0.3695656140552931,2538.7005359210402,1.1888418589715615,0.45979322134699435,0
2828,42,1785.0553858275066,20.531812144118888,23.03284962363568,4,1,7007.394131391746,0.2220400087195494,678.0084830112356,3.9255891929332463,0.09675615075993672,0
436,25,2924.3151774297576,4.0606531825446925,6.1767594023648265,2,1,8437.152668511793,0.25175699189106243,1872.2343742466417,2.885172136584602,0.22190357906334768,0
5349,37,7147.656270005996,9.415826030421679,10.83654452294738,3,0,22537.837862928965,0.3742245281748613,9173.79631018465,3.1531787500058477,0.40703976867603775,0
3878,54,3448.4735982072666,24.75047817689717,26.707059465485344,2,1,8286.172361245439,0.4219439820196878,3847.5007756722575,2.402852196854026,0.4643278715353642,0
1588,52,2622.0196767317293,31.21884715746703,,3,1,4985.890800724865,0.1297980633615276,1555.1146194902228,1.901545913240297,0.31190306439606247,0
2780,39,877.6011114230402,16.599517759796466,18.221461577573375,2,4,2681.7417259224203,0.13667318767406267,1046.0065086071706,3.055763821417621,0.3900474450974144,1
6509,47,,,30.0,6,1,2292.23692647184,0.30359728350831283,2304.8591883650947,1.4839119894397572,1.0055065258514453,0
5904,34,4475.010232030307,20.95691943310594,24.92216806450176,2,3,6167.284311317034,0.41207634834633783,2220.7743727856264,1.3781609407670437,0.3600895079071482,0
5890,38,4864.217718901586,20.61586562207861,24.029208216800665,4,1,18235.870719149552,0.24465292196346963,2318.507368266511,3.7489832431405823,0.1271399322781905,0
973,25,1912.0151391143077,4.698484068605401,6.723878260949628,1,1,3874.629231351213,0.3956891958235391,490.33742525160477,2.026463678078426,0.12655079905041847,1
1238,34,,13.44109957236233,13.752814861895924,5,1,6062.463822660403,0.1787670827335535,1977.3226449656845,2.146774830013804,0.3261582588872212,0
2951,38,3007.732873016504,12.810284594163775,13.242890803261806,4,1,6791.9299596322135,0.14606897438972583,968.997784337812,2.258155975407642,0.14266898953567592,0
2342,63,1011.6663125828328,37.53521205488969,30.0,6,4,2705.536729283,0.4475921402576282,701.3721452802521,2.6743370769909642,0.25923586166435975,1
7028,32,,14.10891091688641,12.6934956898507,2,1,2095.3126271516016,0.27615365536492226,2398.773207372772,1.2163827053194294,1.1448283069022016,0
6839,25,983.8372011926931,5.815726099227634,6.915228138765526,2,2,3611.206440770537,0.13771801263986472,1404.863796224711,3.6705325193972316,0.38902893514028786,1
1497,48,3596.834775358817,27.59008977759022,,3,1,11501.417096113066,0.16002147977931003,5143.544854763124,3.1976495486828957,0.4472096622338302,0
4257,60,3098.351280951786,39.12809199078709,30.0,4,4,6667.698845105044,0.38055947210033647,2939.012213764403,2.1520151333701536,0.4407835869674917,0
2422,58,2839.6917076891036,35.6328713009741,30.0,5,0,8601.03785613734,0.1636562312842643,1845.7353792612034,3.028863250488811,0.21459449547058604,0
7104,59,6737.985744270722,40.0,30.0,3,4,26544.539416899766,0.29491977104563405,5868.495290017629,3.9395362982877287,0.22108107425971799,0
6781,60,5427.621656101617,36.539031134877135,,3,1,8773.3462034348,0.30216850883515506,,1.6164255284028484,0.8441819461083064,0
6896,48,4974.136682638881,26.024352799506595,26.2535397867216,5,2,9614.332293965614,0.6562042600837399,5163.90486678036,1.9328645164742464,0.5371048876708223,0
2092,51,2561.5612732974505,27.3782305604054,30.0,5,4,4448.167148668769,0.6356739644246973,319.4345862821186,1.7365062452489086,0.07181263104686113,0
2015,45,5917.47295234541,18.87774720921153,22.97728710876904,2,3,17674.920531368818,0.2539586600537761,6170.13585137249,2.986903476147416,0.3490898779670298,0
6623,43,1773.2977841968286,16.717643403463175,20.749831317287093,2,1,6037.657498296343,0.3412693270748877,1705.1044414619985,3.4047623315736284,0.28241158792845256,0
5839,56,4292.699234060833,30.047617317438984,,1,2,15447.360563828992,0.2959925507612093,6324.064312789926,3.598519188407245,0.40939449083606794,0
187,44,2150.9937344243813,21.22782617560674,23.332510012187484,4,2,4315.165839368302,0.2600847074596034,1408.7651496884196,2.0061266429132885,0.3264683681067166,0
4523,26,3388.4753097973567,9.851528467178582,10.509363056250043,0,1,4187.233846127303,0.337327305485297,2613.852125156528,1.235728008411463,0.6242431689297775,0
3655,64,1735.766034857545,40.0,30.0,4,3,2607.8515396584185,0.36627602174640295,274.3019061215329,1.5024211139564358,0.10518309878846152,0
3426,22,2033.8916012689795,0.0,1.0,4,6,3424.8665399093666,0.09952257050079706,432.7008739195767,1.683898265656112,0.12634094464043769,1
5263,58,3842.7798098159724,38.70426234160439,30.0,3,1,4613.970299048136,0.04449923280951936,5181.384944314045,1.2006855785133044,1.1229775244506812,0
1381,55,2755.192880449806,28.45383342661809,28.28722695346051,0,2,5196.313119171303,0.4541871757791324,1139.3338823228614,1.8860070218833338,0.21925812709772963,0
4901,26,1714.0314583077839,3.3857559164305657,5.8189907056441585,6,2,2455.0239975463746,0.32604290189975127,709.304495030643,1.4323097663389168,0.2889195770548652,0
413,29,3715.1150393921776,3.1015688629433806,5.796345211375524,1,1,14165.840091023427,0.36690050822034964,2219.5115870379827,3.813028652092849,0.15668054790795197,1
3336,59,1833.5822577210931,36.27252767012497,30.0,2,2,2999.788397882843,0.11916612426935386,912.9970196486265,1.6360260824137742,0.3043538071861973,0
3606,59,1931.7584720044558,34.66608990073117,30.0,4,2,6267.090772527215,0.3718107447624371,,3.24424138076862,0.4618848581095982,0
7499,26,3803.315612847056,,7.641126221776569,2,2,10363.57292784791,0.17414828880172079,1329.1588243507758,2.724878496236611,0.1282529522978701,0
5835,22,2425.146390272913,2.0274239270285266,3.287738995341576,4,2,9485.835480884509,,2590.1446726836402,3.911448611486511,0.2730539316123709,1
5118,60,1558.5868531164701,40.0,30.0,5,2,3370.924259791404,0.2972011295974271,,2.162808093146094,0.6078046171145033,1
256,32,5003.220943350252,9.738653642042998,12.52925667599938,1,6,8970.842915429857,0.5476551391869624,1741.6166955325707,1.793013544075631,0.19414192311148248,1
4652,30,3412.4558058943935,4.770404906704658,8.337832398090033,0,1,12321.59949589472,0.26083993738379097,1253.2785848347132,3.610771888858285,0.10171395241764493,0
7844,38,5314.933863056784,18.19588619332549,18.658547818911668,3,1,14828.48739501968,0.17794349851700153,4607.298591895703,2.789966493861761,0.3107059047332851,0
2235,40,4512.776958998087,17.731333045996177,20.37141378395109,4,3,8085.693380709609,,983.3888674066856,1.7917334391161157,0.12162084574624103,0
1767,28,4632.518716151234,6.051791637777321,13.375439068115021,4,0,13210.003904974343,0.4082798522592726,509.9214574720316,2.8515813349912187,0.038601158723353304,0
4236,35,2854.247269102057,15.409648810611815,18.10780219425425,4,0,9814.763155442159,0.27698300572213047,2585.141754923628,3.438652026294089,0.26339318779080273,0
7274,50,,23.178827541574886,25.45686834598907,2,2,2013.4139271953838,0.24781522210145182,331.1205806223806,1.9899817438874405,0.16445728131205498,0
1572,52,,27.503062007896496,29.634602115155626,3,0,2103.3220879319692,0.2787919419791037,1034.7564066445561,1.1822299552597013,0.4919628869879603,0
24,53,2294.354230744795,31.537590844682025,30.0,3,2,8154.536645542267,0.10479410161383246,1478.4178200691633,3.5541750860742787,0.18130004000624,1
6330,35,4151.50762147939,15.172146624768356,17.63527808539119,1,0,4759.0505302769725,0.24478623486679668,4361.215133052116,1.1463427179211307,0.9164044603658151,0
1088,46,4765.6295933693655,29.63490718081486,30.0,4,2,10256.73937308758,0.3973412496378903,3397.763146772085,2.1522317612258917,0.3312712766873454,0
2694,26,1484.659172483485,4.371795756110824,4.957489533673878,2,0,4377.567808569515,0.41824047660147273,1108.4018650391272,2.948533838407421,0.2532003874090363,0
4979,32,1421.1703523927197,12.092651346633795,14.529809070661425,1,2,2424.0599633282955,0.17376785497825828,1542.3015360447432,1.7056786747958008,0.6362472708501502,1
3398,24,7331.678012049925,0.0,1.8194831035672463,6,1,7419.480684468809,0.09499133154002913,792.557989067405,1.0119757949373358,0.10682122142678607,0
3559,63,5532.48340415291,38.87541672534728,30.0,3,2,12706.07877960473,0.2475805137384702,6521.793799663295,2.296632064014331,0.5132813917486336,0
6765,32,3061.7685095279253,13.54342537433405,18.434806597346945,3,1,3619.700171912035,0.24408175698285217,942.0437530593862,1.182225292554901,0.26025463666007737,0
2841,22,1863.8581927714256,0.0,3.456602820959909,6,4,6623.566350030952,0.08203707538476948,528.0761611609364,3.5536857770183556,0.0797268621244307,1
2311,51,2690.2544240700827,24.25786744138479,27.025537077052952,4,2,2876.1450379620183,0.24927406095142132,3110.0725542319533,1.0690977820643082,1.0813336995117921,0
6138,54,1318.9914806188483,31.534818570499894,30.0,10,1,1485.447519190127,0.3714346717097602,779.4374877949608,1.1261994796912413,0.5247156010061627,0
7599,30,2431.513165819194,10.565499721344061,14.057148895590053,2,1,3894.8863907847353,0.3817010622549584,2691.1544589894456,1.6018364389454254,0.6909455601469383,0
4152,40,1228.3214455228087,18.357998323350852,20.992661643873532,4,3,4292.793895541738,0.7113018830003784,644.072436266785,3.4948456783758277,0.15003572310696853,0
1309,63,5463.05706325494,37.18975119808742,30.0,1,0,11587.219199060512,0.4072450428463364,787.148761738253,2.121013759310202,0.06793249943887096,0
695,48,2151.578002373497,28.872046170962683,30.0,2,2,4634.546204372215,0.06963611759142127,3093.566706123465,2.154021931465952,0.667501535145988,0
4395,29,2618.8898180231495,11.133588242075211,10.644632184844385,5,1,3771.5570200646816,0.38827080896553906,2195.808437777276,1.4401358140800344,0.5822021054157676,0
3752,30,1959.1214099996332,4.006212087614272,3.974990023235952,1,3,6510.42878674381,0.27367903932731413,2638.0066326145884,3.3231369702325027,0.40519706443697806,1
1227,55,3171.702675924204,37.35291287621973,30.0,1,1,8890.3826941664,0.22225136301476212,3609.001647948181,2.803031558301986,0.4059444651709199,0
1999,43,,21.085253190143632,24.40170195282964,4,1,5403.023741414404,0.3144889419239855,1381.1794831338475,2.816723197323754,0.25563083733040975,1
276,55,701.8894107895165,31.467118176020595,30.0,3,1,1528.1966033299968,0.21341796268693008,662.8957347856608,2.1772612320949722,0.43377647440204126,0
4461,22,2522.2264405775963,0.0,,3,1,6014.3127432607525,0.20579548566556,1161.238697936303,2.384525293408414,0.19307920081766808,1
6561,53,3437.270278888984,25.80917342853845,27.387825510678052,6,0,7381.364568046752,0.23870658496749317,632.5769223225595,2.147449565831815,0.08569918427561847,0
6346,33,3681.3643300609524,9.90509796153302,10.588201916353153,5,1,6270.850762665222,0.16816595099793713,1742.3409752594841,1.703404010154408,0.27784762246820854,0
7305,47,3550.331525528952,26.916276897416033,30.0,5,2,12539.745167866635,0.12274465196564788,1751.341471148199,3.531992738621326,0.13966324257019583,0
5422,39,4136.176938427124,17.30219837370043,,0,0,6657.055495566258,0.18705056977450357,1160.0509553124552,1.6094706765851647,0.17425886806638072,0
7537,59,3181.4942260635526,35.86293053275119,30.0,1,3,3812.824353083667,0.13098291842904114,4615.61612681122,1.1984382438440746,1.2105504212587934,0
7965,52,1518.9853457519189,29.705739605496582,30.0,1,4,3662.216276109422,0.14953504652464036,2042.2102781835877,2.410962216555535,0.5576432750588783,0
4631,55,4188.345568757854,33.04523848497839,30.0,3,3,12732.537920402845,0.1891355623978961,1922.2297885406063,3.0399922144387332,0.15096988523084554,0
1137,33,2385.849519263514,10.668041951142355,9.580674540519905,4,1,3974.5592807534863,0.3907369041722884,2100.9033766663288,1.6658885016270388,0.5285877573495508,0
2767,62,2396.4992221612647,40.0,30.0,5,1,3881.169016956767,0.2043619273807256,2303.548236433301,1.619516076227458,0.5935191758898246,0
5371,47,2708.2740118547144,25.20049732460922,30.0,4,3,9927.74026133966,0.12397393552962155,3929.704871000236,3.6657074645636833,0.3958307497531122,0
5057,34,1762.1919574194042,18.37463173644055,21.98141766915345,5,1,5154.788146536923,0.3394399832279291,2627.6471649731493,2.925213751449483,0.5097488180456938,0
942,37,2853.3483435686503,,23.880627211730236,3,0,10168.077705899143,0.8222760798556804,3829.2286638395553,3.5635598887943853,0.37659317469790565,0
6452,60,3136.329946689535,37.878564739600066,30.0,3,1,10019.453398278336,0.37976725935161,1467.8980926246084,3.1946426455718053,0.1465048076252184,0
3935,40,3378.147823038259,14.293578757011858,15.330304894145748,2,2,11692.64856604537,0.5371306046516883,373.61936817415034,3.4612601871072552,0.03195335650975731,1
2384,42,2702.0322291465723,22.804507169038686,21.63787522597846,2,1,4498.210279843445,0.1997417943210217,916.2294076794997,1.6647507869527485,0.20368754475199588,0
115,55,2082.2904373578367,33.78550383631536,30.0,0,4,7371.092737679283,0.47152675299450647,2032.1075252540227,3.539896551142149,0.2756860614256512,0
7495,31,910.624516959765,8.89860000128382,9.543294010360169,3,0,1954.705321601103,0.17243130862002354,769.4095041793528,2.1465546832926634,0.39361917915541766,1
7958,31,1945.0408111610466,13.659834444132475,17.20826752776919,0,4,7503.113272001264,,2056.8724157330576,3.857560843426445,0.27413586083106534,0
3119,47,4091.184618935836,22.199136918210463,23.52065832602435,1,2,12398.860742728457,0.5120538512896249,4425.458594877726,3.030628509244235,0.3569246148258515,1
4258,31,3648.7882905964825,11.718647649657196,16.28531644846658,4,1,7127.836507753551,0.41124364340179553,3482.772766027306,1.953480426946978,0.48861569176548864,0
4418,33,2260.5702676209817,15.557050477055167,18.34547004036277,5,1,4941.225214974539,0.2519443739754971,2831.8190262000926,2.185831285914714,0.5731005778927412,0
6298,60,2468.687633424502,35.55245023882359,30.0,1,1,4335.719343810464,0.5256725582618043,,1.7562851148551597,0.6259486098054925,1
2819,58,4258.746445915507,,30.0,4,1,5005.615575921642,0.07440382507533137,6280.528664964372,1.1753729975454266,1.2546965642298633,0
3822,26,4152.370530161051,1.9560342138651996,4.472697497593414,2,0,13959.139983218543,0.5738242641674547,1601.2877438255005,3.3617279291010513,0.11471249272881733,1
6666,51,3313.39421034731,29.511465207681017,30.0,3,0,7650.5520504780925,0.5336726518131263,2971.0089727304976,2.3089773099096957,0.3883391620797921,0
6419,47,3336.261141175161,24.470668026000055,24.364635542655563,3,3,8029.253249235171,0.15075131732791164,2899.678592932177,2.406662101518515,0.3611392620114936,0
3802,31,3443.248567097211,5.615893733074011,7.562096598687827,4,2,7589.152518829126,0.10598715644293066,3043.769758399655,2.2040675748329925,0.4010684659252646,1
3536,31,3049.242083269208,13.723802431583243,16.12472930452709,4,1,6507.973488082155,0.49898042718423236,,2.134292165187721,0.462645823699835,0
3825,49,1672.036630199349,26.798644136211447,26.08372760656908,2,1,6185.07088402878,0.20153941312886384,1353.8525474281573,3.6991240337189044,0.218890385059952,0
6032,53,1726.550254675518,30.1552545772692,30.0,3,1,4077.2378526587536,0.48488239397839855,1117.3521238722878,2.3614938757893356,0.2740463431986599,0
1946,52,4173.850917276817,30.485340734062966,30.0,5,3,11881.92682380662,0.3808642985809772,3342.628228987973,2.8467540071025947,0.28132038503138107,1
6921,57,5407.609945017259,29.353008275152128,30.0,2,2,6867.990086683988,0.3659464726801469,689.8184998276544,1.27006018490893,0.10043964698858694,1
3488,51,2255.0935698808325,21.931752859106492,23.6180630929178,5,2,8692.20737846789,0.37420294479356003,2914.8232015773374,3.8544774791439003,0.33533751263204575,0
1610,38,4308.760702555156,20.909452556899595,19.99961235375298,3,3,12623.387189674835,0.4005113539387895,2755.1732537329167,2.9297025435153516,0.2182594269140759,0
6219,33,3799.994687557394,14.515990182386762,16.736844538322053,2,1,6919.1654551537495,0.08209827511155328,4934.08205975839,1.8208355600626729,0.713103638254991,0
2194,28,5020.305454829761,2.280101644182489,3.254013447158906,1,2,12035.18948802134,0.09407042705676226,7131.247877027272,2.397302235154425,0.5925330784467518,0
5385,46,1058.1674353684984,16.993484410096517,20.911254158457375,3,1,2459.673882614348,0.12442152021331045,110.52628140042611,2.324465675659151,0.04493533967313972,0
557,59,1675.6390207357103,34.8378186125503,,6,4,2996.404800367908,0.07355114329459013,1588.052181074691,1.7882161750162031,0.5299858620169428,0
6742,53,762.1201324717782,30.760406335758418,29.67943600437875,2,1,2860.66079188567,0.059095252321727215,533.9362939601081,3.7535562570794596,0.18664788760507037,0
1207,49,880.2736668354981,28.706294388749278,30.0,0,2,2697.7495842797216,0.07982091711035226,460.6643562065237,3.064671460612789,0.1707587534776759,0
4634,31,4367.471229289183,12.78672407122022,17.398492342193233,2,1,15239.123901338802,0.3451741497589628,3412.961986235533,3.489232808024475,0.22396051166272715,0
4808,38,4884.518141079014,15.970899288803963,13.718707737005532,2,0,12300.770832623995,,5996.886253850485,2.5183181794687113,0.48752117533525596,0
1510,31,1624.8715789550677,12.034636082563726,16.668652499372605,0,2,4312.037071311128,,1836.183606357081,2.653770997757336,0.4258274165993584,0
3829,63,2656.2745717330067,40.0,30.0,0,1,7886.916404419654,0.3563653796393191,971.7491978539804,2.9691645917741374,0.12321028245074761,1
3732,24,1059.6056559765673,0.0,1.0,4,0,1379.6699064546146,0.2694099303490259,1337.5748244299455,1.3020597791949928,0.9694890192010911,0
5224,63,6312.811716596651,38.44074260791295,30.0,4,2,18754.10326633398,0.34208740605961746,7579.955076169333,2.9708003514549057,0.40417582054036805,0
3211,47,1808.8720430532308,25.283165649135654,24.87616981795107,0,0,3179.545353014539,0.40261914781779606,964.2021394123907,1.7577502871058375,0.3032515760463133,0
3630,53,3763.379818639265,25.59178493883784,30.0,2,3,9259.017690781158,0.3685964172260714,,2.4602931771390977,0.09059929712652233,0
5469,22,2826.072919142258,2.078764192431125,5.977102990354169,7,1,9988.430015961123,0.7782835677116138,2395.0101443366266,3.5343850996571997,0.23977843770337215,1
5472,22,,0.2852644149964142,4.457840996790749,6,0,2693.7436717657065,0.20016468527751838,,1.8963965763871884,0.22212821299654206,0
266,40,3128.12008843835,19.79832310620826,19.350507798327687,3,1,7550.360696107207,0.45510626254432607,401.8907650573963,2.4137055108637373,0.05322802197577157,0
1140,39,2698.1476368809913,19.116200089921985,22.413419023499845,2,1,7649.662190379748,0.5184991958605224,769.5633107433631,2.8351533051106927,0.10060095355729168,1
3162,28,4502.902330018524,3.665893571788838,6.099513432837942,2,3,17932.289894795453,0.27610712347315897,5449.721494741572,3.982384822173499,0.3039054982221352,1
7562,31,2276.4692271641916,9.411898704328628,9.85671455655556,3,1,2578.92127785369,0.3992410637944386,3004.034186122852,1.1328601533815874,1.1648413667837751,0
7352,43,2654.759490643098,19.336487802457665,21.584496853793038,1,1,6966.541966433429,0.08510888726753928,3271.187006595618,2.6241706606521364,0.4695567790098774,0
1909,34,2408.546627750323,14.826902168107225,14.549513151066801,5,4,9146.733622908208,,2122.077507161582,3.7976153409376248,0.232003860027889,1
6608,62,4380.81216410791,40.0,30.0,4,1,11801.405759305275,0.06631184014267474,4063.2848143644164,2.69388536125663,0.34430515289761665,0
6830,24,,1.503572138652684,2.8458771018178872,3,0,2410.7274132599237,0.6986832673226548,614.6268934654697,2.3522150842714016,0.25495495263578394,0
656,57,2627.1863545853817,37.11665224215812,,1,0,3130.6153268160424,0.07755408439353835,1165.2074372085692,1.1916228635064265,0.3721975763766641,0
5671,22,3031.8222212803876,0.22560670998022675,,3,2,11867.693125467418,0.10266027430520762,1350.3799842860417,3.914376325289779,0.11378622365859802,0
5143,28,2367.3328604158983,9.84652547885118,8.929114810237857,1,2,4736.314204278947,0.3268581389801088,2858.707468295036,2.000696346286876,0.6035721755352259,0
998,60,1765.8488125557371,38.80196152813441,30.0,3,2,5718.318437399428,,1293.0625738490742,3.2382831399496923,0.22612636704386335,0
4880,51,4927.37091406761,29.88521951654174,30.0,2,1,12443.325667662035,0.6071052739347385,5638.770407555308,2.5253478750983462,0.45315621869557415,0
2834,48,2142.031632891639,,26.133017777956244,2,0,4862.233070139342,,3073.160391361751,2.269916557476587,0.6320471164237464,0
6805,41,4628.050811981121,19.01950823532809,22.202646036309524,0,2,7384.940138449992,0.2675407611097376,3063.643287946942,1.5956912398912784,0.41485011801191973,0
1237,37,2234.2270857734866,14.180257657582063,14.639534173103577,1,0,6583.161450122899,0.3081037892566418,1529.7100552266043,2.9465050764272767,0.23236708788268387,0
6669,40,2891.4809235063613,17.15588804672004,19.611646001325283,7,2,7609.185685767918,0.06857445755203731,1081.4905547795863,2.6315877182203993,0.14212960485408926,0
5201,37,1238.2947377903206,17.08892804606007,20.318515027841155,4,0,2729.900091788106,0.2824599392457793,1398.0925104550215,2.2045640738645838,0.5121405412090594,0
6118,55,2511.8155309299013,32.26199249427717,30.0,2,1,3113.440277635208,0.18466071691256705,3593.59102914959,1.2395178862846583,1.1542187126451249,0
2186,22,1972.1062627665253,0.0,6.9671523622174245,2,2,4367.02489781894,0.2745320223341993,,2.2143963437815755,0.2200362827146591,0
1134,27,3993.0334583928257,6.238491337089387,5.111617574636377,2,0,7177.7117060583405,0.16237359241151264,5942.342640731336,1.7975586182409127,0.8278881744046237,0
1303,56,574.4278448490963,34.736345862563745,30.0,6,0,725.0477214639807,0.1666833150605475,294.2697221945294,1.2622085227335256,0.4058625570194944,0
1627,54,2041.921858808893,30.949841286443686,30.0,1,2,6012.590370545094,0.24743903045603088,1639.5376489053053,2.944574173887534,0.2726840758913478,0
5164,37,2002.3304585996837,14.036602575031647,15.046464769515893,4,2,7183.638317519415,0.10400071074694707,858.394823570624,3.587638736986124,0.11949304595098778,0
1522,48,2188.512712885368,31.207642698470536,30.0,3,1,5414.9092361599705,0.2608950753302392,695.7705768847793,2.4742416181904985,0.1284916416028777,0
358,49,1556.8614796275576,33.62428888658649,30.0,2,2,4360.967439092528,0.4000228064183967,1437.1260611099888,2.801127458131848,0.3295429468762646,0
138,52,7744.261923283945,28.678654960046956,,3,2,23317.540994416977,0.100418590458489,10652.831158668654,3.010944261106448,0.4568591156854537,0
299,32,5100.509301191871,,11.16857614282473,4,1,5854.602773893767,0.20160356706452318,5647.244563995556,1.1478467008237163,0.9645820189846455,0
1556,62,1517.5434379406959,40.0,30.0,1,1,4567.850783128058,0.22882709528040382,1865.44842314563,3.0100296762026293,0.4083864626305007,0
382,42,3610.0673776706108,13.970107670522228,16.877501616815287,2,0,9860.709156432442,0.299717788023954,,2.73144740107179,0.1300107023529071,0
5540,52,2343.355753996377,29.692895791168905,30.0,2,0,2830.276114004335,0.3967424780847365,2962.7968288946618,1.2077876392338465,1.046822539410416,0
4582,52,1170.5431626912543,30.615963202662012,,3,0,4066.8616475113395,0.34189268305997567,1730.1452355350505,3.474337194162934,0.4254251522408659,0
6633,61,1571.1106142117947,40.0,30.0,1,3,5657.151395709981,0.45345634873526225,565.7283764192288,3.6007339932256133,0.10000233984337782,0
5818,48,6904.315039668525,23.26466607747615,26.286074268553637,2,1,13246.625272338917,0.2706678301538668,3413.184823427964,1.918600932348951,0.25766448082103166,0
4696,42,3187.254838396711,16.50023376040653,19.51519420278028,1,1,4726.816825780862,0.6594040834080256,2522.3520724014643,1.4830369912179973,0.5336259401134665,0
6476,55,1707.589727348798,33.102021508391836,30.0,2,2,5758.723519015079,0.16488989621437392,1853.98089169196,3.37242806441338,0.3219430287927851,0
5522,45,2506.9375698349286,19.80666955726865,25.189389879748646,1,1,5373.513074251399,0.379018713954293,1398.605406894264,2.143457076438175,0.26027765961825783,0
6877,58,2795.0204599359317,36.89608092462404,30.0,2,1,10217.113567283286,0.23600843312981326,3031.3512874397334,3.6554700452952984,0.296693510107059,0
2721,40,3251.1119497453255,21.712015082544134,20.871310512436263,6,2,6563.857772584635,0.48044457179827865,1366.7989176425715,2.0189577824592635,0.20823103805681187,0
1932,51,3654.6739070163435,28.797133375788377,30.0,3,2,3995.0431493066226,0.6408230982496801,4392.604707083026,1.0931325888301084,1.0995137080923405,0
5140,59,4718.3090918117605,33.97035848086376,30.0,4,2,18810.369540464988,0.34825294089785425,3565.4202565744245,3.986675983798697,0.18954546580833884,0
7195,58,1054.4859459362058,35.933423918669256,30.0,3,1,2687.9956708642135,0.14307897499619537,1566.8272856352867,2.549105259508913,0.5828979944493505,0
7238,40,3105.559596262926,14.887123844192104,21.79580908944991,5,5,8847.493672338953,0.017570318673052063,532.9764764432377,2.8489209104167834,0.06024039080237492,0
4163,22,3353.541580726152,0.9477807551598887,4.3735166582146565,5,2,3588.9092478283615,0.30207303046877776,2506.770014892389,1.0701848065504662,0.6984768468049808,0
6915,60,2842.9840675963865,34.89986026987133,30.0,3,0,4532.921528839078,0.4409891089706705,1159.7604655784253,1.5944238240742081,0.25585275593232043,0
3807,61,2721.9369300631506,39.72512322779606,30.0,2,0,3682.2036177498762,0.20794465280747113,1360.1478291826725,1.352788000736096,0.36938419771957987,0
6841,22,,1.3923636408780997,1.8333399559554906,2,1,4536.938287438806,0.4754128774380948,2032.728532861,2.080475570908989,0.448039714026729,0
5705,43,4525.936952195099,19.879882082116353,25.895028849151263,4,3,4751.686359212203,0.07699528539880811,2613.670800317433,1.0498790436989216,0.5500512034533277,0
4154,47,2958.3372497592027,24.916373959868082,29.488196995437317,4,0,9573.605894405342,0.8004989404856561,3993.1749050843673,3.236144187139109,0.41710249503981706,0
4172,49,1191.9838446898511,25.22454941271355,26.614039640715806,1,2,2890.628523077303,0.1740729326443719,1451.7438303577203,2.4250567958237985,0.5022242805561968,0
796,42,6824.956783736986,21.71340306506274,22.574203750768127,3,1,12007.588699357137,0.23568219969561363,6388.733629119457,1.75936479597493,0.5320580000763598,0
2416,38,2351.1263618050466,15.743556216858963,20.361375829752937,8,1,8726.803000800863,0.16981885676887792,3264.738086250923,3.7117541373237692,0.37410470775509846,1
785,52,4704.0942206298905,31.22410745272776,30.0,1,2,16344.357808709095,0.4480659641505335,5135.551010960471,3.4744962668967423,0.31420940920811163,0
3158,60,1405.3491406791602,37.07911304367155,30.0,3,2,3245.8359344311307,0.5132062595780916,401.59200401006905,2.309629572095175,0.12372529361390923,1
123,57,,,30.0,1,2,3021.089058062017,0.12323874040892899,531.1926045331816,2.771477229539844,0.17582818457987914,0
2172,56,11684.725704917908,,30.0,3,3,35719.22222298711,0.36117628982515665,10951.543424955638,3.056915765506886,0.3066008368431878,0
5785,42,2112.5952708733384,21.65562111555874,21.576433179975496,8,0,7496.991056288414,0.06554455470099811,1212.6220307682981,3.5487114638807213,0.16174782945101165,0
5736,59,1412.908220240056,40.0,30.0,3,0,5483.493516505909,0.19164488578002892,1709.13296282901,3.8809976741265277,0.3116868758364234,0
4340,44,1189.815161954255,22.546916347421444,23.31467101789144,2,0,4425.381013826254,0.19028316002170226,1413.3016135967332,3.7193852922143193,0.31936269649576915,0
910,46,2904.672771656123,21.6991046485494,23.006820991354576,4,0,6393.40442444357,0.1706899827791919,1693.9554499607912,2.2010756209203963,0.2649535892777844,0
2309,53,1622.8637095712556,32.29344102546479,30.0,3,3,4625.783241839328,0.4217364348671778,328.4275266548407,2.8503830694824113,0.07099933340677883,0
7490,45,1999.214754654224,17.682839647999756,19.819502704210223,4,1,3501.6366301394,0.10118088548636542,933.9852022079713,1.7515059960354429,0.26672819051781205,0
3634,29,,4.384472402685274,5.056994840490375,3,0,8021.444207225817,0.3233167469587658,1264.7671936204003,3.5171382616322795,0.15767325196640802,1
1257,62,3780.609981306775,40.0,30.0,4,2,12973.341823089379,0.14199573833143542,,3.431547260160679,0.15044469024112012,1
1178,28,3506.5469707644183,5.597366395712367,10.397726490848747,4,1,6017.692930313462,0.6256591653080538,542.5741768445398,1.7161307065000244,0.0901631544061317,1
3650,41,1554.5385035895763,23.37178070754921,24.33527768160524,3,1,2091.741585584915,,1165.023037655434,1.3455707792086757,0.5569631763713576,0
442,46,3931.0371097994503,22.037041703493312,26.926143248065863,2,0,4057.690891865869,0.3477876280925943,4874.923571883603,1.0322189230294192,1.2014033847812249,0
6143,54,3202.795046499959,37.48552472904234,30.0,2,3,12226.052382571717,0.19440198991565943,3734.0694163495864,3.8173071348828422,0.3054190591946519,0
1399,59,3390.692831265938,33.443438461423625,30.0,2,1,3570.4296823631744,0.43009554433923103,1626.8510368031766,1.0530088863962739,0.45564572937518444,0
1457,33,6635.128632289981,13.868273189549667,16.820822534305528,4,0,18507.55823257563,0.14330412297470146,5699.893966612094,2.7893292290534113,0.30797655179490746,0
4939,57,,34.320355201265095,30.0,5,0,3638.6875340590605,0.09151323895229944,759.8880754110695,1.39552525165649,0.20883575967936782,0
1054,28,3316.837616588583,10.257868350398176,12.26908591730849,5,3,11882.99588912775,0.23496993604138253,3158.6159807258314,3.5826281725994136,0.26580973436301375,1
3275,55,2210.996953748859,37.69462319379652,30.0,3,0,2803.829347060242,0.19436558311063207,811.7198131000105,1.2681289959745106,0.2895040006450757,0
6145,26,2260.841877083961,0.0,1.0357191005751996,2,3,5633.534036420443,0.3329312037609391,2046.2706055000224,2.4917859552772383,0.36323036166481143,1
3699,53,2545.3281165667454,30.796929236700787,30.0,5,1,7045.0295370671165,0.15903440382969097,520.972571138843,2.7678276491008056,0.07394895484792058,0
3759,51,2333.835558085878,29.660313974464945,30.0,0,1,5588.587697460466,0.1758096026390085,260.37682137822196,2.394593602834645,0.04659080889014963,0
929,30,1114.0857673957275,5.259632539461949,4.737199735956503,1,4,4320.29852020945,0.15031880361947897,1238.5373310037837,3.877886825812813,0.286678646211637,0
5672,49,855.5348018396647,27.461092538223685,25.64948641084827,4,2,1998.75028234914,0.20593974722549954,,2.3362583007157722,0.3044172702411653,0
1829,22,2083.6757927884873,0.45851974717276134,5.240502497973619,1,1,2220.1921007734913,0.7667430335174142,540.4022509677142,1.0655170581035116,0.2434033752211999,1
6786,40,2077.068393058661,14.632556949827013,16.964116146569495,5,1,2589.031378436135,0.09468238937516438,2397.560782128284,1.246483450948654,0.9260454709423004,0
4221,30,3102.7595402938073,5.531440699178498,,7,0,10348.300495858484,0.4568362541742231,3394.0978108874137,3.3351925476244224,0.32798601202639727,0
7337,25,4205.800193176675,5.408377873577555,7.9076961739342995,4,3,6073.085657016978,0.41365941293055053,3533.8690060144286,1.443978643319698,0.5818901964492,0
6446,24,2102.0687390326175,5.500638172987076,7.1484397349519275,4,1,7259.28787139269,0.11403596399140936,2204.3353579787654,3.4534017544704323,0.30365724531542304,1
7085,49,1772.4144959919468,30.338148669069472,30.0,1,2,6308.575671110929,0.34966879893700165,275.56568580741407,3.559311710312029,0.043681125530335034,1
2011,35,3368.4001404721325,15.561538869481174,16.940030973243235,3,1,9137.84693651496,0.11425892315249651,4875.7832017957735,2.712815151240954,0.5335811855539053,0
6074,59,2091.615267105479,37.14458336346732,30.0,4,6,3299.4842973589843,0.09665327540371624,801.6854173635836,1.5774814561977442,0.2429729451979144,0
5563,22,4053.1828546989937,1.7785719325016869,1.7927901096375256,5,1,7486.327617295391,0.19453574052529438,3953.773147394177,1.8470243967938025,0.5281325303290119,0
7671,33,1992.1839414432677,12.51715834431861,,4,0,5046.166530724394,0.137072074113227,1068.0464412933354,2.53298223409462,0.21165501272904164,0
2606,61,3474.9220458189116,,30.0,2,2,8119.653273289488,0.08449326601696457,3326.3527324898027,2.3366432875981205,0.40966684420284466,0
3264,27,6333.83326088433,9.213024373026233,16.086788453857093,4,5,6663.042872485254,0.08075959579617244,5336.6130256881725,1.0519763621871787,0.8009273132138297,0
6056,45,1340.765239805577,25.501373343863488,26.246837290543326,1,3,1603.8427954197016,0.21039919901454057,665.9979786686497,1.1962144809573623,0.41525140778798586,0
7371,22,1188.0929187765598,0.0,1.0,5,1,1766.8551084795206,,1135.4649079170165,1.4871354593199173,0.6426474375106789,0
6,59,2177.956678367658,39.578185613016636,30.0,2,2,6120.603970545196,0.4386518990916252,1338.7396092175443,2.8102505579369406,0.21872671645806474,0
2980,45,1971.0256589270168,21.22865340267272,,3,0,7626.744319448371,0.10685400538568517,1273.8204306403773,3.8694292410176963,0.1670202090546167,0
3361,56,1392.114231222609,33.421611306479114,30.0,3,5,3468.842216824754,0.23722270703499504,1375.490052799825,2.4917798690832154,0.39652713119332833,1
1943,21,4616.188858920148,0.0,,4,1,14134.805280781175,0.0685794397870666,5761.298775029427,3.0620075808786753,0.4075966142146263,1
7780,39,1435.698065657798,12.253750889179983,16.470991244547342,4,2,4722.489357113885,0.09396725951540313,1747.758405777631,3.289333231044069,0.3700926087096067,1
7364,25,1573.8759723470835,5.281992736340504,3.396120626254041,4,2,1965.3362387100915,0.38366012845582187,,1.2487237071033195,0.11924987374740999,0
6770,36,2755.102789385639,,15.761704565837842,3,2,5966.07482896745,0.4307520939092795,1096.7389451014385,2.1654636088179586,0.18382923053133265,1
6152,51,6922.129501420555,29.989390620198993,29.0292921007276,4,2,16905.37951077119,0.2113978598033287,2312.757730969393,2.442222369185939,0.13680602257381028,0
6248,45,7608.039322039283,26.282729881528596,28.5855143831243,4,1,26515.93927638084,,10101.105215460168,3.4852526589299253,0.38094465031671576,0
7360,27,1129.9626048912273,7.007923188369004,6.569836712561784,6,3,1201.7735221278656,,1372.923633408059,1.0635515873939483,1.1424146131769939,0
3134,40,2754.099956006655,20.283751499038267,21.912083574958395,2,0,8502.32553877041,0.06477578608753992,1684.6859474059634,3.0871521275859846,0.19814413594537564,0
5096,40,4356.087119315078,16.375835355878877,17.472780051200665,6,1,9485.882130590304,0.3351142410739193,1566.4255353342928,2.1776153393557016,0.16513230016667038,0
2242,26,1954.244523340508,5.734599199600471,10.142893962386303,4,1,2691.324138741502,0.18258546837551748,2240.5170403285174,1.3771685715874793,0.8324961709652009,0
1474,43,2460.7658164552163,21.64361106850953,24.971000985349285,6,0,3657.5870927622195,,1072.260251577011,1.4863613060226304,0.2931605521298024,0
5946,23,1946.0962830010176,0.37567379785403343,1.0,1,0,5884.241574663432,0.15014675988254436,1221.3727779049045,3.023612770889998,0.2075667292729675,0
1889,21,1121.781233716368,1.5619206214340617,2.425332891472909,3,1,1258.357836092193,0.5950206897839507,1548.4357465185874,1.1217497657037443,1.2305210029344482,0
3435,46,4853.400490789684,22.90597978997045,23.60665234038691,5,3,6974.866379509675,0.48841417991920966,1503.7263995649255,1.437109175874916,0.21559214438608867,0
4987,63,6044.319309660166,38.0351956675322,30.0,3,0,21830.515287132126,0.5608632032005924,1636.6414504120573,3.6117409039330712,0.07497035360300297,0
3705,56,3255.807298925348,34.75013632139091,30.0,1,0,7753.797312985669,0.38560544593458473,2626.3864076094014,2.3815283280263495,0.3387226028220859,0
2021,46,2796.102454259744,23.477548478623326,25.63205086613507,7,2,6859.758451765716,0.6074151927635908,1451.830707352888,2.4533287188082697,0.21164458159298363,0
4020,37,,20.272469800853344,21.164742344482313,2,2,6080.640260423001,0.3233891576931742,2840.8496532371146,2.610806425599616,0.4671958102384913,0
6301,21,3949.525600159868,0.0,1.0,4,0,8615.308099028038,0.19683926734190818,959.0015877175723,2.1813526411068986,0.11131367290576236,0
5715,51,3854.61023451428,27.37052565843834,27.0055210790695,2,2,7903.563457461538,0.243428446098864,2716.9383209923367,2.050418324190816,0.3437611826128061,0
6607,30,2011.0151924459224,11.542150707206211,13.141638958945718,2,1,5344.289931510007,0.4941147726466694,2920.990893232128,2.6575084820766306,0.5465629542308186,1
2658,39,3305.8841901727496,15.115114737145921,19.571297457929816,2,2,9755.199632249749,0.25908583081413306,4446.131579325335,2.950859458794287,0.45577043494085484,0
1130,40,1261.3562647993756,18.087502318932568,24.605069825971604,4,1,1312.5422708924802,0.10336150056654712,1302.162284776889,1.0405801338777558,0.9920916938480516,0
4834,42,1189.8743967535493,18.62165386840449,23.137788575615048,4,1,4175.503546919702,0.2178824303017875,1620.9532280791882,3.5091969020529703,0.3882054487236579,1
7246,29,2469.7444824359914,,7.134245447627657,2,3,8774.496949157745,,3284.5575218972917,3.5527954456661712,0.37433000899414215,1
4915,40,3336.4586880071897,22.582801140599383,27.89458729316,5,2,4654.183593613985,,2881.383110721046,1.3949471666900364,0.6190952833649703,0
4318,58,4096.739931456789,33.893139788262715,30.0,2,1,11932.565055759327,0.5089490894645041,5502.158960399549,2.9126977195050165,0.4611044594928814,0
7412,52,979.573707382843,32.58819344879606,30.0,5,2,1786.6719947788774,0.0960982911212814,454.65004141308503,1.823928083525622,0.2544675479000574,0
4144,22,1305.7619187643227,3.3841957721678098,5.637299715931192,2,0,4549.485808988387,0.139677421413829,1725.2256309386066,3.484161808987114,0.3792133228616936,1
1236,37,3166.8452655014453,14.761165681921073,14.75584063885753,5,0,3740.847070176232,0.1736158909808506,916.7938138021984,1.1812535051610418,0.24507652855186302,0
7745,55,2380.2961080438417,29.47752835565347,30.0,3,4,9219.625067908732,0.35531824003590606,3496.461987331856,3.8733101468982944,0.3792412339523641,0
7189,41,2736.2768937260644,,19.155557448979728,5,0,8253.209443761552,0.3293641293582485,982.693383442992,3.0162186665703,0.11906802924840246,0
2282,55,1448.84729432736,30.199742607614834,30.0,1,1,2693.2708297606205,0.32458258461117107,334.82036602197894,1.858905931843559,0.12431737733993056,0
5435,26,1355.3642193899689,4.454699437365077,9.73346640916914,5,0,4197.357458416763,,1166.4408027744146,3.0968483588167444,0.27789884810391974,1
7003,41,2689.235104150289,17.663567185372752,19.032533819203078,6,0,10131.614373470298,0.41081799502542365,1597.0691099687203,3.7674706677129888,0.15763224409237847,1
4093,27,,2.0291981445905987,4.636399891705011,4,1,3063.104818143283,0.2700913435563312,379.76892776914565,2.084465836710877,0.12398169514791355,0
4653,39,2243.752770796544,17.09189692167116,17.93096585970832,4,0,8903.189239974037,0.3408768836190523,1581.1357226150822,3.967990304392296,0.17759206055241536,0
6876,46,3826.9558306220597,27.483825471413606,27.748388904652472,0,1,13399.105529146951,0.13766392596961385,3892.652006543248,3.5012438403212425,0.2905158107812195,0
386,35,3104.435759352292,14.181165050496483,,6,1,5642.591814714301,0.18986276796788876,4008.74684583914,1.8175901362157898,0.7104442386538486,0
1628,54,2276.1325705330446,,30.0,1,2,8906.770142247486,0.43353227277933976,2688.478647411151,3.9131157198640767,0.3018466407546423,0
3585,63,1291.2653906600572,39.5029744847128,30.0,6,0,2469.2431863205315,,1216.2357286953534,1.9122662189980377,0.49255404871955544,0
2714,21,5188.814437732744,0.0,2.599679748309287,0,1,15097.787548513592,0.12346531796626221,5184.240584325799,2.9096796059468604,0.34337750267496636,0
6891,41,4783.490515442654,19.219932051364488,20.246540892171208,3,2,5279.6945862431785,0.4191035254042789,4591.036946372654,1.1037326339832005,0.8695648718649565,0
6137,53,1398.9105882747951,31.83764010077475,30.0,4,0,1682.7421373112377,0.04458384361719528,407.9173881770859,1.2028947035038726,0.24241229783956975,0
7005,21,5996.964543015119,,3.196244962697067,5,2,11613.231500593052,0.03351257008594534,4849.419650675117,1.936518286425322,0.41757711024941435,0
3189,40,5632.709323514709,21.290626757293413,24.562986208560776,5,3,8403.517953788136,0.27247053249765063,6392.249190116863,1.4919140099607506,0.7606634775184085,0
4305,42,1865.8993267214835,19.476044615735706,19.700381974407946,4,0,7236.80320167329,0.08551054432297032,1000.4373326484214,3.8784531930717088,0.13824299276469212,0
909,26,5955.683698149999,0.3941922051404898,3.0809850619396153,3,2,17350.228807605472,0.46293670673260945,3549.3169560400047,2.9132220055599887,0.20456888467569728,0
6052,41,,21.397883864046232,,2,2,7015.5258759862845,0.07455483050130239,652.4892653520541,3.961260610405368,0.09300646550039604,1
1866,45,2643.1118849754394,24.985099793711786,27.534064604185517,4,2,9076.880339746996,0.34505177855746894,1896.1616533448175,3.4341642483406796,0.2089001487704607,0
1842,53,3203.8661589768762,31.34910179490928,30.0,3,2,5510.908606304324,0.10436840399662842,4778.055283687871,1.7200807814219616,0.8670176961784325,0
2497,34,2157.636273144165,13.825747670485176,16.67457229812837,3,2,3490.184392402358,0.096078784267759,3013.1834878108825,1.6175962722930906,0.8633307438914003,0
6554,46,,,21.03890672374797,5,2,2966.282403199066,0.19203828473447979,933.94572930614,1.1613635425167725,0.3148539492729693,0
5192,54,3260.4640111635285,28.51044647471667,30.0,3,1,7841.497470232907,0.15728705126988116,1199.9807712301308,2.4050250036143144,0.15302954260782145,0
5071,25,3871.9245425658696,4.364440466645843,5.481052109665377,4,4,4271.147803377041,0.3421210974234871,1729.827317736831,1.1031071903448335,0.40500291663264837,0
4006,37,4728.402678982065,12.617476714652371,12.985187276949793,4,1,11307.815411835221,0.1565947766380518,718.2651407066035,2.3914662475975037,0.06351935493701444,0
2702,57,6119.8663456271015,36.78370666074599,30.0,1,1,24119.71490202247,0.512299036491552,5747.692390628302,3.9412159579689203,0.23829852110508776,0
6583,61,3088.7097169108038,40.0,30.0,3,4,3835.202000721075,0.1197381824975195,2982.5413217118394,1.2416841827910203,0.7776751579580625,1
331,53,2346.4325664856187,34.208828237369666,30.0,1,0,6940.859925937565,0.07965329915374784,1253.5735772605162,2.958047900065278,0.18060781958385144,0
4700,24,7243.323733998369,10.332082570516175,14.321486334171482,5,1,13382.130902729117,0.30594554110399785,,1.8475124672278151,0.2488702563668346,0
7748,31,2451.2516366227105,8.50477698038792,10.67546556140812,3,1,9390.184508508239,0.2798668699785236,2445.5942481720963,3.830771336657163,0.26044155425872595,1
2459,63,5399.97898105753,40.0,30.0,3,2,8355.051338272191,0.3603787492443786,6006.879236074374,1.547237751772867,0.7189518044680961,0
1774,36,10177.463528970049,12.88080863910862,15.352746120166062,2,1,16308.942460965483,0.4165419486674068,10885.697893724999,1.602456487762618,0.6674680421357357,0
4988,60,3574.0823184261217,35.95365099218794,30.0,1,1,9958.506075490846,,2300.947427420989,2.786311334842495,0.23105347428405087,1
5239,24,2873.50165504114,6.683053986831428,8.146039197832259,4,3,9767.180137877709,0.3177032571862998,3749.629349556882,3.3990515094162603,0.38390091066464466,1
2686,46,2464.073827135796,25.57364755219629,,2,3,4939.193969715406,,2604.7641960826977,2.0044829482469906,0.5273662488360997,0
6752,60,3648.464487098417,,30.0,4,2,8351.21374053571,0.26768593055515977,2393.835873252202,2.28896670642321,0.28664526470360024,0
6500,54,1884.5679388091385,29.827510946219604,30.0,1,1,5079.234471675131,0.21594201843124844,633.3942575249197,2.6951718572081345,0.12470270097927302,0
6922,54,1040.29894078801,35.58499486771252,30.0,2,2,1397.779806708139,0.4740541219495585,,1.3436328269731226,0.8896424519884955,0
5888,31,1797.9107413614652,11.321474710063956,10.932801586309592,3,0,2379.199538335943,0.01229553033735729,470.2480670758863,1.3233134902649828,0.19764969667268287,0
6845,54,1313.1434552593134,31.180355433648966,30.0,1,1,3429.562149787533,0.3944095855633203,1845.7430466177743,2.6117193335211644,0.5381862074527854,0
6121,45,4538.103568113551,23.111974299161083,24.41680995311905,4,1,6056.775745569832,0.2417804282573141,3572.212285826296,1.3346490785549832,0.5897877742029916,0
5712,59,2833.0409942472265,37.82454771549482,30.0,2,1,4022.5287955444687,0.25752730291846526,1323.3973162525124,1.419862544775249,0.3289963561524695,0
6027,39,1842.5713541703392,20.708674243372137,24.409932271977834,2,1,5452.922466369965,0.23839334461568773,805.7417571125322,2.959409118147976,0.14776328878354988,1
173,23,4301.895986041528,3.802274063931397,7.55784259856722,5,1,5738.775472003247,0.05032816500197682,3569.120665942102,1.3340107456395969,0.6219307033972913,0
3321,57,3289.5799536188497,35.51400306791292,30.0,4,0,11314.061673119206,0.16472546767608034,4494.20473153277,3.4393636368900733,0.3972229303125011,0
6147,26,2381.7035873696077,4.871715358276438,6.402799027740033,5,0,3987.6984744248603,0.3168802463359234,1683.7576454293542,1.6743051047880142,0.4222379541051433,1
3372,37,1476.819650082086,16.468380249873373,22.33224303871728,2,1,1955.274143424095,0.3165136967129326,629.6823832661362,1.323976250800438,0.32204301651707534,0
3311,24,5292.344430944024,5.931583212444238,7.785268949708155,8,1,17669.33056773333,0.5835604105441763,4036.417407771865,3.3386584713613505,0.22844201099179887,1
4801,52,2836.196415990124,27.387805071808625,29.567329522045952,3,1,10890.243476281534,0.8301251213453099,1774.175660188005,3.8397352929732547,0.16291423273061623,0
7239,64,2435.1603048495613,40.0,30.0,5,3,6941.155064995657,0.5972575698775365,3473.534930830911,2.850389377312253,0.5004260671754758,1
7845,29,2306.277851599079,2.9597645000669175,5.356555823429659,3,0,3905.3114290597578,0.17928366703193743,3049.681346648016,1.693339519499775,0.7809060562891541,0
5344,31,2838.858202350921,,12.008984237018362,3,0,5702.322578916874,0.34953109344527794,2778.4197040037975,2.008667630596926,0.4872435162255489,0
3403,37,1258.138559169051,15.088651324182281,16.400566982778063,1,2,4802.368566797877,0.3929355092027666,268.3741233232525,3.817042671333152,0.05588369980153334,1
18,44,1374.0361870312006,16.78658189949958,17.87030408756137,3,0,3355.718814903441,0.20451026300780178,1231.1933412871401,2.4422346708014624,0.3668940722384593,0
3691,61,2877.075750394645,37.08003593238909,30.0,5,2,11491.995308319712,0.11652312096561498,3674.7837622772736,3.9943318512706414,0.3197689925627526,0
6046,36,4313.404261714527,15.363965475070163,19.44920003873896,2,0,4426.362078184225,,3325.6990850286393,1.0261876257396747,0.7513391417795858,0
4096,36,1440.2604284407535,14.19354178268483,17.568582905267878,6,1,3082.9824522174417,0.38391666960394805,813.3796921833871,2.1405729070506525,0.2638288426190561,1
3628,31,2450.4375009870237,8.197469229700388,10.229509524493274,3,0,8415.035120849669,0.3148338558817585,641.1273904625805,3.434094979961797,0.0761883202215139,0
6339,61,1964.5744245458477,40.0,30.0,6,2,4915.366656867047,0.44234417252644276,,2.5020007363698307,0.3681910200454863,0
2174,57,9687.889562889743,34.55162034424509,30.0,2,1,35186.42237085593,0.3643235586485232,13783.53983855025,3.632000771936998,0.39172893718137214,0
1356,35,1898.3151233239132,10.161013079238062,8.77112190439131,3,0,7541.745825913791,0.20040219464303866,2096.4449708133866,3.9728629526526342,0.2779787358531633,0
4856,33,3523.900768786582,16.65915502594989,20.290791729423486,2,1,6663.6572436760225,0.10390901166419152,3277.283532010513,1.8909889014753904,0.4918145414998254,0
7256,37,5347.370871968341,,16.31222715181137,2,4,8869.036126484296,0.26048999633877423,4578.438756124945,1.6585788303887827,0.5162273206276642,0
3112,42,3635.8919187693873,,22.005520189806752,6,2,9118.800857596385,0.33638548478784747,1651.9172103951196,2.5079955788902426,0.18115509223112333,0
182,64,5838.965975231112,40.0,30.0,3,3,6249.006519935923,0.1805476279011132,1079.3357601114665,1.0702248559837826,0.17272117682516577,0
6255,39,2190.481880827178,18.63359467522113,18.942520928934712,6,3,7548.912062618588,0.3399311242403298,1075.6366949691626,3.4462335108510183,0.14248896874764266,1
6332,47,3207.495583469325,27.586332572554,29.153867436513234,0,0,9720.033099164364,0.09351290633156359,4422.552087670199,3.0304119978400346,0.45499352137498467,0
1812,32,3714.2841248471163,14.908336725445825,20.314831941223986,3,1,11165.500894730261,0.20074999588752462,2826.3228109950064,3.0060976811217546,0.253129961444805,0
5171,37,,17.721537920512674,19.200171801224077,3,1,19542.90180707075,0.38195145775534295,4447.90070107206,3.7840050126039655,0.22759673793493554,0
1800,42,4603.194201694205,18.214633936978387,17.76601297695555,2,1,14921.522606535153,,6796.516847584286,3.241558351164782,0.4554841370281896,0
2429,29,3002.416413210617,7.138227363507646,9.139258717662788,2,0,6665.683866499651,0.1560317325150577,2114.8333392163468,2.220106390696066,0.3172717730951901,0
6183,61,1583.7069617358377,,30.0,0,2,4244.2831152439685,0.028026152399577186,2045.8812544187224,2.679967454706381,0.4820322299119581,0
7704,42,3740.203951975593,22.306251425754724,23.310781328711673,2,1,4465.612978844752,0.42539041240802644,964.8611857187512,1.1939490563037332,0.21606466800630794,0
7820,39,1167.738916020971,13.784072224010325,15.158933334075885,1,1,3912.8123520330573,0.2932056905153387,1531.4360793035291,3.350759573352087,0.39139011573294863,0
5577,44,3060.927340786611,22.87751413457439,26.0024912125486,3,1,4783.531244126682,0.3181694987446249,,1.5627719026147773,0.9534896649535572,0
5330,54,2702.8448884737677,31.188088795209367,30.0,3,2,4610.735493367815,0.1834215773127174,3196.5829623449695,1.7058823882310865,0.6932913343094623,0
7626,22,2721.8248400848265,0.0,2.6096905281758795,4,0,5327.012795308876,0.17502673462615828,1051.4522699565705,1.9571475419200222,0.19738121727105862,0
1159,49,5931.123440681623,33.77219027424626,30.0,4,3,7524.869941228371,0.3823006598678007,3434.666946630127,1.2687090424750274,0.45644203467381744,0
1213,31,2449.9650883837635,9.760333947265467,10.67477598829063,0,2,5686.93525887233,0.2814931064341177,2654.0326245811393,2.3212311415523024,0.4666894388221699,0
1325,55,4988.8348098848,29.609624267840275,30.0,2,1,7400.208909186213,0.05234551765370364,6890.707946427984,1.4833541680962363,0.9311504622354969,0
4932,47,9077.473153839162,28.988057272221443,30.0,2,0,20415.688577956655,0.47543797536540333,10955.240402357276,2.249049733550816,0.5366089103742467,0
1455,44,1944.9237404505861,19.216924411503825,20.408968392069514,8,1,5878.460475945264,0.3997872515723041,2034.7100437528493,3.022463222431222,0.3461297480996783,0
4694,61,1892.2003102078309,36.04520893451191,30.0,4,4,3836.0357820188988,0.06945777174524415,,2.0272884225442103,0.5204034318324176,0
6127,49,3266.3213265843438,25.637162262860635,,1,1,11136.748083829443,0.3512300525433363,3043.2275029842576,3.409569044290985,0.2732599750014121,0
1644,42,3668.8790725627136,20.738090222653238,27.467283196264177,0,4,5085.69209538961,0.2553432137733627,4565.986840134886,1.3861705427748676,0.8978103185354344,0
2140,42,1197.4393210317398,17.52278351663026,15.90986585629793,2,1,4294.597335317339,0.31414068276794,1300.067364009083,3.586484308546858,0.3027215970442122,1
4536,62,2169.242574705507,40.0,,3,2,6960.961294082688,0.19192593302366007,1456.972564688466,3.208936324250273,0.20930622986325126,1
4457,34,5916.246113062953,14.366389325258341,14.782053734747931,4,0,12635.33937106406,0.13625266295857222,4154.308557257186,2.1357021208373133,0.3287848814548572,0
6466,40,3105.992330036001,14.821445593481563,17.745327154212443,4,2,4319.964450735601,0.36347612200513124,3019.726157414305,1.3908483961663642,0.6990164367903787,0
4378,22,2906.55754650033,0.0,1.0,3,1,9314.717496500245,0.022961426346818102,3018.2835200368118,3.204724952965657,0.3240338229442654,1
729,25,1713.789914226282,9.521820153093397,12.687223841772518,2,2,6286.041027010684,0.4943575061295637,1337.4125198970235,3.6679180889266805,0.21275911406722517,1
4357,61,3192.157148856721,38.29313283122241,30.0,2,1,4390.836871104413,0.3390633996354257,1140.3094487826731,1.3755077417404096,0.25970207553984004,0
1936,58,7880.808344800862,40.0,30.0,0,1,20334.066200529094,0.1951916811486068,,2.5802005721841863,0.4292632354234432,0
3793,49,3229.2978421157995,25.560711552585964,27.815280218173367,3,3,10149.599226225853,0.25065772093857414,4839.7012276278,3.142974021738407,0.47683668288323655,0
7464,33,2229.6277822084603,1.4531562543944645,5.315674943914747,4,3,6371.271922525743,0.24292309966069686,1185.4985836808105,2.8575495754788984,0.1860693748589602,0
6903,52,2526.2709001398293,31.28402532952327,30.0,1,0,4629.763410139953,0.24708268973884157,1331.2755640718153,1.8326472469297315,0.28754721270553485,0
7074,56,3928.5392064989837,31.48664052766502,30.0,1,0,4028.6760847479304,0.3255498777309202,4304.483346017575,1.0254895962558526,1.0684610168372228,0
1110,47,3438.2966458793267,25.866562446803908,29.941610093077642,4,1,10013.703524709374,0.3081083542429115,2450.5184186307547,2.912402435290286,0.2447164940108286,0
6503,41,1690.7533630893226,17.41305499369187,18.43787401306259,5,4,5386.348712273483,0.1820805520346488,,3.185768444920681,0.08545746937966413,1
2998,43,5687.89520520078,19.275945578383116,15.176950326540169,2,0,22509.324975333613,0.5474900941978025,4434.671987287585,3.9574085251697326,0.1970148812613097,0
2394,35,1936.5025506317916,15.6342621552361,17.68302035007006,2,0,6925.58128198147,0.2540169354977658,2613.243083661463,3.5763347069808775,0.37733194908280554,0
1185,55,2565.6085822920204,35.78531217284268,30.0,4,1,4541.205486348819,0.3759899376897961,581.7397725550593,1.7700305173955542,0.12810249928214207,0
2007,35,3972.9247112566372,18.187645429828645,23.899104391207306,1,3,11392.966846375106,0.17502405645690108,707.8969724494124,2.8676523403765954,0.062134559153452076,0
193,57,2799.6298859871304,37.58627596144442,30.0,4,2,5512.633779772476,0.42882065825232424,1776.0489816837924,1.9690580556253632,0.3221779375587499,1
7640,41,2634.6467824417673,20.531138640646816,20.770318938682447,4,0,2896.4517795806337,0.3234719404149323,2692.9290525558135,1.099370055554934,0.9297337768715461,0
578,47,3174.8307876456624,20.814668968574484,21.381057924828195,2,0,10546.486663495043,0.15701889810237238,1374.2507156560835,3.3219051246872686,0.1303041249189486,0
771,63,4650.908676597168,40.0,30.0,3,2,16084.664315714352,0.3850085125897995,2478.6580656935803,3.45839177549336,0.15410070219942282,0
2395,41,1504.7683195410975,15.213104583334834,15.96014680660017,2,2,3313.54119229355,0.14961262940496858,1984.1910910595498,2.2020274810836433,0.5988128639155811,1
7919,63,3301.144458266238,40.0,30.0,3,1,3357.713768846542,0.6836036832101249,4030.958611068609,1.0171362723732527,1.200506918865018,0
1846,56,972.9047559608688,28.24575800552602,29.758523457632222,2,0,2660.748011125008,0.4474699233975637,604.8479407387943,2.7348494236696133,0.22732251915996157,1
6696,32,2795.912198865093,13.453458589803839,16.692038775249706,5,1,5553.7402386602935,0.2793573431559135,2273.252070216584,1.9863786283827682,0.4093191205436989,0
4274,21,3414.3355611126563,0.0,1.0,6,4,3770.614051121761,0.018771568418091668,2117.8658447057887,1.1043478251133,0.5616766436426242,0
3740,35,3737.9028523783636,8.390771466279341,11.77851595064469,5,1,6479.006310238276,0.11582783085326677,446.59031314093704,1.733326564684739,0.06892882824256934,0
4600,35,,17.76175623572611,19.844443820113074,4,2,3676.242092371792,0.4542983053930453,848.4704269408224,2.0627940653260772,0.23079830044419541,0
6682,45,2343.327876314502,22.37605350510133,24.406504369380766,6,2,4443.936491095779,0.09812406552004607,1600.828981781046,1.896421126558284,0.3602276911446851,0
6259,27,3229.369628212635,3.3517949445353006,5.433613475554541,2,1,8658.780833875955,0.22711346526498769,1343.2548405998525,2.681260379186865,0.15513209842944684,0
2073,28,3465.629215421983,4.104842117010984,7.165234239220546,3,0,13067.293693954525,0.3606371392616675,4943.688272840889,3.7705400323281326,0.3783253356529398,0
1896,40,2635.8924146259455,15.162597205202857,16.028744366798858,3,1,9915.356368811703,0.3889737379365139,1035.970596274249,3.761669601457832,0.10448142837637654,1
5894,44,5681.670305146121,20.10525393442716,20.318382996005635,2,2,9700.418979560485,0.14387101582885342,5079.373634562504,1.707318175567917,0.5236241491491375,0
3659,58,2666.449221961798,40.0,30.0,8,1,9643.11925581375,0.33999086025995695,3023.2556918225723,3.61646461383539,0.31351429051340196,0
2379,57,1862.8212936598525,40.0,30.0,5,2,2012.2021591482796,0.3083145682253989,2265.614125794805,1.0801906581145748,1.1259376278344664,0
1447,44,1780.2526874373477,22.323280522337956,30.0,2,2,5334.366436498469,0.3215567566796795,2332.8629904381673,2.9964097086561488,0.4373270974555475,0
342,60,1282.7874494251932,40.0,30.0,3,0,2111.2524664606867,0.2397008070554549,655.7415724424943,1.6458318698134458,0.310593632386269,0
7059,25,2878.474878967294,4.400814157689372,8.035581216505463,6,3,9327.155261261762,0.3934776996329395,4236.879681392534,3.240311502947023,0.454252080373258,0
2527,50,,,,2,1,3733.8035426821752,0.1341972538094893,2246.3353768283555,1.5428166524842788,0.6016212023878209,0
727,21,2256.6454290956513,0.0,3.288236234649469,3,1,3598.3177095006745,0.15305055694393743,2925.7941715597167,1.5945427948522233,0.8131005674776057,0
4577,30,2807.8937991696275,9.106680504741087,13.558875500992185,3,2,4581.499576864042,0.13103370893109048,1880.6061069020368,1.631649878716538,0.41047828889886734,1
976,46,1530.5084007952914,25.11817208176769,27.84820330414318,2,1,2963.912558032483,0.36666966308348803,532.2882662960347,1.936554256410718,0.17958973346007906,0
5647,42,2325.1159908634027,20.468958904578653,25.25757211964042,6,2,8616.685207054323,0.1701531507317425,1259.0907705889872,3.7059162815591944,0.14612240558099912,0
3516,28,3860.670591326064,9.453371098820229,14.46756516634724,2,4,5653.098637558612,0.15616713191811515,3474.672088246773,1.4642789390681696,0.6146491174170224,0
6064,43,5587.900257340271,23.506026111927845,26.37005974006239,1,2,21048.49117154489,0.4740613045748477,3387.7352109379813,3.7667979387956274,0.1609490762700276,0
7674,63,1048.0586652592078,40.0,30.0,6,0,3761.167881953111,0.44023604497318725,541.6040170700335,3.5886997614039973,0.14399889451060283,1
3940,39,3582.8966764015513,19.67928343465638,,4,1,8788.805521348879,0.3364197771063839,3079.2684088510146,2.4529888286300885,0.35036256080205286,1
1299,44,1280.8896979036178,25.30904642400872,28.12373072406279,2,2,2180.2647444094496,0.3286139455551429,1431.4709317256306,1.7021487080252138,0.6565583080660975,0
7347,22,2786.242568019491,2.651829362786182,4.56813555516487,1,1,4945.53430216462,0.08708078323499652,649.6001529387673,1.7749833984052548,0.13135085377012604,0
660,37,3372.6394738732415,19.772240351179697,22.07161067093319,1,3,4069.99375616328,0.2607569468691311,1759.9466563222118,1.2067681077957544,0.43241998925848135,0
1492,57,3777.7292334328836,32.98943026824198,30.0,1,2,12172.33283267606,0.5998100581661934,4977.535693164589,3.22212950704645,0.4089220826925326,0
5391,57,4906.166097665083,34.076621463955846,30.0,5,1,19389.506842746337,0.15320405029384493,7285.834266343419,3.952068979477497,0.37576171098281785,0
5571,44,2318.4880059940483,20.133373690524394,24.7457407590664,3,1,5616.708135710671,0.36171822103223394,2116.611390936285,2.4225737295986205,0.3768419757257823,0
5857,57,3380.771575596118,34.35352541975538,30.0,4,1,8865.908289047877,0.1700138577867992,1424.528625821347,2.62245114489422,0.16067486594476485,0
2315,23,1857.371471613158,0.0,1.0,4,2,4600.458337408825,0.32787195623673426,618.0776427813964,2.4768649716651727,0.13435131837962133,0
7426,57,2999.3270488411235,35.98883859333182,30.0,4,3,6144.872860547993,0.16346593272714202,2758.0380274230843,2.0487505231956087,0.44883565372532797,0
7367,58,2092.32741472244,38.45970348394641,30.0,4,3,3449.6623382854955,0.11613850722777365,2010.3385223691412,1.6487201352963747,0.5827638549018952,0
1085,21,4567.331132825755,0.0,4.904703683094589,3,2,8251.291908998259,0.40713868357943,,1.8065893776992867,0.666374062906724,1
7545,62,6929.051469272058,40.0,30.0,2,2,11385.39147956561,0.38108307816771236,5748.144593859613,1.6431385349143204,0.5048701754503855,0
3198,30,5846.451588668761,13.78706207119071,12.576159330342138,4,2,13116.005759570671,0.2506986005224823,6670.926954726457,2.243413044758862,0.5086096390174822,0
5787,38,2070.436870964342,16.752191989439655,17.468830413890768,5,0,6088.723631792991,0.7439293447367917,2578.9494172966574,2.9407917320159886,0.4235615825672178,1
5434,58,6501.874580698975,37.97897807123541,30.0,7,1,19394.989889881334,,,2.982984314624584,0.3371694195923045,1
67,54,2527.940553027057,30.943887993934275,30.0,1,1,9533.054017561059,0.03593592361181179,2445.5845424084323,3.771075235984406,0.2565373633573632,0
6362,47,2095.6100076957073,23.660328374672712,23.452630819973265,3,2,3736.822238014917,0.5650890567046674,,1.7831668222103287,0.14758399695643326,0
2269,38,1518.7539372226722,17.64201448173049,19.83473134432514,6,2,4049.327109035423,0.1533322560946609,254.12257343704817,2.6662166989607154,0.06275674120522752,0
5653,21,2982.9656016312706,0.0,4.563452573040649,1,2,10024.643888040233,0.5804907212613285,1357.1815477391312,3.3606300664540467,0.13538451469166884,0
6054,60,2237.493217967939,35.978506006969475,30.0,3,3,6280.106246460808,0.3244606339033686,3045.4416264515557,2.8067599025682477,0.484934729912863,0
6308,61,2926.0143344028843,39.244812744420166,30.0,3,2,7598.438333441642,0.09110784051447968,487.14958380936355,2.596856154839127,0.06411180329849617,0
3447,57,3434.6392272857333,31.80925109980805,30.0,2,1,12178.626687226706,0.47801316579013015,,3.5458241408519107,0.10944220531622016,0
2367,53,2683.480600080101,30.60594828650242,30.0,3,2,8474.239238452617,0.1862431619540412,479.88619339225176,3.1579282660734216,0.05662882294079276,0
4761,51,2336.0408178220064,,25.523916720412693,7,1,7928.629258750428,0.09682529386832098,3156.5082273737326,3.3940456854442456,0.39811525099247813,0
7127,47,2272.6675642682844,25.47242854470538,26.218220007682756,7,2,5820.079486220229,0.0573484392716784,2963.311756851985,2.5609022532488517,0.5091531419575968,0
2512,52,2299.8664933762584,31.875701605401215,30.0,3,3,7168.4744215929295,0.2801921729996744,3119.459171631622,3.1169089346005645,0.43516360499734297,0
2723,45,1806.3785772399626,27.6148301129375,29.786496876355802,6,0,3428.435226392872,,1991.3513040603768,1.8979605214491162,0.5808338710122048,0
6817,32,2718.606525286717,8.488157916215934,10.445829716424019,2,0,4977.271133097449,0.18369363324142418,1285.6492426313887,1.8308170332124551,0.2583040401560976,0
5924,30,3661.5677807190264,9.768782987716373,10.443605735209223,3,4,9387.382156852056,0.513482015690361,1238.2469039155696,2.56376031225855,0.13190545385560404,1
1143,49,4456.463528200514,27.20150698870313,30.0,4,2,17022.263731242816,0.38786360935336106,,3.819679802948208,0.06570551427501835,0
7591,64,3676.747576653726,40.0,30.0,6,2,9329.440712486183,,3438.9554562923418,2.537416702665532,0.3686132494190964,0
6520,63,3882.0743759110082,38.49960833976228,30.0,2,0,6838.5321663691275,0.34174650712339777,4184.355450755811,1.7615664987779442,0.6118791794727297,0
6864,41,3095.7013389025396,19.45014881764626,24.31421845183922,5,3,8336.664319789363,,3622.142079428224,2.692980816665216,0.4344833785414719,0
6907,31,1273.2591714463788,8.9531686849052,9.791771473086364,3,1,3409.596593707268,0.2597533237566989,312.31687875204915,2.6778496241531746,0.0915993637864548,1
3789,50,4643.6474582014935,26.527315791801552,30.0,4,1,17601.294611686608,0.3575863560939045,3541.1376536079542,3.7904028611387464,0.20118620429526643,0
2220,50,2412.677655565116,30.63718692450755,30.0,1,4,6434.187131323492,0.3853547874974132,,2.6668241886695085,0.06072961908347164,0
2331,52,2104.9281290066133,27.552317724730393,,3,1,3727.807034616222,0.4571520295128123,650.5247111172807,1.7709901745555086,0.17450600448911172,1
5505,46,,23.208099532548836,23.952310238587057,3,1,11927.383820451949,0.09641409243008653,3993.737915772237,2.9170551565438436,0.3348377126025033,0
6040,60,4031.444377132386,39.31662799569063,30.0,1,0,5765.760904866311,0.3342730989233281,5063.600067714323,1.4301973103167467,0.8782188771373848,0
7436,33,2544.0958216683343,7.33594841872501,9.560461061641682,6,3,9528.613724757332,,3499.610962993664,3.7453831902089205,0.3672738830729325,0
4088,43,2795.0696257548407,23.257810571718675,24.608413830174612,7,3,11114.68622483173,,4109.536553652424,3.9765328643039015,0.36973932241750174,0
1967,21,1953.2514947210357,0.3918021259627622,1.0,3,3,6973.068562359704,,2562.153670722236,3.5699798931194984,0.3674356056890966,1
6263,56,1273.9502755576168,32.666138116678795,30.0,2,2,1554.1268288975505,0.19208508899238483,1174.7867815436066,1.2199273854839416,0.7559143563443687,0
7388,34,2063.3016316307985,8.027060698865206,10.612713717838593,4,1,2337.0789813829474,0.34076589621346415,503.43540061538755,1.1326889610103976,0.2154122323745703,1
4365,23,6144.245214921178,0.0,2.489124482445074,2,3,12642.194582507675,0.13870885577687977,1027.8737137017808,2.0575667377021927,0.0813050065788415,0
423,59,2255.481512869127,34.875287088372765,30.0,4,1,8172.730479008594,0.44015130393696283,2369.7858514230984,3.623496992716345,0.2899625599436835,0
6934,46,2981.3893129384146,22.77792181258716,,0,1,4923.996847153007,0.41596188648382304,2687.9673386966433,1.6515779491743017,0.5458913606434967,0
1904,48,2724.5518055525786,27.646713001938284,29.1379332586291,3,1,7778.130913791544,0.23937235762511697,517.0538276169327,2.8548295165244717,0.06647533107216481,0
7260,39,3332.1670612928174,18.442155588280976,20.994218760276738,3,4,9719.653442842413,0.31751809131646724,4204.8419153233535,2.91691660833817,0.43261232924099924,0
3917,24,4126.937847022704,9.264768927081102,14.26562370385372,0,3,6488.005578605151,0.11578276589607851,3702.3952452502654,1.5721112890725484,0.5706522906606747,0
3618,38,1898.2557873289063,17.9896863459175,22.27205612524496,5,0,4009.1600998193812,0.6514271256063698,705.5920851634937,2.112023114366896,0.17599498837556568,1
839,57,2715.1219379142235,33.86304380844667,30.0,3,0,7755.606588364222,0.1927760314453465,745.1363220751704,2.8564487215340817,0.09607711706175276,1
4596,26,3733.2906375270722,0.9976208164058566,1.0,8,1,7525.97705880238,0.32596625297882037,2863.0542437421495,2.01590976688265,0.380422929989339,0
4922,33,,7.9776493757994675,4.6361686532280215,3,3,5822.900434515508,0.22158616696073405,5058.19906843031,1.2136709292661574,0.8686734601278092,0
141,24,,6.412144669900574,9.685921560220123,0,3,3361.9779777778604,0.1474521349477878,3107.6842414042344,1.1134696494389056,0.9243618673130916,0
6610,36,5936.690393001662,13.299376261374038,,1,2,12349.076881375335,0.2364058482754391,4293.35312735403,2.0801281629799617,0.34766591613249986,0
1377,38,2376.5673148387723,,14.961943703003474,5,0,4318.3811875163765,,,1.8170666408451124,0.1360954200972154,0
3674,49,2126.725371215508,22.765937135022646,27.63462873829407,5,2,6850.325806379612,0.5172825997328659,971.3617412702032,3.2210674208792547,0.14179788943258548,0
6225,55,1376.343859360638,36.216525789515245,30.0,1,1,4947.227526497396,0.11646181047052521,,3.5944705916699946,0.07658396895770155,0
7837,37,2022.4161157660858,17.61907246252825,19.093585774523127,2,1,3109.178497347834,,2207.4118547398693,1.5373584462216794,0.7099662681389369,0
3808,36,1568.7057426863075,15.261135287259604,20.89924296733459,2,1,5974.117988490466,0.011021956950625644,632.817515857065,3.808310141237944,0.10592651786861758,0
1138,50,5610.190942777688,27.493233185314953,28.66710881331535,3,2,9025.216538840315,0.1537719731533691,,1.608718247007079,0.296251161466,0
2257,22,2046.890903255995,0.0,3.01277535877411,2,1,3659.6182886716233,0.1476705179833709,1691.3607890127262,1.7878912270557548,0.4621686349771359,0
1787,32,2535.3148883009285,10.265714853443475,12.095628829623172,7,0,4789.7982967185935,0.017013825905870843,2204.371741971944,1.8892321103074239,0.46022224849888155,0
3938,28,2589.7166808125803,5.1335133666644435,4.902829391980902,1,0,9875.874597269563,0.307776393160741,3042.756853228335,3.813496152085174,0.30809998884246487,1
5404,33,6477.966463384654,10.695955631189095,10.221725874793128,3,0,22889.08958902914,0.6159855577936078,7266.156230999281,3.533375746602721,0.31745064401696377,1
7365,64,3202.397548696447,37.985403491835434,30.0,2,1,7902.719194725907,0.25325870010393714,1249.4264882924936,2.4677508256096283,0.1581008330811415,0
459,25,4318.318909478838,3.858205687705056,5.029960802784899,4,0,6122.44127824663,0.47209572995006044,2704.6667416044093,1.4177834955189832,0.44176279014945213,0
7315,42,1390.3329756197406,17.0165017594226,17.464945412815744,4,3,4804.380642105747,0.32454462289951486,682.9878641210782,3.455561168693561,0.14215939889011928,1
948,55,2930.1474690785235,28.010345096858018,30.0,4,4,5945.026698630406,0.15469203246899588,695.3829873079757,2.0289172341554553,0.11696885860381005,0
3700,27,3855.821727091069,10.44536786764839,13.426220685002951,5,0,8146.001734982588,0.24033013033954118,3311.1821573889265,2.1126499904673084,0.40647943188733,0
1336,64,8418.482427460285,40.0,30.0,4,0,10186.158995513877,0.3275629136673393,5790.542852007695,1.2099756794986707,0.5684716736267251,0
4628,35,4214.19525255198,9.124611327007399,9.292784511839812,2,0,11084.961263323567,0.15242374245881615,2398.6964482893636,2.630386253843097,0.21639195584975554,0
7570,51,1960.958731031274,28.879220525137654,30.0,3,0,3059.6535296970114,0.3725307541234419,268.5158873268598,1.5602845084291654,0.08776022667947313,0
1602,37,1962.2589353935712,13.259225476915228,14.3953087020499,5,0,7146.2890634131945,0.43684769323362427,2065.387255045911,3.641868529435367,0.28901535282417545,1
2238,21,2033.6630212838922,,3.6429715713185757,5,1,4760.648620838909,0.06555795073528209,2340.458509811629,2.340923039370316,0.49162597289089566,0
639,31,3671.728200765022,7.683493504237099,8.294409466208322,2,1,4422.499986998135,0.3065644814627832,4003.3173590740266,1.2044736824682953,0.9052159120053187,0
7718,44,2778.13304356175,26.309448472888082,29.011278734450084,2,1,3902.3818264462097,0.1293949781653202,3664.5840570594437,1.404677805294414,0.9390634284489476,0
3830,36,1739.998579110165,12.322443373976965,14.539117095647057,2,1,2558.91325136329,0.10971535258443427,,1.4706410005644472,0.7560737664048892,0
5605,59,2369.799595446124,40.0,30.0,6,4,8923.78499602243,0.24195246413248817,,3.765628542249157,0.15973005351868572,0
7706,40,1654.873109730728,17.151047781027188,20.55113394467983,4,1,3922.992793486739,0.3590844110837833,1880.3224845893476,2.3705701485022423,0.47930816689523537,0
7155,39,3116.377315032598,,13.199730456119573,4,1,11775.668227786146,0.5006834386599871,1535.206265464432,3.7786400802570883,0.13037105290058384,1
1070,24,3417.048762404676,3.2812773822867087,4.283117864874741,2,1,9839.375436037553,0.541829953032143,4627.508434937245,2.879495178498214,0.4703050986334559,0
155,22,2367.50200545855,0.0,4.565470549335314,3,0,7580.228402519811,0.21651933513412533,2036.09745838254,3.2017833079096523,0.26860634670397304,1
2295,41,3276.710312649915,18.107403981930002,23.336372590899515,5,1,5081.827570526192,0.45671726206808133,3110.170759292738,1.5508931475899854,0.6120181600279481,1
5584,56,2853.515448527093,30.198846312957578,30.0,1,2,9403.814352255746,0.41399821024953337,2460.7375711210775,3.295518991183222,0.261674409866546,0
4578,59,3415.8650387512416,36.66625365693501,30.0,8,1,4122.329151105756,0.31385537403036506,4682.048713916893,1.2068185084422365,1.1357775040018334,0
1089,56,1759.447668206951,32.470195733755,30.0,3,0,1874.897919745892,0.22406327556007286,1717.7156908461366,1.0656173261786162,0.9161649137031105,0
2940,48,2620.523195979766,24.974258883385012,26.332780635012334,2,2,3958.7256199215963,0.23290330207500842,838.378061485675,1.5106623081966273,0.21177978520832147,0
6768,56,4046.2681646655283,32.6395544653807,30.0,4,3,11280.175433260492,0.21229866246295592,677.5135361477653,2.7877972922718857,0.060062322625769,0
4384,42,1510.082864657868,21.293631919749934,22.495422462658123,4,3,3707.000358025832,0.12747388248372074,657.5207111979627,2.4548324100516887,0.1773727131626516,0
930,25,2510.998063197623,0.5518170414869781,1.4464626714221847,2,0,8344.039325852675,0.12794401766341823,1002.5582868839872,3.3229971174199084,0.12015263204449676,1
2909,51,,31.540350044585228,30.0,5,2,7980.82592393651,0.35361505203171717,898.870677274857,3.768652714072024,0.11262877875570712,0
5153,32,5009.340266588456,8.775409979409337,11.773450269961696,4,1,8803.75210771225,0.6368725246906097,5599.934022383297,1.7574673787747956,0.6360849276387112,1
7548,43,2867.803076608635,23.146668166998346,26.696309662297,2,1,4798.629072149812,0.08955667146181004,2367.965571905902,1.673277050049233,0.49346709993674104,0
3247,23,1602.6149660806004,,4.378761934287491,2,1,3439.1734420578796,0.2865107765978969,2015.4586828976994,2.145976117063737,0.5860299623887885,0
7268,56,2892.7797851453643,33.57763333343747,30.0,2,0,9693.679099838222,0.14118165974801838,3739.192927461445,3.3509910258692948,0.38573516710738326,0
6703,27,4418.446839121987,1.7349713108301623,3.3905793186765685,4,2,11918.157387784355,0.5076379753308841,5130.8180985280815,2.6973635355885994,0.43050430797188244,0
7375,64,5637.959337963754,40.0,30.0,2,3,15134.850455533639,0.3074079030157064,6710.5422734040485,2.684455411663159,0.4433834541754937,0
7090,36,2954.922451064166,16.14329832335838,15.556879827782836,5,1,3483.7223638623377,0.062122395171684955,,1.1789555975006156,0.14655915260007862,0
6911,43,3361.828762063912,18.671699577017804,19.988159971343126,2,1,6609.885531530665,0.016583994755202877,1003.6170350351626,1.96615770741181,0.1518357663302458,0
7509,53,3884.4141148964104,32.18201648518555,30.0,3,4,7242.677238893219,0.043761803958029984,4029.2768523497525,1.8645481724304687,0.5563242319721929,0
1698,42,1844.5278179435481,21.539654602068826,22.751021623082266,4,0,6340.1948904064875,0.31406029102005356,2701.1426573889203,3.4372996865263485,0.42603464153382553,0
7756,59,3144.101917979929,35.5092257794843,30.0,1,3,7689.421781176497,0.1298277788718872,1123.4365213134704,2.4456655610314675,0.14610156046630368,0
7951,54,7075.176284156944,26.856132138403648,30.0,1,2,22880.62905018275,0.34265237801031445,,3.2339305949758583,0.19418492997911654,0
5414,22,1255.4686945854853,0.12160643449521487,4.815659165132518,4,1,4271.409509893134,0.23716076273705927,1512.1559471188043,3.4022429458533123,0.354018022298367,0
3831,22,1714.5656034322499,0.0,4.0386008928807335,2,2,5549.54631392397,0.2388951136955935,1128.4469369174483,3.2367068969625796,0.2033403945266918,1
7291,44,2171.381453628469,23.393544945654174,26.825812571576026,4,1,5923.421575279168,0.18963964113653245,607.4527454795037,2.7279507086978585,0.10255098978851168,0
7729,56,2790.6865819767495,34.319295494642034,30.0,5,0,5413.086165670102,0.2450034490545271,2671.6574793767654,1.9396969192562665,0.4935553208667672,0
985,60,2549.2062293456333,,30.0,4,2,4888.91699796104,,1810.6486170325215,1.9178193359491345,0.37035781499004106,0
1821,64,3188.3109268018507,40.0,30.0,5,3,12355.877722042344,0.393996452413153,4607.138246525212,3.8753678689789357,0.37287017160312935,1
7037,55,2157.6059749448955,36.469106733987566,30.0,4,1,7770.74342863863,0.22004539493476236,797.925471481456,3.6015581708968396,0.10268328620151676,0
587,42,3665.45521826906,17.64748387390636,19.04473836442558,3,2,13997.489235348598,0.4638211075127019,,3.81875876305444,0.3855097731015395,0
7627,47,1972.8604616971195,24.769135692129364,28.267079317310543,3,1,4341.867524027266,0.23140438053454943,2933.7537423395333,2.2007980839619283,0.6756893723966854,0
5557,56,2604.4717879175896,35.214174425599786,30.0,3,3,4766.125841543047,0.0984436965831075,2434.9871761210306,1.829977910935181,0.5108944365037362,0
7285,62,5279.989781107646,40.0,30.0,2,3,17100.434209145442,0.06837803217404073,,3.2387248684329992,0.3590173815163893,1
7946,42,1786.7797107257434,15.984733517711748,16.678260096966277,3,1,7063.297808099784,0.35815524517559977,1973.2155469075435,3.953088209867156,0.279361793954769,1
6464,62,1844.9195512335764,40.0,30.0,5,2,4633.302130157154,0.23254321294703797,819.9333955891285,2.5113843728628544,0.176965233985576,1
6353,54,2288.613704139509,,,3,2,7007.344648989436,0.20952330231959818,,3.0618293669722267,0.07082856331509041,0
3557,31,2251.041467058481,9.8284963446631,15.117332539442854,3,1,2935.425766342986,0.18344140811485532,2507.5358530732547,1.3040300719909952,0.8542324189642835,0
1395,60,,37.87335842592806,30.0,4,0,9798.861508815,0.13719714597651525,3368.338818276666,2.8467523488366133,0.34374797676715074,0
264,36,2659.283246428087,7.354292748723513,8.64208638528589,3,0,10250.254691778036,0.3284255771936194,2203.126040550028,3.8545178312788,0.2149337852372786,1
3547,37,3061.038454708914,15.53393013556336,17.574432448877204,4,0,9589.448420077675,0.6247465304186083,1038.3863785871163,3.1327435319624475,0.10828426548632557,0
5448,24,2591.8866831991054,2.380456011831919,5.218496710378033,4,1,7027.522739612213,0.2906227154189221,2238.73503166148,2.7113541595646864,0.31856674316289957,0
7303,55,3659.9470856724643,27.22208465142195,29.536139118423584,4,0,14240.745348241808,0.33267298259263284,2689.859857940907,3.8909702831469404,0.18888476636322993,0
7054,30,,8.309811166377905,,3,0,4141.097951824669,0.5905583290459101,1225.5283599770553,1.5843854849756551,0.2959428572408092,0
3864,22,3196.818309290305,6.349883499517974,4.715994985349432,4,0,3487.3514498209875,0.24732185406925739,2197.3460730625175,1.0908819683891202,0.6300902288398009,0
6644,24,2180.921484118427,0.0,2.4546373961313623,2,2,8102.672866644858,0.2724787500810161,1686.0720036800037,3.7152519820859684,0.20808837175456274,1
2400,21,2859.249438937701,0.0,3.214260009754364,2,3,8871.662587436382,0.17550342019336423,1242.4280759132844,3.102794204178449,0.14004455914190772,0
6658,62,5813.948473036032,40.0,30.0,0,1,10274.978647427299,0.4774298026125183,6996.881740197633,1.7672978518954308,0.6809631416557297,0
3711,31,1658.21096824371,4.718926614485784,8.442313841450138,4,0,1875.964135393382,0.07784391363010423,1596.140806446334,1.1313181322038321,0.8508375913655885,0
246,43,3788.347377197322,17.718313074561344,19.548372807905324,7,0,14724.696291720056,0.5380482085230043,2835.997503124275,3.886838989568484,0.19260142599470823,1
1594,49,2463.623928350338,24.074800907384354,25.447698826100478,4,0,9076.629590408085,0.3785262565197836,673.4993208323626,3.6842593895756925,0.07420147689447379,0
7772,48,1605.0006366320788,25.883766461249884,30.0,2,2,5383.621375791893,0.08520232204494191,1507.8796734636176,3.3542799005294124,0.2800865009274206,0
5624,43,,25.152903016360852,23.028474677192456,5,1,3027.413102028261,,2357.0638507584667,1.7418956881427223,0.7785735779432665,0
923,56,3116.8457941082147,34.366750694132634,30.0,1,1,9308.29665920331,0.616718069862444,961.0894724573831,2.9864476057169136,0.10325084251662021,0
5676,49,3786.3314383805555,28.803020622903038,,3,1,14240.531527612218,0.5128400463250585,3228.620366007543,3.7610367077909608,0.22672049563229343,0
7430,64,3881.3768683343146,40.0,30.0,5,0,11862.22943576633,,2010.6877174541667,3.05619109871621,0.16950335755533893,0
669,26,2087.487665697771,2.2176459983125807,4.639787003375586,1,5,7611.054713939944,0.21668630359414356,765.8017920049928,3.646035777363909,0.10061703939697042,1
3604,37,8489.875579029767,14.90954869713101,17.453399565148068,3,2,22482.44317849251,0.2847144658770785,4766.254298990413,2.648147545769078,0.21199894785233922,0
1910,22,3512.304410734051,2.0025427061915453,5.368082465436464,4,2,4127.174867644252,0.3890840458360455,854.7718680732806,1.1750618354807398,0.20710822668901727,0
6086,47,6237.217424584999,27.901435575234572,26.399275773254956,1,0,15349.42962948166,0.253897538515284,5051.988304908875,2.4609418887626724,0.3291319890613732,0
3958,62,3373.9237177645487,38.90127677179803,30.0,1,3,10655.065072257901,0.4476419238106808,791.4952867759624,3.1580634192042725,0.07428347752063401,0
2696,39,2749.095018083724,15.759147257306727,17.672841465112498,3,0,7451.509842300471,0.46085544977930604,1520.5591580946932,2.7105319362495512,0.20406054481238634,0
2591,21,2372.814936145262,,2.8601718658938693,1,2,6103.490498613522,0.2836776782644776,2037.6049940223597,2.5722572821161096,0.33384257655274885,1
1781,62,1232.285634998056,40.0,30.0,3,1,1307.909323762289,0.5235148932720868,1297.0475057649119,1.0613686361477,0.9916952820810755,0
3013,34,6462.868204542113,10.743375876526178,11.001142306068633,2,1,16213.174017154464,0.3170378676002302,832.990746581675,2.5086654259419716,0.05137740122324742,0
2307,22,3662.1629126826797,0.0,1.0,2,3,10835.047400215159,0.25663878660658834,670.0413979825387,2.9586470232363467,0.06184019074704124,1
4791,60,4007.176818795414,33.35489508969589,30.0,2,1,14312.26768957027,0.022494722612845845,2125.7065736394065,3.5716586356857194,0.14852339403828127,0
3690,50,2189.393869415246,28.285448814976423,30.0,3,1,2882.0213186384376,0.27729749503576046,3072.387611527184,1.316355800068163,1.066053048135911,0
687,33,3708.546867219817,11.064829087619716,10.851532052133951,2,1,4553.423011484427,0.5559618569755007,1698.264606936687,1.227818650947234,0.37296438364136275,0
612,23,6826.709707589837,6.596694702061689,4.822227049015014,5,1,23020.7428490906,0.11993278348674935,6175.616077083561,3.3721578674271835,0.26826311025525923,0
3200,31,2956.906013157076,12.12502856990901,15.263299531310189,4,2,9146.853847183795,0.24697477921260197,1694.5551479933029,3.0933867381931894,0.18526098441105363,1
2267,46,2892.300829062535,29.58152017600907,30.0,7,3,10766.170552271902,0.24691140355573526,1836.6204696494246,3.722355034473188,0.17059180520429865,0
7666,34,2112.251948343544,10.243741017488407,9.28655967176334,4,2,6748.267318469662,0.6781336071621088,678.0677481628552,3.1948212067039368,0.10048027384852086,1
6821,61,2674.2655109003335,35.61827400483655,30.0,2,1,7569.226045192163,0.22125255560642432,2075.1001179531013,2.830394369721301,0.2741495769268468,0
1898,63,1185.954510424016,38.91127033867701,30.0,2,3,4165.844839179176,0.3279507370416448,1592.3934153199477,3.5126514571707776,0.38224981409382197,0
5792,58,3098.440540893478,28.623034937971582,30.0,3,4,5756.4680266234045,0.1273229968292613,3186.589308289573,1.8578597686962381,0.5535667519652228,0
258,57,2078.68376410363,34.45808884167447,30.0,0,0,5907.3896955428845,0.22205081589599845,,2.841889563750102,0.359694868828669,0
2924,29,1513.4727206477846,4.2847349235067025,8.281006995947799,4,1,1798.8379603353453,0.31027033079332156,1606.3799155399315,1.1885499723876232,0.8930097935227389,0
2822,52,3032.4409038263925,30.781773435420178,29.33014399125052,3,1,10246.669272483383,0.24193258624198008,1502.740660804628,3.3790169693179966,0.14665650084365647,0
3339,48,2419.3804401106663,22.98869061515112,27.15132995855933,2,0,4831.87945838741,0.2068526258073998,2071.7111095192013,1.9971557090733492,0.4287588561264758,0
3525,24,1167.6457077992468,0.21049530643654135,1.2221747683990527,3,2,2013.3206349508032,0.20827331709631236,1317.4887790089704,1.724256443117036,0.6543859711849445,0
4563,23,3107.8092696421954,0.0,1.0,7,2,6611.684859125063,0.11725910138652584,2852.583089428316,2.1274422866646097,0.4314457131893312,0
2285,62,6009.240009234598,39.61215605974671,30.0,4,1,14784.975993689583,0.11810759787917374,5840.55776890467,2.4603736863511894,0.3950332940274976,0
6763,40,4232.392391434031,15.388648003415799,17.64718825707212,3,2,13798.447014401085,0.13767685896985704,1730.4862400998318,3.2602003165698576,0.12541166685597066,1
484,49,2396.9048569182332,26.526864885492824,24.803929207568096,3,0,7906.532450173227,0.13261909030959268,391.295570130668,3.298642592071374,0.04949016178667489,0
2211,42,,17.966793251366497,18.310065984103833,4,1,17853.59070052693,0.2129358765293951,1052.405187449244,3.8301766991342396,0.05894641616367869,0
4965,51,,25.880306162943686,28.67561336828998,2,1,2443.390860474209,0.2363602212417024,375.00480986614986,1.2777221713053573,0.153477209042752,0
2555,48,,,30.0,1,2,7185.437799774541,0.2270108429272997,6234.229793698503,1.6124902728751858,0.8676200347728451,0
7,39,1868.9535798037268,16.454446866439902,,4,3,4581.990766030494,0.28544425564615195,2521.0484177693893,2.4516343346054024,0.5502080965460878,0
3657,33,2237.702314276322,13.018644863915249,15.552278852084168,1,0,3610.041548802756,0.18612586352040272,1393.6588692256182,1.613280518043461,0.386050645230888,0
6784,39,5154.596460925078,17.979599604425978,18.527733982225364,5,0,17832.137712093318,0.4137092516647986,4215.373119867738,3.459463383268037,0.23639191149858468,0
4402,35,4347.678112430311,16.274682525960596,20.103730469724646,5,1,16049.814081575583,0.4818707782256754,654.2407104204585,3.6915828786146934,0.040763133273393835,0
2426,33,3610.8746993370964,13.276698364626563,14.463970957419459,2,1,8198.124593573988,0.2052285610255565,457.05986003878945,2.270398525620134,0.05575175820053417,0
1814,41,2174.6013060950945,18.30364855316082,22.001201822498174,3,3,2378.4749817753027,0.22921037648253706,1830.377821515394,1.0937522087882408,0.7695594175008699,0
2274,35,2600.5826957650065,11.276401337948698,17.162536984723886,1,2,7049.205435909072,0.22372503900004903,2201.262761582636,2.7106253715325233,0.312271046942294,0
1011,59,2838.241351413676,34.7779121873841,30.0,3,4,8230.998216000615,0.3480509418498056,4023.2691850828414,2.9000346330310864,0.48879480708206496,0
6144,45,2174.7450029112233,27.965414401399244,30.0,2,0,8060.401556316976,0.0343375681318964,1703.1176278247897,3.706366284565278,0.2112943897305027,1
1067,32,,8.014822480413661,9.07931799339398,4,1,14990.484882867984,0.15308763226946087,3390.77465885586,3.6938511361305975,0.22619512880007225,0
1991,24,2536.0066991211024,1.252669835353688,1.3032364221620767,3,2,3251.0483867478106,0.5469484906672505,3177.456106023214,1.2819557566131503,0.9773635234023033,0
3970,60,2577.7906296940755,38.44218592306496,30.0,3,2,7871.126534990701,0.48304303145625055,1525.0896917110174,3.0534390358633674,0.19375748629263007,0
5694,33,1432.1498950984483,11.526883138046799,11.166812108803098,1,1,5163.743192648828,0.48735533225901534,1960.3317804579356,3.6055885004229,0.37963386390878023,1
6976,27,2805.7059650071474,8.213465516335006,10.388461691264629,1,1,10554.45430999701,0.8139686654941518,1126.6130695417762,3.7617820404677094,0.10674290081247179,1
3867,42,4574.75178586488,13.06359861518475,17.124880479614816,4,1,9650.611684238569,0.3074794392750508,3519.5273867342776,2.1095377707829175,0.36469474701612836,0
7140,51,2866.7252137215078,,26.879344443295338,1,3,3814.360961512672,0.272633108977912,,1.3305638584595865,0.8097288169518544,0
3048,28,1140.5164975704113,7.093146091667972,10.030921840908976,0,0,3570.149938792657,0.6149993384756375,843.9827000711915,3.1302922372433715,0.2363997911966149,1
781,60,2998.010381990689,37.051971873537816,30.0,2,1,4886.407352413818,0.25092250452968995,1423.2534982739103,1.629883399259354,0.29126787752782063,0
7760,46,7225.782673321165,25.507050671731694,27.204716975446765,4,1,17093.554313239867,0.2686686331520982,7478.1198763729935,2.3656336048345623,0.43748185657214617,0
1749,59,1771.1566412719092,35.392185259560044,30.0,3,1,3618.33030086937,0.5995412817057032,578.621163290674,2.0429194214414386,0.1599138594814436,0
2791,37,2399.108256439641,15.374467756253496,18.973660510197607,5,2,6668.081521795281,0.5980963059076623,1802.1474238763356,2.779400014108135,0.2702647557600847,0
1091,21,1026.5333129010442,8.552919705828351,11.648915469700992,2,0,2367.9138459851006,0.18430252898291194,231.26374916961043,2.306709208776903,0.09766560956671969,0
5533,42,,22.26908525306158,23.341980372186097,5,3,2383.3050968503862,0.18127382886409868,484.5213869062786,1.8889294914932298,0.20329809538299948,1
6766,60,,39.40485472747991,30.0,3,3,2068.4798655108616,0.4843785216058831,995.4323616338568,1.096521189713874,0.4812386033972878,1
7137,32,2884.285793329049,12.308573861196008,15.830856006402218,4,1,6749.018934821634,0.27762130323435735,2368.363070678432,2.3399272535444213,0.3509196067681538,0
6494,45,3008.13862808723,25.33603443863166,28.751486080455663,1,2,7606.622670101084,0.3843377524576483,3470.2768172956316,2.5286808922559096,0.45621782068092454,0
2608,29,1227.1493264476594,,7.21591229422274,1,1,4535.615766639142,0.33512470125943855,1206.110228976691,3.6960585552931855,0.2659198422070946,0
6568,36,1940.434126774556,12.253763770597764,16.585299013213948,3,3,1989.0794760829913,0.42122187674264067,845.5563866979729,1.0250693123962393,0.4250993471427752,0
2290,36,,10.029765207649604,10.949898506364526,5,4,5661.603679009813,0.23258367244657158,2302.702926792078,2.6235505160513886,0.40672273393654595,0
1727,36,2898.6321680803717,11.159527837956125,13.59210964973543,4,0,4403.0913715088145,0.15896414108627505,422.0565790813316,1.5190238416572792,0.09585460383864458,0
610,59,961.6327479625334,39.38693337562107,30.0,0,1,3578.418320265909,0.08527995169581079,148.77547357301458,3.7211901610544253,0.0415757634400774,0
4666,44,881.3212270595986,29.25516979969241,30.0,3,2,1460.1672907342215,0.2766478539874686,972.71295022183,1.6567935117208732,0.6661654156988526,0
343,44,1862.6828848687678,25.4747868867401,25.451466539636222,5,2,3059.8023264561725,0.19820678841832493,810.4916410039127,1.6426855861038019,0.26488366061954555,0
5598,52,1375.8247069534596,27.31952324727576,30.0,3,1,4867.604344477986,0.27487899968000096,481.9285493779887,3.5379538685974796,0.09900733816311685,0
6243,58,2876.5309763837163,33.19788965233306,30.0,4,2,5319.818000308045,0.312081501871131,865.8499284015423,1.8493866549617177,0.16275931401251043,0
3750,46,2788.333980583586,25.67796249139989,25.844034648626156,7,1,5104.34011839319,0.3033697765216848,299.95565026060797,1.8306057143573864,0.05876482430701187,0
7252,62,3712.297330923982,,30.0,1,2,11669.474804178903,0.1124097649891948,2983.117340814909,3.143464481406288,0.25563424154672654,0
6986,35,5129.816741256877,13.621801028631701,14.067823031164302,1,2,14684.532292523214,0.44471784397337866,2006.1436898985742,2.862584188324298,0.13661611074395769,0
3215,23,1809.3235538266204,1.965582114388309,4.370885466965026,2,0,3310.3248857643994,0.3647500606965107,1379.991483009439,1.8295925451051822,0.4168749384520849,0
97,28,2899.653174899602,10.553607939006842,12.489596806915188,1,3,3776.826401882452,0.02981399257776173,2692.732938744532,1.302509705152314,0.7129617970797958,0
5033,61,5108.97625022262,40.0,30.0,1,2,14145.367851050474,0.1129058192875924,6902.283488146285,2.768728441521743,0.4879536227567035,0
1537,44,1464.6865663374665,19.33649365351444,25.11004553829128,4,2,2889.464309914167,0.24808423028104176,2075.5258403167345,1.9727526532447415,0.7183081767770265,0
3588,53,3567.831089873166,29.033253936515166,30.0,3,5,10832.365758535097,0.4206593725183054,600.8498503945207,3.036120681071867,0.05546801721693119,1
3648,21,3994.318781999645,2.107679890912678,5.67337329269031,5,3,9446.206973171715,0.48115593011520297,2162.006177053998,2.364910636512275,0.22887558817992634,0
6370,40,1787.36177957215,15.38829861661765,16.40149969179452,2,1,6397.273299289302,0.2846802466245798,,3.579170916825048,0.0607063711618719,0
4958,37,1515.106137496536,14.669327361859194,14.94297467789579,2,1,3013.4978284688,,1695.575776544476,1.9889681348978694,0.5626603611677469,0
1517,46,1237.677192416078,25.86494958560421,30.0,1,2,1890.4753371770653,0.17182330091030218,230.82302054802867,1.5274381306862863,0.12209787454445346,1
7044,34,1133.882356114711,8.714881332787456,11.016002752818862,2,1,2590.906582792794,,,2.2849871230650676,0.24082572866622273,0
4624,23,1412.7698034754276,0.0,1.4967304583158585,4,2,2397.469524174618,,1973.1780887678005,1.6969994108571824,0.8230253060034666,0
4272,30,2025.3699779726742,5.7029030893151145,3.5597797341204425,3,0,6450.955314399902,0.7013920716554451,649.6032464328259,3.1850750157050745,0.10069876704660681,0
3669,23,,2.4018657345150274,7.0129736912524745,1,2,2767.5944104562486,0.336450659609164,2413.0076946527743,1.6250322859692912,0.8718790894851463,0
2090,59,1604.2359854556298,40.0,30.0,4,1,4358.675878976566,0.6270853801599361,2284.0700487512117,2.7169792465032065,0.5240284233494141,0
572,58,3875.072975396269,37.42000349790255,30.0,4,1,10832.466115867961,0.1522655384759814,4617.285079314742,2.795422482272149,0.4262450516739768,0
7275,32,1288.026407852306,9.077428640733359,8.770172456547659,2,0,3317.294332217713,0.49470407629559326,742.7738473588433,2.575486272637119,0.2239095398153218,0
7657,43,1488.9736771776193,25.29510499715075,29.092405788667065,1,0,4395.485648580769,0.1566980884130301,818.0986828922267,2.9520237435711447,0.18612247844703522,0
6646,37,3019.8304724846075,12.696847639904796,15.061105701185411,1,1,10677.555440810347,0.32680248542961,2536.9487634914753,3.5358128670134388,0.2375964028053728,0
3062,40,1747.4043343780495,19.4499875431995,21.594193816166552,2,2,1776.2281695654106,0.16408465134086891,1297.0394767623613,1.0164952293068565,0.7302212063665828,0
5076,55,2285.9880159559348,36.58086835627553,30.0,1,0,2752.6746469671752,0.375035995895136,1746.838433039278,1.204150952565727,0.6345967675344046,0
5885,53,2534.320269978215,26.097134860015004,28.321631671993394,0,2,4497.722903466985,0.47250122260238336,3318.1478718292324,1.7747255375523818,0.737739505755568,0
5846,46,4427.265445855418,23.751900740621217,24.716543605378618,1,2,12267.843390492399,0.09092964548544712,3336.865450459184,2.7709753437027214,0.272000982099695,0
5589,45,4671.6298553511115,21.561548191938012,21.34277624688116,8,1,13079.062728222763,,4217.710390105566,2.7996787273806314,0.32247803055522817,0
5359,36,1530.7488758472077,12.210066761315026,14.51388864014908,2,0,1632.5935838645034,0.23238937822430705,1799.6984438332343,1.0665326035016218,1.102355455528116,0
4479,38,6256.535571661606,13.107915003011396,13.735661804252768,3,2,6878.86736240983,0.3028582098866382,1974.1634768366437,1.0994690725594238,0.2869896122179404,0
370,36,1344.698089958321,17.46647313463231,18.627514818019225,5,1,1402.4874823207908,0.2420806762973471,1783.8284323257678,1.042975737672284,1.2719032824264116,0
1938,43,5511.342053711656,19.211012952832707,21.89743636196777,4,0,21837.81729670598,0.525968455464105,5871.562537278044,3.962341129235325,0.26887130968733364,0
5666,40,1356.0679574173316,16.847403103177786,18.25127470449877,1,1,3563.7619045061615,0.18051519901813307,445.671387110593,2.628011291774376,0.12505644289734072,1
6908,43,1259.996583701969,18.789033645454683,23.613454888840536,1,2,2018.3186865533712,0.07379453971985592,872.7988436289834,1.6018445705808124,0.4324385685193445,0
3670,58,7301.535269343151,39.772566250164594,30.0,6,2,15966.402999965137,0.43016274015896633,1360.9002733308375,2.1867186024565326,0.08523524511649926,0
3652,55,1972.3551184849334,,30.0,0,0,5818.06992715818,0.2035405599830607,2177.043234083713,2.94980851705211,0.3741865019396705,0
2361,41,2271.2632493616475,18.346771038533436,16.933875925701212,6,3,6323.856026925918,0.22532871793846665,3085.5466601721064,2.7842902088532786,0.4879217121696583,0
4260,53,2277.964203067392,29.10052434036054,28.29967881202367,2,1,5184.911114286859,0.23040244972930213,1855.9235913988884,2.2761161511252537,0.3579470410370102,0
7399,49,1600.4914476436459,28.97152132741106,30.0,2,1,6358.34210384968,0.14038514004979083,2393.4840484017504,3.9727435677403156,0.376432096497703,1
7211,27,4342.589865770119,7.023005363230585,10.627766249689373,3,2,5673.027222014382,0.25873742201606453,6372.7169539945735,1.3063695622585167,1.1233362197285113,0
3737,52,2620.1591457567247,23.918511687134604,24.941495011589634,2,2,6588.428465926274,0.6269827444998219,2377.581804335698,2.514514615112617,0.36087237140570994,0
4936,46,2954.154405079718,25.04102451803683,27.386574020356683,3,1,7026.495540479284,0.36251244274704975,1580.5335395495147,2.37851329923619,0.22493909381200647,0
5523,52,2627.0259622518856,29.41874346195418,30.0,2,2,8292.872617698862,0.20349727743343143,3119.113479042141,3.1567532018565263,0.3761197865725381,0
5556,21,3268.758368094126,0.0,2.212379893666646,3,0,5289.465478968315,0.3373350903027903,1970.5226981026983,1.6181879733289608,0.3725372073866033,1
1171,27,,7.255763928210916,10.308930581911318,3,6,4190.748905691286,0.40552866484518996,2483.2312204693308,2.4629394075402216,0.5925507054591018,1
7404,24,1432.0921614186673,1.5341187898021544,5.045302574979196,2,2,2760.331235843281,0.4792839531437111,1512.7914796069206,1.9274815617374972,0.5480470821628634,0
1422,59,5510.147565685473,39.586919153243585,30.0,1,2,18019.034043397543,0.3591975974237369,7086.534656153388,3.2701545337209024,0.3932804965619123,0
7180,47,3560.9572276333092,28.06384717993356,27.81445280261996,3,1,10048.501208180076,0.4037581948750399,4732.444487266112,2.8218539470799913,0.4709602346878977,0
7045,31,4503.363045547826,8.597136806669436,12.701425574052362,3,0,12895.60549694132,0.60245512833915,3723.6132124081023,2.8635500550394983,0.28875055252669585,0
5261,50,1653.0775942793769,26.315939476261992,25.11059166325815,7,2,3211.0968604978193,0.2913750839228267,1311.3059015910103,1.9424961487652532,0.40836697195976746,0
874,42,1696.0942661876218,20.274498531372167,20.076784506987075,0,0,2919.7773970499384,0.464908012320958,397.13902847397605,1.7214711795546822,0.13601688569657203,0
2297,22,1373.621492002962,0.032525232860959326,6.734254669053653,5,1,1652.5286325221866,0.40141235691196275,636.3262604015434,1.2030451198841778,0.38506216950101785,1
2643,27,1849.8228432962014,3.974529714511884,4.045663179380507,1,0,1989.9034802605202,0.04183901544456959,1706.019349956766,1.0757265148238244,0.8573377386793717,0
6935,56,2344.4047108456734,35.42736427386887,30.0,5,1,2821.7189414415807,0.15389372258461473,,1.2035971982088922,0.2625835899748565,0
840,48,2556.374382835462,,30.0,4,2,9414.511216021443,0.3380205705648152,3676.946451776112,3.6827591761340996,0.3905615881065341,0
581,49,6343.998313467698,28.023913780879155,30.0,3,1,14032.263188882578,0.2728737905874592,8419.416004683968,2.211895794343677,0.6000041398421366,0
204,22,5346.089402773797,0.0,,2,2,16923.503323053792,0.3947891994757929,1884.3781066141871,3.1655855426347905,0.11134680985627964,0
1641,22,3410.347158436348,2.5704840287832402,5.796728123996104,4,4,6414.834172421911,0.3389011254826425,4168.597931205207,1.8809915455537163,0.6498372084389141,0
2014,49,2941.319920885411,29.853313679502964,,5,0,8056.269731603367,0.30082525342583266,2909.902416807202,2.738998119313124,0.3611972431101894,0
3253,43,8280.790001847798,21.410745659752415,22.615256668088602,5,2,29126.500966002615,0.2632605076458706,8127.784327847345,3.517357759284229,0.2790511753311651,0
7053,57,1137.415102254571,33.848037235705064,30.0,3,1,1960.4206365824625,0.13711190246915447,495.7388740239421,1.7235753531815603,0.2528737275935575,1
905,28,1738.4536297933553,8.08752875100771,10.610239218000247,3,2,5172.056019456872,0.29185355633828985,1892.0750042533111,2.9750900057493386,0.36582647154931663,1
631,61,8854.799335191185,38.375924331092754,30.0,1,2,27345.56013819565,0.16624733542380093,1810.5288204034518,3.088219066638536,0.06620924242376541,0
5680,25,2162.0423156397565,,1.0,4,1,6602.236879874033,0.15209026469352632,1283.1557860173928,3.05370382074155,0.19435167343493964,0
6783,52,2042.32492781667,34.531487792467665,30.0,3,4,3476.1740965110043,0.056960527241500414,1120.1376676186246,1.7020671143779156,0.3222329021848744,0
1974,46,2353.325970416206,23.13576736731424,,2,0,8220.300766678727,0.188371202301642,3362.876980061103,3.4930565803533353,0.4090941530622141,0
162,40,4281.692797132501,18.142088820642105,22.700394994449745,1,4,10464.631295939984,0.34568688422213184,2053.4897033373277,2.444040661429112,0.19623144335090242,0
5466,39,5695.341472819937,15.21894573466894,18.90389687106473,0,1,19625.365214507776,0.3265490180210448,4674.601004209682,3.4458627824453623,0.23819179684636133,0
7188,50,1920.5483451050095,26.818633719407387,30.0,2,3,5986.005415647776,0.43193827699652715,1488.255334886647,3.1168210010982467,0.2486224504569038,0
5097,42,4641.1593067612175,20.79895910538659,,8,2,17405.738463284517,,4458.520609494818,3.7502997231592383,0.2561523384313498,0
4713,35,,9.405528085433392,10.097756914658412,2,0,10836.24592736149,0.17398076459653655,1484.8268112377932,2.168298989934186,0.13702409683122915,0
875,41,2222.7795144853917,20.748296592605623,25.735084783244115,4,1,3790.0956934117557,0.2799004865129332,1622.6172084691386,1.7051154505934982,0.428120379991909,0
1431,59,3386.423500417911,39.37707871192349,30.0,4,2,8929.97978011567,0.3583232513850632,3703.828166121751,2.6369943921702768,0.4147633317568134,0
4643,56,5529.536153978594,32.46483335250077,30.0,1,0,14154.860343269109,0.4541556356754402,5410.726660698122,2.5598639649158366,0.3822522108648723,0
6740,46,1635.197423356685,24.97906487944493,26.633536947207368,1,1,3954.5280895265983,0.42018213371646224,1297.2250545272686,2.41837959933233,0.32803536228833846,0
5003,42,1237.577365716602,16.38318632733288,17.456889786371043,3,1,3075.734731690872,0.11814419086950705,1156.0141849400184,2.485286832884109,0.3758497678714004,0
5419,25,2426.3521615795344,0.3096185988600624,7.4140202140889135,3,1,7137.0369619227795,0.05336845372913646,,2.9414678853858667,0.3387302084596269,1
2856,31,4262.909769762193,8.995347609056452,9.883549413068575,4,0,13685.668930971655,0.39852287699766425,3683.7053942639454,3.21040549064568,0.26916516926165407,1
1861,40,3550.1347037523674,17.30867996637943,24.241092131718826,3,1,8448.60571729571,0.34092567840146326,1291.5449201913434,2.3797986336591204,0.15287077695522408,0
2659,39,3327.621198451653,18.354172779068175,18.271367427756395,5,1,13202.595638177669,,3266.6569052961136,3.967577693134319,0.2474253544393945,0
3384,56,4816.3736116884575,34.752598341094505,30.0,0,2,18514.454356091504,0.10553189223242372,4394.094355447896,3.844065234299995,0.2373331814665216,1
7344,45,1113.360988886765,20.334504597879693,27.735311238654308,2,0,2525.4030988702584,0.22042132924033184,917.4108025208618,2.268269792168105,0.36327301686264124,0
7660,49,,28.625025762451564,30.0,1,0,15304.229813804686,0.6053205123320399,6036.5634519106525,3.280606884887223,0.3944375852527754,0
6662,37,1898.9244550840008,13.280519339912054,14.864495836014225,5,1,2537.8374964748064,,1053.1894403393007,1.3364604840809966,0.41499482996930964,0
4733,64,2095.6950041781297,40.0,30.0,4,2,6444.246340074926,0.238531977475474,2848.214890647928,3.074992461797737,0.4419779661332457,0
3331,41,2553.5465757872626,15.994969179099886,20.85722512009291,4,3,5882.247476970149,0.06553713034923292,1444.227547610455,2.303559893030987,0.2455230850563182,0
7676,48,5836.440460326298,24.360922644960553,26.7853278395498,3,3,11628.856896931315,0.3408657385934899,7701.206377459827,1.9924570422639383,0.662249647210988,0
6023,21,4674.62686426948,0.0,1.0,5,1,13032.803262989497,0.28356823040450074,2367.41017628874,2.7879879274655597,0.18165011229868727,0
5583,56,1872.759335827124,36.94370955644215,30.0,1,4,5686.055075813616,0.3538049411049881,973.8635182013164,3.036191018800774,0.17127226261732376,1
2096,56,1711.3286821628612,,30.0,1,2,3898.9341115474804,0.28953823822872127,1375.5326293624544,2.278308166155327,0.35279709531087916,0
2003,44,1790.0026006187427,21.30144491907644,22.900826307360624,1,1,5206.665150292191,0.09562456955135422,1314.2203396869302,2.9087472546086945,0.2524111502759454,0
5521,48,1315.9440340463846,26.509534692813155,29.77632782078086,1,3,2296.7032754237034,0.018849243737909423,336.85426912158465,1.7452894773659873,0.14666860657454353,0
546,36,1417.846311259959,15.638559085152362,15.551377741900692,4,2,4188.8984081118815,0.1245160678004033,1864.3893621247569,2.954409356532759,0.4450786771324727,0
1449,32,1648.2675340449575,10.424259245715081,11.274654363917554,4,2,2973.129427954085,0.1264659226159338,924.6543961167695,1.8037905658784825,0.31100374824686217,0
5550,30,1597.7334272719331,9.211695571617515,10.912972248056374,0,2,2619.8673769304733,0.15758698020814488,1484.4405326328001,1.6397399792803944,0.5666090374284601,0
2610,42,2412.3656211222474,20.696642041641056,22.48830662478312,3,1,4715.77681628343,0.05386838220426128,2116.926652213724,1.9548350279049416,0.4489030619311844,0
1900,57,2980.993409488591,38.63980994296071,30.0,2,0,10192.57907786372,0.25186704459147785,4404.631866954174,3.419188732662218,0.4321410541243844,0
6307,43,2935.196460355324,21.436061394175166,24.904415608541466,3,0,10525.126440548069,0.1841783161103384,3409.4559696713713,3.585833719380384,0.3239349179252076,0
2757,26,2002.140365426392,0.6340557332907313,1.0,7,3,4216.956101416038,0.22448206413096672,1911.5674811260756,2.10622400618648,0.45330504637792607,0
1885,30,3524.1750305398596,8.809367959681648,13.471780492043822,1,1,6307.369066710666,0.38702965593097083,4880.252494642708,1.7897434185453767,0.773738216842255,0
7727,44,1765.0851422490443,20.600766916647736,22.59463358236657,1,4,3539.9504468640675,0.30891127482213354,734.4202603187996,2.005540901190476,0.2074662544978277,0
2097,40,1463.4937808476127,12.51479419855412,14.6398279936262,3,0,3903.694841274247,0.495954451604901,1156.913359308932,2.6673805467170086,0.29636367757969817,1
6963,60,1038.2244310291408,39.85776176069564,30.0,2,1,1143.258967150731,0.46769360419351563,565.426941918671,1.1011674672473992,0.49457468357134104,0
7187,41,1820.2921674023032,18.943653269721665,,3,1,7229.525344043107,,982.1008347153628,3.971629100816379,0.13584582499936623,0
836,55,3221.237717744626,37.224378259053964,30.0,3,2,10926.519595940663,0.3687437920690995,778.5103711639437,3.3920252255058494,0.07124962018584306,0
3471,33,936.3452095809442,9.271720160383003,10.119241112925183,3,2,2017.1906040150127,0.3497327889065154,277.48091300116783,2.1543236227136724,0.1375581030611933,1
4697,39,1883.4880048931293,22.626558334448067,24.228631823331494,3,4,4518.624516967965,0.24783096665013982,2314.413920348909,2.3990726276084544,0.512194344021729,0
6367,45,1782.4271937880033,20.796668805342836,29.194629224698897,2,0,2720.886615551129,0.6969774125732144,1502.4366273673277,1.526506454251698,0.552186415553006,0
2171,59,,38.04336843882466,30.0,4,1,4426.785752637015,0.06061144682360754,3554.032455878213,1.6402215281695798,0.8028471795277403,0
6879,64,2523.5379010928896,40.0,30.0,0,3,7128.865851198267,0.48012322781013533,,2.824948992488248,0.5245223221822523,0
6814,34,1948.2880748498455,15.86630060087403,,1,0,4305.451028767668,0.3074188278593031,890.3339847051383,2.20986366664462,0.20679226839562384,0
398,50,4737.987383998391,28.98003299012025,29.067047306584612,3,0,7255.435112227701,0.1610472825316905,,1.5313327208788037,0.8066320194921331,0
2010,27,2167.8678659687303,9.246292565162449,14.728724179558677,2,0,7444.293768050359,0.20607756307421604,860.201522749628,3.4339241265167297,0.11555179706118886,0
7680,25,1485.9674750941424,1.734183826473148,3.8442608969189953,1,0,2338.0896162450454,0.31526081501238984,1779.329456822244,1.5734460245147137,0.7610185017971356,0
1283,48,2648.7384257246445,28.618963957724905,28.92366457313663,3,0,6848.93953126071,0.13984868549415663,3656.582439508988,2.5857364641006297,0.533890308538891,0
5646,51,1819.5562506243828,29.99125889100072,30.0,4,5,6093.460681960851,0.3191475661288204,1448.6238029214367,3.3488718361248093,0.23773416758229995,0
5852,42,2370.4941617808445,21.165217002190456,,4,1,4928.851401461693,0.333758100211049,1956.9494580712183,2.07925059716615,0.397039654612202,1
4256,54,,30.84015509416611,,6,1,3794.6546340974414,0.16673471566881332,2021.7747041849987,1.4391913668079015,0.5327954449445905,0
1836,32,3116.6086008833845,8.623835015250549,8.17414037097247,2,1,5881.882587222479,0.196188541486821,1966.551294796806,1.8872702159505348,0.334340454035728,0
1019,53,4240.32337305143,28.601043242486,30.0,3,0,14279.40209585053,0.06778026137681883,2428.5666956071304,3.3675266812433593,0.17007481680993147,0
1326,23,1779.7023686332627,0.0,1.0,1,0,6911.89676597686,0.23222344559249097,1064.1688526626351,3.8837374652059986,0.1539619135952526,1
5006,28,4077.015323948267,9.81033502195838,15.194916314686314,2,2,5672.2966092002525,0.410039547217175,717.4500508148446,1.3912865560944425,0.1264831690308944,0
475,57,1106.38945416249,32.247424755296095,30.0,3,3,2201.7212766840466,0.30399110788831096,1344.1574220838186,1.9900056606655712,0.6105029897827113,0
2810,22,2401.1081055640934,0.0,1.0,2,3,8874.34297197879,0.23955836878833606,654.2312087121365,3.695936451763356,0.07372165024249192,1
6012,32,,9.905682922606239,14.489669391543389,2,0,4794.0338207965,0.31019644611205704,758.3203352197668,2.680503808184277,0.1581800136515884,0
1651,49,4902.1021197250075,27.23878275829056,28.80181682005573,2,4,10234.3530125545,0.2989818684859124,4772.332722237213,2.0877478197309802,0.4663052677959206,0
7422,44,1733.2310594028595,,25.443362777569256,9,0,5394.166956698487,0.05061767869297971,2171.3188921493074,3.1122030311162954,0.40253090228380106,1
6840,39,3532.121870860007,15.236110110287509,15.032596036252134,3,1,10551.225943609188,0.41337976089810735,4099.433034885602,2.987220240234847,0.38852670360723374,1
2528,40,3639.81398710473,,,0,2,6975.945609899574,0.08234919500220787,1213.1191969704068,1.9165665153807905,0.17390032331227864,0
1206,56,3008.746831780606,27.06862978343451,26.742968916025788,2,2,7864.217424274613,0.12616457876450707,627.3232260277128,2.613785028772425,0.0797693136117198,0
5206,64,5674.443716702676,39.93019390962025,30.0,2,1,18146.80350071746,0.5273787547424392,2805.4018071410583,3.1979881036272326,0.1545948192490288,0
7089,62,3925.0065514085163,39.7967930988608,30.0,4,2,3953.287500086259,0.5503925768704342,,1.007205325215978,0.3015271725726383,0
6159,51,1083.485442193785,28.485614779554496,30.0,2,1,3725.89626248112,0.7505965462642108,541.9922940327892,3.4388060211839293,0.14546628672690687,1
5398,57,1411.127851862717,34.89293611343136,30.0,6,2,1719.2846434788273,0.5834545829412244,1817.903781197008,1.2183762379924237,1.0573605645186437,0
867,57,,35.33275222398228,30.0,3,0,6664.013615470683,,6365.4196403013,1.4389096849081944,0.9551930724636892,0
2974,40,1862.868029411792,15.128371156187423,18.144097770611314,4,2,2128.0709780252105,,464.0027393254773,1.1423627140657717,0.218039127508829,0
541,27,2752.763896476721,2.2170198184115724,2.0392069511510775,6,0,6595.0879486661,0.26376569590124355,3626.9626149529804,2.3958058869876897,0.5499490898656716,0
1132,48,3544.073940884232,23.170908963220867,27.970843022741814,2,1,11773.228151249605,0.41606683111638704,1465.9797438873015,3.321947664645008,0.12451807822408531,0
7746,33,1298.1243559967825,13.436417411683038,13.357806374746499,1,0,3449.7825927006465,,1313.5034997961282,2.6575131856698615,0.38074964566618036,0
7203,49,817.8549971134095,23.808371242454538,24.912810915793305,1,2,2463.1635336166164,0.3754495147196749,1057.2439331255694,3.011736239688289,0.42922198169004155,0
3390,35,3444.056111119355,10.7627868791986,12.878588487031577,4,6,4311.622856237586,0.21573681132502512,3818.3185161412543,1.2519026163125615,0.8855873167610954,0
5758,48,3460.105440389534,23.274771459575128,,1,2,11174.393929030264,0.511460856094995,3630.6233512678064,3.229495205143883,0.3249056167454156,1
2962,55,2715.5748956040597,36.695681520636725,30.0,4,1,4128.874719555345,0.4936782577719795,2013.0481736021452,1.5204422187873066,0.48755370659900726,0
4155,32,1206.4652804140544,12.623248443948196,13.221380247186413,3,1,2271.934129038275,0.308689650296487,586.9155220672726,1.88313262380709,0.25833298358686035,1
3259,44,6786.841701491681,14.806707959143365,16.517609789949002,3,2,15407.46926356843,0.36299866522989316,8587.04803368018,2.27019723477299,0.5573302069785461,0
5200,24,1167.1464819429043,5.178020906618638,7.8421305791429,3,0,4561.5773683063,0.15915574036512478,257.7215685295524,3.9083160844668066,0.05649834426139388,0
7896,22,1893.7714208072425,0.0,2.3361193865938574,2,1,5127.791828755133,0.4637545437755752,1808.1281419070083,2.707714232253727,0.35261340598258356,1
2583,28,2923.0324170564136,8.584273717573668,11.438113470233493,0,2,10446.000714148364,,2210.571012275815,3.5736862352925316,0.2116188838932161,0
2813,36,4886.779317129513,11.376305006898418,13.422733126732545,1,3,5007.35878937654,0.08097255762785248,2340.5191321932034,1.0246746301443084,0.467415903401765,0
6211,51,2884.2802514168525,24.950671199718187,28.059384796698907,2,0,8795.30870494586,0.2317163038556882,1929.5955432068124,3.0493946282180167,0.21938917756482432,1
6936,53,2639.5225963958474,29.865480116324772,30.0,1,2,6512.441119410949,0.5150904223335045,2032.2699462589887,2.467279927174483,0.3120596269502714,0
5513,62,4545.185068510222,40.0,30.0,2,1,13448.126716766408,0.25877959341115647,3356.086989452864,2.958763287756357,0.24955795406572676,0
3586,33,2329.3915153322105,7.854256063574441,,5,1,4758.425964103531,0.11205504648294766,803.6945320489824,2.0427763786307516,0.16889924065476036,0
6875,21,4597.918787147227,,5.580264253720096,4,0,9059.425125359878,0.14992662928732944,2721.7153908748674,1.9703316967416007,0.3004291501075516,0
5241,48,2206.660429240264,26.019178109259983,27.359839514591233,2,1,8461.02974300596,0.13165916153387666,,3.8343143470964525,0.25237195366807824,0
6810,28,1409.6923535835226,3.28420638159647,10.698048831986842,3,1,4165.8452241684945,0.2058381698017489,1530.0044322199153,2.9551449389497404,0.36727347030164936,1
2630,55,3022.081315893294,33.378161764281316,30.0,6,0,5685.161312937231,0.11912365232228861,684.6349224490696,1.8812072603866252,0.12042488942065813,0
6410,38,3499.2316391156096,,14.001409315240904,4,1,12466.180630049523,0.2853192405835385,5040.402892269665,3.562547986448878,0.4043261558491987,0
5106,25,4721.983038089853,0.0,1.8345823460232737,1,3,5594.081130544888,0.2516444221721645,548.5814506460484,1.184688950684545,0.09806462184659345,0
1080,60,1938.0885459872688,37.86145603717226,30.0,1,0,2909.404718492137,0.2610596036874877,1892.7563748058042,1.501172237210698,0.6505648261224952,0
4283,59,2771.368510172138,34.593328476571855,,3,2,7503.851583959919,,1607.2085648990806,2.7076339925266133,0.21418448205113985,1
2085,31,6540.726250733474,5.206957404114963,4.56470039558482,5,1,15485.945174774473,,8730.871738641532,2.367618607037389,0.5637932744888904,0
2452,21,3196.448641631245,0.0,1.9586781915219011,5,1,5972.430196803949,0.5017296675321273,3617.3402975006284,1.8684580502929764,0.6056730976004359,0
4966,43,2041.9315024683785,17.781776197388854,21.107553563147572,4,4,5515.245852609685,0.12653378118031944,2734.4504606774776,2.70099454655683,0.49579847095730095,0
2023,55,3381.1658029533314,,30.0,6,4,10757.614814132849,0.12845107163774633,718.7704643880604,3.1816288940153257,0.06681504002576608,0
5815,52,3872.032062488415,31.15815986752287,30.0,2,1,6714.975054626851,0.2540179790944575,5160.905575650056,1.7342250648387914,0.7685666042934907,0
6151,59,3645.401128436038,34.99185930458791,30.0,1,3,12318.902629997807,0.450715806183414,2838.171060917609,3.379299615042063,0.23039154916334575,0
226,23,1753.4794292005936,0.4764919299233744,,2,2,4072.3383078510883,0.13633783696070198,,2.3224328954390163,0.42190063716230997,0
1013,56,4664.389930949707,35.532404918270274,30.0,2,1,11743.483577689387,0.09498676245301638,4686.107958308348,2.517689076500154,0.3990390012731106,1
1929,45,2565.0994525051196,26.754984636420005,26.596149232598037,1,0,8577.115834949736,0.47353446347269124,1008.9191472594036,3.3437751610656576,0.11762918522661134,0
5650,47,1664.9362749484483,24.89743064670837,25.80762289008764,7,1,5599.0789873233325,0.04244907497978124,1144.2961209462999,3.3629389133807526,0.20437220541754428,0
1404,45,4685.698710912385,,21.18331319950413,4,2,7711.0483604317515,0.3730043418962164,3339.6687564526082,1.6456560347069946,0.4331017781693196,0
2179,28,1690.8902997197831,4.673133966106688,2.6656572065430133,3,4,5717.051506426474,0.3655046301541487,548.4591732339653,3.381089540447368,0.095933921990636,1
697,25,4069.2981474061817,1.4797877281652236,1.0,1,1,8819.208675496398,0.4557653134068711,5189.893213031192,2.167255471589828,0.588476064462674,0
1124,48,2764.632412677151,19.371945544232055,21.399089908281358,2,0,5632.277171620205,0.020490621722639258,3392.993660341776,2.0372607749925606,0.6024195111416601,0
3895,38,1771.2430369770307,17.116941695800058,20.024820365658783,4,1,3562.1776397741387,0.48056352009478875,233.88425575904938,2.011117370913528,0.06565766208500452,0
1778,46,2171.36864531437,,27.799820765592333,2,0,6983.046591339417,0.3265378764623659,2607.058901119057,3.2159654724720474,0.37334118668954736,0
5112,47,1332.569211069553,25.967962159064292,30.0,5,1,2616.7639999528187,0.1669380351602706,1929.951046481149,1.9636983792027878,0.7375334751303315,0
2634,41,3676.645066747098,21.35340855257217,25.77710222092088,3,0,12669.13245915959,0.2552561848308968,4599.730103979505,3.445840495658334,0.3630659099040337,0
3489,54,3330.8464537645145,30.799252590041156,30.0,2,2,10342.82898725045,0.39448279191212793,1327.957548233704,3.1051653478535495,0.1283940351204366,0
1037,24,3958.6952190215957,6.407602040380761,10.254972905355757,3,0,10601.25343408533,0.46860356397679714,1195.9552894199173,2.6779665641209593,0.11281263077577804,0
2256,43,4601.29091290621,19.342827906297842,22.053833278539813,2,1,14277.493209359456,,2391.709688217545,3.102932085713677,0.16751607954887246,0
5361,64,1371.0892237212636,40.0,30.0,4,2,4959.92877385189,0.15605731216699015,600.0703984834547,3.6175098513211137,0.12098367251702265,0
7904,43,2176.2873015917444,22.721918478190513,26.43076580561378,2,3,5175.111851244948,0.16233024387248476,1786.0828267622503,2.3779543479667655,0.3451293185735845,1
313,53,1451.3674129514607,34.931354665130314,30.0,1,1,3657.067580762299,0.2925477041681624,507.34348980347033,2.5197393493391087,0.13872959101776208,0
2649,57,2988.667765874389,36.62826556235071,,3,1,5956.903788285055,0.38915542731867625,3697.722551129543,1.9931635949311532,0.620745723374204,0
2281,38,1859.8234355752918,21.681965554091043,22.54101261872602,4,3,6431.020885256332,0.15843584674443842,2449.192743822781,3.4578663556129725,0.38084042759645914,0
7778,45,4540.16128039407,26.398420350760393,26.609944171266818,2,4,12041.239116645544,0.07986350751699152,6501.315887149464,2.6521610958279456,0.5399208357354343,0
2547,64,1546.865555804151,40.0,,2,1,1891.306903239409,0.14239239341544002,1477.960891812742,1.22267051337645,0.7814495306294855,0
2159,62,3744.3427636079073,40.0,30.0,7,4,8982.899526295245,0.05487072684527898,4465.595578949143,2.399059085509485,0.4971218442193639,0
3137,59,2216.7404913159967,34.34160825101259,30.0,3,0,7351.928489817153,0.16541882892149937,827.8364680414137,3.316549013571086,0.11260126770656369,0
6653,49,1760.5538190510836,26.42741274325622,30.0,5,2,5198.280043248172,0.31757733431152,1731.4321627468692,2.952639099695333,0.3330778927533452,0
3967,26,2562.198619548762,4.754978604099781,5.291760231417962,7,1,10205.586672234707,0.13809686238905483,3469.5929477472923,3.9831364338304303,0.3399699653902953,1
1428,30,4849.37057219566,6.6034575652995695,9.495080575982502,1,3,7587.802233732568,0.12327526780211522,1383.9980717809294,1.564698370802589,0.18239775222767204,0
5683,32,1604.0204724537546,12.10644932224659,11.154989822111913,1,1,5426.963318871848,0.10929497562892226,1518.079214815026,3.3833504073485647,0.2797290354876773,1
2520,38,960.3825945776624,14.565325760437943,15.101475250346967,4,0,2210.1857490943135,0.1989191385837436,130.12646610919774,2.3013596472625206,0.058875805421567284,0
5148,51,1343.7869076583331,30.865274371034882,30.0,6,2,4991.691555584143,0.15712147411026256,,3.714645177100739,0.37460218418032054,1
7855,24,1282.3078045003392,1.5051642373716574,4.553340393172395,3,0,3265.2302597692565,0.3842991630415575,1577.9425820973586,2.5463701057653454,0.4832561432310341,0
5920,27,1777.3382655515934,5.132403346594623,7.143669723358919,3,0,2823.8298125559973,0.1965976367674402,402.3252864199421,1.5887970609126718,0.14247504740938202,1
448,57,2023.4392457744689,,30.0,2,1,7297.484435365807,,2432.2524577506706,3.6064756827293345,0.33330012270574266,1
5054,32,1771.220523432883,12.79038974783531,14.84273672509699,2,2,6698.971928650541,0.36857579299559334,1030.5771827075598,3.782121898444897,0.15384109587023784,0
1284,22,2569.8209891951474,0.0,1.0,2,0,7099.363466784007,0.12410441927789628,480.95130363130363,2.762590661619386,0.06774569380502127,0
3727,33,3928.807522953881,12.708658060594427,14.730429601730703,2,0,4787.908818409439,0.08891851447881458,5321.270681225353,1.2186671885645448,1.1113976650443185,0
361,55,5603.077845162124,28.32384940292159,26.614020155591653,4,2,8107.525900564386,0.26167643036499083,6189.036892472569,1.4469772015687203,0.7633693642645945,0
7456,44,1740.210055059766,21.607362509156513,25.100513906367727,4,2,2627.9495432755784,0.11225057955340655,2464.2574804952246,1.5101335241884484,0.9377111089521446,0
6379,22,4652.259579001377,0.0,1.1293920313258328,3,2,16785.315033744715,0.24641760448528577,2756.6851463968806,3.607991933534315,0.16423195756856038,1
2460,21,1061.0970542772736,0.0,4.707695673498165,3,2,2475.5386286454345,0.27120503270343327,186.21707087631802,2.3329992470213337,0.07522284997758742,1
22,22,4767.4591014575435,4.2666707480351524,8.02872357750683,5,1,12380.777924623253,0.14049357385446834,6783.443937178117,2.596934270676409,0.5479012690864122,0
2066,54,1292.0847983836693,34.53591494166539,30.0,5,2,3269.2055001919894,0.5495766591891091,1288.5675147001184,2.5301787500956556,0.39415310986857366,0
1653,36,5879.0473170915875,15.30145440011037,17.89052334585741,2,0,12925.057287201449,,2761.025002373252,2.19849519659855,0.21361800888165136,0
702,43,2715.6874933941845,14.086319878877065,18.680681327923548,1,0,8952.089384049175,0.2719927486048909,1967.524892059227,3.2964357665691733,0.2197838747639139,0
7356,35,2428.1815925536357,14.32287333856892,17.309945998323755,5,2,7559.736660973296,0.5820142671394932,2979.106991463517,3.113332497106602,0.3940754982700634,1
2743,33,4992.328402009928,7.6117782369114,8.040907270433067,5,3,9852.259933643545,0.0826210441882933,4861.148224525442,1.9734799356702961,0.4934043820672625,1
1376,49,1673.6816669266404,25.61683495801572,28.71635366135175,3,3,4676.4329315335635,0.13623661138759363,215.80856826881745,2.794099394134391,0.04614811576011342,0
6866,41,3480.086146122092,19.56447098400975,18.013276472682616,2,0,9845.926897224072,0.12926373594520835,1022.1469472716734,2.82921930199789,0.10381419219757301,0
2468,60,2395.8780091578406,38.764765445877096,30.0,4,3,8426.471663179776,0.4085890613109901,500.57696011237323,3.517070414675124,0.059405286117520474,1
3754,31,,,14.168640258946128,5,1,3529.0870366887807,0.34015423141986983,1142.7708356498424,2.5059416412596844,0.32381486309900265,0
2325,24,3496.834958933548,1.797405724632149,1.5949336325859977,5,2,7095.555032160805,0.4827308696454714,731.4448239596574,2.029136380609962,0.10308493425029654,0
460,24,1702.991400998525,3.58351606763029,2.957767429994649,1,3,2094.07782115914,0.32518873492606093,2048.7124149273714,1.229646738046538,0.9783363322158403,0
4183,50,4224.842704559074,27.68049764967791,30.0,4,1,12597.871644166318,0.07650992850662722,2251.3018941946116,2.98185578141686,0.17870493983300104,0
4082,30,4614.465353477448,4.366794389676739,4.739924827834793,8,1,15649.528165768175,0.6298345201024618,2556.795134806885,3.39140658060738,0.16337841676272555,1
1486,58,3305.226664254274,35.23088818932147,30.0,3,0,4439.015008348762,0.4077170862769201,4020.6550637307714,1.3430289233583603,0.9057538792206936,0
3678,46,2089.921704330507,30.142656498925813,30.0,3,2,7260.306658759063,0.04948856562380934,2461.883867768986,3.473961078883984,0.3390881382123015,0
282,38,1631.7577762396813,20.098198442987652,23.386250239207865,2,0,4783.902081691804,0.12417558998558115,1481.6194890660463,2.9317476842157966,0.30970940955005477,0
4558,46,3781.9400993014124,27.5697111613636,28.293524401156663,4,5,5939.323126431275,0.5270913057562441,667.0787476520669,1.5704434682951134,0.11231561803455715,1
4308,44,2930.384487500758,19.52677145663353,,3,0,8603.445754484377,0.16044020662926756,1581.16533854364,2.9359443414956146,0.1837827986210628,0
4865,38,3268.936454575349,14.710125184921806,14.81182298666749,3,0,9756.405008691163,0.1872709495366295,360.5496669371968,2.984580809160626,0.0369551762781489,0
3537,61,5052.212098592819,35.41537489248763,30.0,2,1,6871.9053555927985,0.3809499437739596,2831.9945044269143,1.3601775264951397,0.4121119773749583,0
5629,53,2297.6982143537357,26.30270244963645,30.0,3,1,4192.319213771999,0.11262995384905539,1441.9881263212483,1.82457347426331,0.3439595252155986,0
2581,45,5015.153864620748,21.822770122148295,23.13381984848679,7,1,15691.507856916598,0.09416129344605324,5096.362136013774,3.1288188319827768,0.32478472958017024,0
1368,42,3540.9484393675802,22.3525406311375,26.734016826130798,3,1,11550.355644885114,0.2715154469582882,2520.3037620753094,3.261938388164734,0.21820139912240577,0
7217,40,1200.2924876194797,21.468561132690716,23.166503666194505,3,2,2943.6617381706606,0.6932039021354065,146.6152801012054,2.452453688191264,0.049807108676936336,0
5375,60,3403.9928741368485,38.73722500400552,30.0,4,0,3785.89997781672,0.3835159204343922,,1.1121938610922362,0.9930440666620327,0
597,59,1706.000007235815,35.34412986029251,30.0,3,4,3162.243435895796,0.3328933047767435,1276.6157172771527,1.8536010682787114,0.40370570550825247,0
4351,41,5511.171633905641,19.123781570676556,20.694023419809113,3,5,8779.839168028979,0.05107548372292267,6128.832528241684,1.593098482728056,0.6980574941007228,0
6502,21,1722.1253533120114,0.0,1.03203606472055,2,2,1854.0758381148241,,1404.5111376613308,1.076620720175244,0.7575262612177726,0
4758,51,2977.0402567341416,30.817828613534427,30.0,2,1,6965.196960214239,0.07411534294983993,552.1967632693887,2.33963815049487,0.07927941828832417,0
7938,59,2167.3405009242615,31.661370642476165,30.0,2,1,5751.564254415758,0.14697223099878642,2894.392063823601,2.653742802279109,0.5032356304811224,0
7535,25,2760.712146901341,,4.910494438364115,0,2,6135.883314099212,0.196834474236901,3486.435127187807,2.2225726506786327,0.5682042745461887,0
7441,60,4436.9303082843035,40.0,30.0,2,3,16210.369110646332,0.3865580990105515,1269.3329392644284,3.6535099684526364,0.07830376536156604,0
3468,28,3593.593065508439,8.461425765181259,11.205718617235677,2,5,6600.38854764346,0.13959519002754936,2738.498714997079,1.8367100635279094,0.4148996222313013,0
5119,43,,22.544157747166484,23.27668735998118,3,2,10085.373927663599,0.265579536563694,4009.321844901819,3.1680879636581243,0.3975382443584447,0
2990,29,1628.5839588678966,7.142553895282532,9.816935305264877,2,2,5054.79478660598,0.12877495489199453,169.0990915479611,3.1037974794494474,0.03345320605220889,0
7120,63,4218.645032986399,38.225184762167984,30.0,3,1,13156.205178399128,0.27824839212378516,,3.1185854878825365,0.4059054454234918,0
7842,56,2458.853706013765,39.374611395035046,30.0,2,2,7516.776882234379,0.28200136510139756,3557.3674441221647,3.057024850177198,0.4732570222391288,0
2544,60,2163.607444824351,36.09865371263122,30.0,3,3,7381.954410848899,0.2364827299481615,1519.702954676191,3.4118732714234077,0.2058672907059352,1
5952,27,2202.7994094509854,6.8426290824712765,10.932213754422087,5,1,4230.9677667528085,0.02269092647606966,2726.241918438791,1.9207231255828752,0.6443542160405378,0
7540,47,1835.366301192226,21.811329379290815,23.397183655138967,5,0,6069.541994881167,0.068597514113373,309.44579527986195,3.3069921742261936,0.05098338483214012,0
4066,26,,0.4558408197983588,1.0,6,0,1509.0810667331068,0.6774090111745974,837.4379627394641,1.5829387767199918,0.5549323897836509,0
3988,57,3030.6448858945446,36.20660544244792,30.0,4,3,11836.01757728411,0.24858560417761422,458.0507142744684,3.905445218069657,0.03869973251421722,0
7723,21,2278.8324794344276,0.0,,2,0,7427.508123216207,0.31859047636402626,1098.8904909549235,3.259348017130072,0.14794874306769384,0
685,42,4837.718026143533,20.209738512493644,23.786812982532314,3,1,11771.23973976582,0.46565088785382563,5369.957682343223,2.433221547050244,0.4561930434737755,0
5110,43,2506.226776796719,27.194023951754275,30.0,4,1,5432.3333486300935,0.3308742667827132,1880.661213776643,2.167534637696799,0.3461976821158999,0
3243,50,1101.1117598565174,28.65765666269122,28.241888715504437,4,1,1810.6424634219286,0.362796817158417,834.7844978497683,1.6443766467972951,0.4610432565864556,0
7624,63,5326.0132246494195,36.157883960206725,30.0,2,0,5619.244949955303,0.5390863664713187,3373.16268871878,1.0550565146832105,0.6002875330689421,0
4083,45,4088.5902752482048,21.31652135354511,25.152350240125436,2,3,9734.239004950989,0.27769565153709186,1684.3300093211465,2.38083015162483,0.17303150338351764,0
2837,61,,39.29219046622442,30.0,2,2,9799.182173599607,0.1486680479926312,4577.076958570095,2.7376872270274832,0.4670876484877883,0
3697,52,2374.7209276539575,30.84276078352975,30.0,0,2,7464.383960361634,0.3025762013807865,1486.5056985994115,3.1432678566301577,0.1991464676111588,0
4941,45,3417.152245269749,24.868240647434046,27.291316914280003,1,0,3738.047087763375,0.37478295701944864,353.54867132538396,1.093907095575806,0.09458111763298478,0
7016,60,2887.2466581760827,39.80048895387542,30.0,1,1,3303.112291031712,0.11050853134964647,2242.135292591927,1.1440353672859866,0.6787947532633248,0
4040,40,2009.9172235050146,16.060299660266597,14.718021862104997,1,3,6406.180132672828,,2155.7503500204157,3.1872855547261523,0.3365110417400922,1
2230,50,4407.908238957507,31.958403531865795,30.0,5,2,14279.792452211606,0.6369377392354189,4791.363427509235,3.239584782188853,0.33553452849849824,0
5843,21,1476.3027299878545,0.0,4.602037245912364,2,2,4281.117230267682,0.18272129211449722,1674.933569025427,2.899891155998135,0.39123749220964443,1
2320,33,1728.6892540647932,14.038498423338496,14.934125310832753,3,1,6047.772071133892,0.10233046166557379,350.6548334671472,3.4984726473617647,0.05798082820297215,1
4878,46,2346.955592388833,19.97592544642735,21.842970333391595,3,1,6660.11918091507,0.303410457642261,874.7801031020919,2.8377695779646652,0.13134601338799182,0
521,57,3766.805217852004,40.0,30.0,3,0,7056.316428312903,0.3522855764294248,4193.589982763554,1.873289437656859,0.5943029943976309,0
522,32,3259.5099706814854,11.880437881734357,13.976737899784537,2,1,4442.871578168063,0.4882506043721247,2136.6638072047754,1.3630489300939814,0.48091955160355765,0
6250,60,3761.40497559736,37.97697518143464,30.0,6,2,8379.975444606847,,5252.3671311469325,2.227884393989243,0.6267759572645563,0
6442,38,2843.0713122821608,19.5183028342816,23.44227208632399,4,1,4765.5327330570735,0.1578865122866166,855.7923255607225,1.6761917692566546,0.17957957137181063,0
7883,29,1778.0531268396103,7.424026986796864,8.212175605598658,4,2,4845.422653119967,0.31661076513270275,750.3147758557736,2.725128164045601,0.15485022248217006,1
6041,36,2412.3895788623154,14.404185379310114,11.117377120226262,1,1,7796.190716573162,0.3888910645900998,1259.3299646698983,3.2317295617940163,0.1615314466323677,0
780,24,,0.0,1.4687922995609668,1,1,5897.725751071356,0.3099823612680375,1799.1303036421061,2.0044848199462724,0.3050549278788156,0
6261,30,2089.8800071269984,7.627657219657615,9.398864115771417,2,0,5650.243395827784,0.20373144100264112,2468.9930271639128,2.703620962236627,0.43697109207490964,0
5426,63,3644.802965244742,40.0,30.0,1,2,8484.942771498741,0.36659692961263224,3423.8855776508053,2.327956504756902,0.40352488753981614,0
651,56,2299.0110184008445,32.241692434829886,,6,3,5576.682723712603,0.17718888080541798,,2.4256876887835253,0.14676476705703337,0
5972,56,1872.1599385586035,35.727105174834506,30.0,6,1,6232.908936166202,0.508184036823083,1979.3141083137853,3.329260928938041,0.3175586437383828,0
2196,64,1546.6481335190824,40.0,30.0,6,3,3139.361584429924,0.37578052388894995,1172.8866402286985,2.0297839672731164,0.37360673776661596,0
369,28,4162.195469038914,9.401391975786229,10.87402805138965,5,0,15830.21847456538,0.18492186644309383,4323.4660869950785,3.803333743530481,0.27311474531710656,0
5251,29,8603.842015511504,7.632422166089874,8.133690807586621,6,1,32582.557165586335,0.1788071288099624,3258.4423487036893,3.786977620793666,0.10000572797721514,0
4214,21,974.028851584538,0.2785027396499564,2.116480008751373,3,0,2752.998388011562,0.2343925945516423,284.55066113313995,2.826403328333672,0.10336027161231484,1
377,22,3846.8164378291676,0.0,5.929666511865269,1,2,11724.723597066719,0.582753872284923,4831.895515692427,3.047903061286492,0.41211167800162607,0
7673,49,4707.991752414385,29.40289966298007,30.0,1,1,9300.750661980515,0.3027775878757844,2545.406091873869,1.9755239922013117,0.27367748952554405,0
2216,49,2721.612379849115,30.08663021858104,30.0,5,0,7022.520741047442,0.11166440752343451,1435.743121167887,2.5802795405555763,0.20444839881722288,0
6095,57,,34.30163766464948,30.0,3,2,11276.187953822095,0.12686139112030453,2048.1402390422963,3.7260234524892923,0.18163409899070312,0
1613,32,5687.044943721385,9.415723963050505,12.862407583838317,2,1,20171.44080061376,0.13540128903629056,1466.8288166551329,3.546910741910603,0.07271809838246664,0
7181,41,1644.0947889447568,19.69300482511482,,2,2,5243.887205706364,0.48905452898565804,1799.1162162389796,3.18952851196134,0.34308827510271256,0
3632,43,2779.480939376285,22.924150498808316,23.893295536689024,5,2,7084.174508637293,0.13278613600597705,3498.837045952091,2.5487400932589166,0.49389481324693185,0
962,42,1398.6406460591797,25.242987666892695,,4,0,4366.362743647991,0.1455180089206113,1057.422035273933,3.121861756235018,0.24217457351939622,0
7201,34,2391.7766524026956,11.033942505248444,12.230021590607503,3,1,2437.708844041021,0.4585010628751714,3549.8888053472924,1.0192042144036249,1.4562398680322284,0
7505,35,1988.127288899207,11.54311096928135,11.050261466091863,3,1,4742.768982708285,0.5406952776345497,1801.291628772985,2.3855459402371952,0.37979746332581965,0
6101,45,1660.3401167100992,19.68060354911769,23.79191419722713,2,0,4237.272217321083,0.5567520139592759,589.7521438792994,2.5520507362775025,0.13918202882234376,0
5427,49,5398.921403126466,27.71201332238014,30.0,5,0,10750.537365437318,0.07028757354204151,1908.9299423953762,1.9912379830556117,0.17756600228492145,0
359,62,4198.690622219512,37.81348012373767,30.0,2,1,13579.887309666105,0.06133505319095179,6115.671927216757,3.2343148213400643,0.4503477670881442,0
3839,56,3545.418407295556,33.41279919689095,30.0,2,1,9208.564453629928,0.2829660422650534,700.9488960231747,2.5973138839356955,0.07611923655992518,0
7210,21,2916.573136906535,0.0,4.62162234498461,1,4,8188.855213288866,0.3245020208471688,1113.512494590311,2.8076975371083543,0.13597901850594502,0
1246,63,2115.1470711427473,40.0,30.0,5,2,2249.7712372243673,0.44284672243849554,1385.281924481287,1.0636476621027051,0.6157434594062837,0
5586,34,1738.4001110631398,14.987729265913632,15.574333192454183,1,3,3085.5540422083254,0.26037318142079946,,1.7749389352726843,0.21492614966202783,1
5087,24,1396.9126811988706,2.5038356791398986,4.019976986403966,5,2,2726.9473370398237,0.21349380664334514,633.783623090255,1.9521244052988904,0.23241505784935493,0
3694,26,2471.717956245968,2.727470941764995,5.108008001511248,4,4,7064.087635941293,0.10148405286717076,336.020073962397,2.857966710194634,0.04756737051969234,0
6758,33,2983.797637901919,13.696506960151812,14.774204189875995,2,2,10602.413618462664,0.2354761222403663,,3.5533286452756343,0.3903940249379757,0
2567,44,1101.601272035769,20.326485264604905,22.106229905842408,5,1,2581.1972256892864,,1638.5768768569067,2.343132030811122,0.634812737496004,0
3423,41,3550.152669197772,20.108616849688264,,3,0,9783.845669082777,0.25443865573071733,1137.0583676108108,2.7558943461700856,0.11621793782008916,0
2037,46,3774.22277757995,16.676273831682543,,1,2,8389.345972375439,0.2087026418675149,5025.457421244071,2.2228009491677985,0.599028510421667,0
772,63,5765.207667578126,37.58311285220633,30.0,4,5,17628.833535955473,0.03187924850579471,5101.320385987491,3.057796796305357,0.28937367725339985,0
7351,51,3778.36759594874,26.701540512716015,27.888963508893944,2,2,14292.95558910414,0.04158914843599254,2147.692718102529,3.782838812303335,0.15026232361204328,0
3562,47,1252.2092667706129,22.540961150383186,27.944559204396384,2,1,4751.6742917358215,0.7097203953276692,,3.794632748558202,0.1624155915521985,1
7568,41,2382.7418823887715,14.500587506559697,16.67306497409608,3,0,8397.721361772708,0.18406975693975466,1629.5576821876398,3.5243940704788956,0.1940476007700796,1
7313,52,2118.2570931649075,25.83649033883328,27.946424942329738,0,1,8121.422152708874,0.3945717691474975,2859.932188579185,3.8340115460558106,0.35214672194145996,0
5300,39,1164.1277156166113,14.980261467456039,17.225121750871576,2,2,3628.5660484116056,0.13841717417691615,1370.7277531540362,3.1169827843928952,0.3777601771239822,0
4531,46,4340.370769341975,24.227998261955854,25.04513374034427,2,2,9155.731984639537,0.3976199150665305,5030.497549033194,2.1094354540655056,0.5494369600893517,0
1674,45,3046.9005326763518,27.580053732577547,30.0,3,2,10310.618252892305,0.16679623933559723,1132.3286426448117,3.3839694280520582,0.10982160476430926,0
365,27,3457.874436517123,2.2258535014785545,2.297256984446072,5,1,5296.3164716602505,0.3813151482649404,4718.800291294955,1.5316682455927644,0.8909588988015552,0
5260,55,2298.59782638305,33.296390362439,30.0,3,1,8957.573665219317,0.11468064432181134,312.748161086793,3.8969729991063615,0.03491438337829574,0
6377,37,2928.3150115208837,15.747100159633595,18.510059913382968,3,1,10626.394843524437,0.2514028775172114,2148.412585887896,3.628842799260654,0.20217699582253956,0
4327,40,1963.3833026017876,16.875641431321284,,0,3,4829.023553591209,0.10625679662499138,2009.180466099716,2.4595419280544983,0.4160635051377095,0
147,63,2990.095336837973,,30.0,5,0,4927.560289921219,0.20299899072643166,2896.729739676723,1.6479609292766284,0.5878628711254258,0
7034,32,4587.2015710408505,12.5861567050013,17.393787366788665,4,1,6934.744534159515,0.10843935643425867,738.1474776033251,1.5117592777999507,0.10644191346448612,0
3088,41,3828.0886864481236,17.27620209257645,22.2611428477058,5,0,8496.447085582484,0.3670492286801143,,2.219501109172546,0.1948396877762263,0
6315,37,7738.520088023002,13.120800632403217,13.744116455683724,2,1,22269.58019880471,0.6104752402278142,7319.2010197630025,2.877756980080933,0.3286636278916408,0
407,39,3092.6458753931374,13.226006368545226,16.10036091810613,4,0,5387.451025173137,,2045.6422952825337,1.742020018534545,0.37970503782292714,0
7386,64,2529.172615682375,40.0,30.0,0,1,4201.591460207467,0.3003360178902353,2841.609411601317,1.6612513650334106,0.6763173998504375,0
3456,22,2984.256431772574,2.135504649231646,5.789486974220512,1,3,9732.004755200673,0.41535621790143307,915.5818653869864,3.2611154495929506,0.0940794716420283,0
4182,22,1550.530264531566,2.7351686569543867,1.0026756449870664,2,0,2266.061616557971,0.5112852310119118,1906.9768402700042,1.4614752568164644,0.8415379468659826,1
3576,46,1441.2152141009078,25.77766061592481,25.65754300500577,5,2,1912.2679245522963,0.22286414901668716,421.7933132811392,1.3268441144962875,0.22057228899025236,0
3271,49,2243.394728721076,27.259390411188765,30.0,5,3,5840.19251064211,0.008687397696493541,1553.9263887567452,2.6032835130942438,0.26607451482552175,0
4940,48,2662.3783589449095,27.051349433750907,30.0,0,2,2853.0755563892435,0.4058533391627593,3095.553053299273,1.0716266329327837,1.0849881091887033,0
1031,44,1034.2343719054693,19.27393932797466,21.363275195224826,5,3,1567.7165798338401,0.1534253154659785,1225.8529844330621,1.5158233205356397,0.7819353320630114,0
5245,23,3265.8698846459683,0.0,3.2971618751621703,6,1,9962.803846814639,0.3826297215779966,2849.5254423414685,3.050581988478283,0.2860164152737519,1
855,23,2551.7188870460245,0.0,4.503702263798054,7,2,9849.486302272468,0.2530821302229665,2900.5797383628897,3.8599417640689415,0.29449045862358014,1
3926,27,3299.024547162484,3.3539305770817345,3.0056817159674143,1,4,7939.11367842864,0.2658618394385815,4922.790760495626,2.4065033663532853,0.6200680529202318,0
78,36,3063.117386156326,11.414051310284856,13.19450767903853,1,2,11162.117993931326,,1893.791765872254,3.6440386007987184,0.16966240339887823,1
2247,52,1146.3170118791118,26.67943532858031,28.536320535705116,3,2,4171.8665217327525,0.0771662755739755,992.0109614430631,3.63936544472456,0.2377858822364813,0
5931,58,2224.3596232366754,,,4,2,8565.426753585252,0.17313932722624942,444.90503794847785,3.850738281753947,0.05194195814729871,1
7307,32,4276.211999784931,11.20105953773804,12.080280492250418,1,0,12146.823817806782,0.5954697307873907,2375.5408167740716,2.8405569738866308,0.1955688871762196,0
7355,24,3330.864469077478,0.0,1.0,3,0,11295.676665115943,0.6192665545055751,2674.113666656959,3.391214734187132,0.23673780207566794,0
6195,32,5496.844429836953,,13.436673055049082,1,1,8324.450371837798,0.23322973261047208,3724.240534199192,1.514405306188503,0.44738575735865516,0
5509,31,1196.42225648154,10.92120068822452,13.909385392577853,2,0,3428.3643052909238,0.3648012312419043,1433.8037269216222,2.8655136484781876,0.4182180186361358,1
788,49,2077.616223493804,29.615395594450792,30.0,3,2,7911.462782182422,0.6467466067375509,1852.587312431504,3.807951965680257,0.23416495323769407,1
2279,62,3133.469171673633,37.88087522862239,30.0,3,2,3178.385302215472,0.7132147498671644,3030.0252826590854,1.01433431384865,0.953322204374349,0
4095,23,5973.748762951999,0.0,1.8840324430146254,5,0,17094.64814983493,0.026717784353511527,6594.282013176955,2.8616282385112237,0.3857512570822132,0
3897,40,6709.4548824631775,20.62355302362411,24.68891722771025,4,2,11517.740145340535,0.6430998332198807,6106.728015418231,1.7166432068043265,0.5302019266243551,0
7584,45,2214.1868863592827,22.768770197067884,22.053620457553972,5,1,5497.91286774163,0.6694657504107583,2634.412694300738,2.4830392148070546,0.47916595946033463,0
6649,31,4401.849264259262,11.600558187395901,10.590332185296909,1,4,15682.76364273682,,6223.849615722715,3.5627670783896996,0.39685923715398047,1
3631,56,3255.0887799583275,36.23329582429525,30.0,4,0,9364.802509313495,,2742.074850358609,2.8769729928636187,0.2928064791149154,0
5995,54,2169.32560445922,35.91987334105927,30.0,4,3,8268.553744044964,0.17559788361336834,2617.201765025262,3.811577997811071,0.31652473286639493,1
424,25,2184.3007909549733,,1.8276447584254913,6,2,5521.575870015941,0.14475454058216164,2533.0831627882085,2.527845932611651,0.45876090855578433,1
392,64,6824.634635458817,40.0,30.0,4,0,10866.009815794552,0.0818936160137832,7155.669386942117,1.5921745846052953,0.6585369890372104,0
5978,45,5018.610204763514,25.002098626595938,24.272478183212552,4,0,19746.511478454948,0.46429095194289627,5973.992299242857,3.9346573399368916,0.3025340605484148,0
7549,48,1851.7717328062631,24.246101748778763,20.816697779273163,3,1,4338.1176895568,0.22770561331596215,2055.2811991575286,2.342684906947256,0.47377257747184465,0
4200,21,1505.9188851416905,1.185019155312364,3.3742389653174865,5,0,5146.843461901192,0.3343322421176362,2090.23227694789,3.417742823124853,0.40611926366530277,1
2672,48,1768.5828805412461,21.529969120205152,25.61049685167666,6,1,3504.756349029831,0.29900031886511036,1202.2511108439157,1.9816749260612865,0.34303414877234384,0
7318,47,4117.190396596708,26.839335856839114,30.0,6,1,11835.66249665167,0.095474265588946,1776.1426066695094,2.8746939919113514,0.150067020512961,0
5412,26,1744.7152352647495,2.544398073753582,5.166491002764634,3,1,2709.823891882501,0.07183940956101295,1925.4367693871814,1.5531611331813138,0.7105394469194048,0
3493,43,2864.429627147497,21.19310054142387,20.849178428044752,3,0,9570.010867074974,0.6673117695841606,1644.924581039497,3.340983062169043,0.17188325111508052,1
1459,45,3378.9030221681087,28.235309814025776,30.0,3,1,6430.150143129407,0.2109639241554109,3927.500148923527,1.903028912325348,0.6107944700358275,0
6615,48,3853.9899076952665,30.36212013470831,30.0,3,2,8176.8313641883315,0.2659425964746648,3531.91189770058,2.121653548666965,0.43194138907757373,0
6311,53,1310.3988848281053,31.420844598824576,30.0,7,0,4129.360050212641,0.3811590668857076,1932.8741967396268,3.151223721282638,0.4680808099163195,0
5310,31,3398.8055423131136,9.727782945425758,9.998544825253738,6,1,12586.675314397695,0.20623895734962908,1926.9174713757836,3.7032643255699833,0.15309185493738872,1
3835,62,2729.622339127553,36.638739189822005,,6,1,5296.265325237624,0.046070664113766945,2790.3608438975657,1.940292343493359,0.5268544290258669,0
6994,35,2254.9065173412614,12.593076004554524,15.383083346303549,4,1,8076.982225736711,0.24644718094315102,1369.790418332276,3.581958792358365,0.16959185745977493,1
6198,29,4499.726505563454,3.7913546725927434,6.936916648621076,2,1,16491.998060454793,0.2019915712974501,2845.330203889245,3.6651112106622734,0.17252792496452551,0
7610,58,3161.742064437499,37.96906009490066,30.0,2,1,11097.059437922962,0.5194816968770593,388.5307108542319,3.509792769859367,0.03501204197631596,1
4724,33,1641.7391639778725,10.800480364092822,12.424795375236021,5,1,2972.0057319492707,0.30492106263209695,602.5046046551212,1.8102788781308061,0.2027265957727316,0
6214,40,10684.387364059246,13.440076304180158,13.341609153704887,4,3,37359.276836641046,0.15367006455725818,2700.7728152404775,3.4966232095171237,0.07229189224004537,0
2355,35,2104.0046519232183,13.167062434244682,20.112230261019846,3,1,4055.3099998704106,0.2669292074650013,1382.0862470621325,1.927424445646331,0.34080902498361354,1
7900,33,2617.692632084791,9.99440169456319,,3,1,3945.424056189062,0.22426111954186884,1226.4879443218356,1.5072144100611364,0.310863401970159,0
2442,42,1198.864818230056,21.59383277029043,22.999200556872246,5,2,1208.6527396598715,0.382293306000946,1028.6933117890803,1.0081643245184773,0.8511074174030882,0
5417,36,1232.2110353859953,14.369764412273707,16.720521904916183,0,1,2263.4924478451967,0.34240940127377323,898.8728018641282,1.8369357056895277,0.39711765008089095,0
7340,50,,28.707595483033746,30.0,4,1,7829.682767882107,0.2769493807397063,2131.331814218589,3.1529347114312367,0.27221177120501705,0
6227,31,3141.905609988982,7.7550680561538545,11.095905735313236,5,1,8106.58352886193,0.42923372603189536,3080.0817494306943,2.5801486534442253,0.37994819130212576,0
464,22,7420.663360772669,4.0715604024012055,3.403064312234634,3,1,22668.809406900862,0.2316660666380269,2048.8944844135094,3.054822501008925,0.09038385949770185,0
163,50,1674.8128353376405,25.46325640539194,,3,1,4986.429573868367,0.023713597532617023,1345.8791657042063,2.977305564333765,0.26990838750783797,0
6928,50,1187.546767976484,26.64782883062116,28.247053614203544,1,2,3355.6229485192184,0.46293391094601777,1118.2478805274825,2.825676460925425,0.3332459867164,1
7167,54,1656.7834066598318,32.718835173938814,30.0,2,1,3106.8358335658777,0.3231809817490572,,1.8752214810199197,0.21277213240916873,0
7662,58,6744.888198633604,40.0,30.0,8,0,21378.840504699423,,3116.762099969091,3.16963600805576,0.1457872375858726,0
7929,46,1274.6912084968606,22.177337787836017,25.97140512090512,6,1,2301.404089729033,0.25255767557862485,1619.8289334600554,1.8054600787926443,0.7038437711522334,0
2009,32,3649.4648615219044,10.186712177170927,12.659684295090958,2,2,11962.400845634307,0.07192679936124798,2984.8398386561507,3.2778506711380504,0.24951846014635695,0
3084,46,2926.9443317072323,20.22368953527275,19.895166688256882,2,1,10733.81782323311,0.4099182630472026,735.967925139382,3.667243584701959,0.06856534527224747,0
900,50,3087.8456434834966,,30.0,6,2,4739.6201940009805,0.3234531278599617,4335.024472350508,1.5349278238707764,0.9146354127356923,0
7990,25,2131.865238824185,6.292702822881502,5.779706051906862,5,1,5749.3101071025585,0.3184593286556232,497.01742774969216,2.6968449986423857,0.08644818569373895,0
4837,38,3188.862483454959,,18.861095113415114,2,1,6063.399369803922,0.19749965412395953,846.580150423375,1.9014301812207839,0.139621373884655,0
2293,29,1374.9526036379914,8.62724263533473,7.444022717470295,4,1,2549.707676040714,0.06122728251284247,1026.671209425927,1.8543967765102845,0.40266232049792555,0
4481,33,1470.4866247795483,15.635380601074129,16.444329255890413,1,2,4418.413986137187,0.12180498293274601,373.29438270385236,3.004729122782456,0.08448605854387271,0
4605,49,7445.801067119395,27.63714393772815,30.0,1,2,8100.041730214213,0.06347470586062032,9817.727769939265,1.0878670618778603,1.2120589124026186,0
3716,28,,6.931972124924403,9.777881724796323,4,3,2984.7692675596,0.3007954168773386,3925.8217033585083,1.1324281109795198,1.315284818168987,0
6643,29,2698.7376203183726,8.11748664649357,9.721937781720968,5,2,9302.614626123246,0.062283018022267704,,3.4470244739930695,0.17204418024175724,0
1764,52,945.7189992693201,32.44665857977825,30.0,2,0,3389.8165144460763,0.3928348612084683,503.0946953178338,3.5843802620705634,0.14841354780526922,0
1549,47,3365.546726622219,22.24367352936609,22.116848487462658,2,0,11678.810706323662,0.39381692513599104,550.8576054982042,3.4701080255227734,0.04716726894117175,1
3029,34,1915.4951841016205,13.394625278437164,12.69354874058947,3,2,7031.435306152152,0.08090583512234933,1138.7356907966753,3.6708185771033097,0.16194925235255153,1
6045,42,2448.6037362040884,18.338434531438025,20.3095606787026,1,1,4090.7148737560697,0.5811026089768532,3557.400257463966,1.6706316392776726,0.869628015456766,0
2044,64,4968.760039958449,38.37725142534497,30.0,2,1,12763.687622196787,0.06799066945586482,2516.1991118484975,2.568787286878825,0.19713731535333742,0
767,54,4129.188212297899,34.69485140165112,30.0,0,1,13478.657830310774,0.34197518050755904,5893.555493305564,3.264239152424075,0.43725091678283795,0
1508,45,2819.4330819612373,26.362010670770967,29.32590501583457,1,0,8026.612326622323,0.41328535026607677,1613.3571879934289,2.8468887514928705,0.20100101043155094,1
7768,24,2370.7473318145967,1.4809441340077765,3.2678850760739997,4,0,8364.129335561476,,980.3417059300937,3.5280559945456007,0.11720786068694672,1
4517,64,1142.1696279768241,40.0,30.0,3,2,3678.264043495425,0.19424209611073573,955.8570416771605,3.2204183629106806,0.2598663473785904,0
4219,39,1565.3265343726337,16.048728062546953,16.568209341306293,2,1,4924.330778505602,0.23338769533145237,1393.8642217737042,3.1458808564049687,0.28305657854217164,0
6652,38,1901.505153369534,16.518193433256148,16.605696354952407,0,4,3840.240973280839,0.1832984533155044,966.6205015536375,2.0195795769871028,0.251708293380304,0
5242,52,5436.626561960417,28.98331297526274,28.14165830419312,2,2,19002.42640521839,0.23828939505207636,1167.2704501255193,3.4952605606897196,0.06142744222416602,0
3292,23,1554.9237386866457,1.1962516386057682,4.084334514193011,5,1,3940.2679935393294,0.4019200709518575,1521.851670301111,2.5340586779306915,0.38623049822916083,0
819,35,4879.574630081521,,12.126391545241411,4,3,9919.509826635027,0.17970086138962582,3441.8047149263666,2.032863636408673,0.3469732653205025,1
1403,42,4026.5698032056853,20.62769518371723,20.68784679189553,0,2,7457.6885716207225,0.4035583982207233,1789.4380925953155,1.852119530048482,0.23994540337937853,0
1382,38,2883.5579436483335,14.16845034911522,14.584488632318031,1,5,9347.468629242612,0.17020313018476882,1697.014836293372,3.2416441118627266,0.1815480643587754,0
2148,30,,12.861716258695054,13.532572269589465,1,2,4115.8878191929725,0.22614698173856992,1751.6048740957572,2.9513123351780326,0.42557157800263007,0
1638,49,2983.494757784781,24.75676790599005,26.64391305011387,3,0,3035.1267159724503,0.27830962533495995,1210.3584595561238,1.0173058652283355,0.39878350158712456,0
7688,45,850.4265309813155,24.811528902125392,27.162043724970207,3,0,1993.9460278499178,0.6531682144369063,191.79667614269,2.344642312074958,0.09618950235554036,1
399,55,2943.3409196140938,33.55540656244276,30.0,2,2,4864.542165425265,0.49615896642666935,3952.417186731078,1.652728072717809,0.8124952055761556,0
882,51,2064.6994001856933,26.606861062680093,30.0,3,2,6270.98895934842,0.25676215391115087,1003.0256806937574,3.0372406553634033,0.15994696964001281,0
3565,24,1873.924226699105,4.673436381858141,6.45132541724084,3,1,4746.983551478357,0.19219502800413565,1461.6785546570254,2.5331779609040606,0.30791734136129745,0
7150,41,2123.280031057789,15.550459128293411,17.808194358726965,4,4,5865.275352934962,0.3348409348855851,2159.3153933341155,2.762365428554877,0.3681524333301082,1
1179,57,3330.845428562378,33.90003784190723,30.0,2,1,7902.221360387446,0.15020506322356625,2200.8829393268875,2.372437127410657,0.27851446307990774,0
4244,37,2130.817482408957,12.785646923407047,12.343793941210476,5,2,5855.994496681733,0.3924826960030564,1315.6567485864148,2.7482384319755746,0.22466837175682533,1
5218,52,4627.269387107156,24.04317462356195,27.793565911569882,6,1,11679.540327154085,0.10448427546645057,2716.4981773254144,2.5240675115428752,0.23258605229606108,0
5465,51,1769.427062768224,26.766050530761426,26.391659242589363,2,1,2258.103506232661,0.4526068398335407,1152.603568315218,1.276177783050246,0.5104299094943529,0
2130,56,8073.002250724287,29.958317028058204,30.0,4,0,14350.23479414085,0.04350273105993501,10182.54322917834,1.7775586266996752,0.7095732840089722,0
5078,61,5791.953520214786,35.02902980379004,30.0,6,1,9575.843762796643,,4521.344099543147,1.6533012099243394,0.4721614315710891,0
456,39,6861.090512506674,15.644031331170286,,3,2,22107.796847351798,0.504348686102308,6457.730861699012,3.222198687956792,0.29210196322536575,0
6901,30,5611.8656398123,,8.50260558809417,0,4,5707.36738713184,0.30182711741062357,7036.166890566928,1.0170178249888986,1.2328217921332831,0
1950,54,1583.2536465225137,33.72416094754916,30.0,3,2,3088.910979417962,0.34104095891586633,2076.5991670132107,1.9509893352859164,0.6722754980153234,0
689,54,4368.272359241378,33.83611794342818,30.0,2,3,9376.328658676193,0.3216217942048381,3323.0197641433233,2.1464615499168525,0.35440521392863455,0
6325,44,1241.0728794416964,18.50039785295491,19.716508982827136,0,4,2743.964353368712,0.24162533614617449,160.98393249383517,2.210961498572993,0.058668376029082994,0
7812,22,2993.590466557253,1.5076642288752313,1.766960808589006,2,1,8330.627595646865,0.48034376096420006,2762.5863179847756,2.7828213941459454,0.331618030726563,0
1953,63,2659.8565016676785,40.0,,2,1,4689.115157105402,0.28015560749551005,,1.7629203508405127,0.31990667153325725,0
2710,24,4258.245525121797,1.9483445652950098,3.164559738302274,3,1,14319.196439976222,,6043.571753113065,3.3626986409071975,0.422060817340327,0
5911,52,4340.121295493551,27.562692972392117,30.0,0,4,10060.208603974936,0.05244902378871023,4373.160339843029,2.3179556328116186,0.4346987733549709,0
5945,33,1146.6458545829535,10.467866720511779,15.147837512397622,4,0,3360.187789642165,0.24066765714546962,157.77747835522058,2.9304495160489625,0.046954958541773256,0
4349,36,6178.221073445791,16.275012063251644,,2,0,22577.93246452099,0.0438692422360516,,3.654439068482306,0.40461235973750037,0
6948,36,2946.5128246547256,13.407027681692117,,2,1,10312.331048488737,0.21007358669971624,2576.7732849921063,3.4998425807622757,0.24987301831914424,0
1884,49,3481.1899450359574,29.683241507804002,28.90384689539784,1,1,13213.343913125325,0.5326082022596554,,3.795640031641205,0.2588572889776803,0
6029,32,3947.027587745653,15.335177768982895,17.704267137948207,3,1,8505.73903475896,0.3144198335644154,1380.5727699554275,2.1549732920962477,0.16231073682294683,0
7075,57,1483.1245367865279,,30.0,2,1,3474.0057907413916,0.39253762464708564,2145.384628428931,2.3423560898456226,0.6175535556522725,0
2494,23,3694.5602599156855,0.0,1.0,1,0,4885.285359857759,0.0955457996433543,,1.3222914274429098,0.17101582335889634,0
3036,53,4134.49849276829,35.470935833066044,30.0,6,1,9953.456617940357,0.09120262941154172,4375.313112580385,2.4074157084227,0.4395772524586295,0
3603,62,2745.624769287194,,30.0,2,2,10762.266607375183,0.2591728772914718,2422.8275461171625,3.9197878485665143,0.22512242397496857,0
845,42,1943.568055547034,15.760838141640129,16.99796878956988,7,1,5476.646814639699,0.21801639481197113,886.9610191531234,2.817831255771617,0.16195329901175584,0
542,48,1399.4790784069748,25.114864840749405,29.427307037731495,1,2,5369.174096118467,0.5282405810291093,678.5281867549854,3.8365518848843316,0.12637477843110234,1
3724,54,3289.756466469511,34.85581076194833,30.0,3,2,7612.137355259265,0.08963192957272134,2913.9078198260777,2.313890840506024,0.38279758809302666,0
4187,26,1759.3454883098245,2.4119955192226703,1.0,4,1,4368.742261454204,,1490.2552660168462,2.4831633641503728,0.34111768944702897,1
3679,58,1685.3348708185863,34.92999752654423,30.0,5,4,3292.053709931001,0.3713325693851549,1666.6409627435921,1.9533528718432158,0.5062617774782672,0
7705,57,1168.273203327238,35.51509979222549,30.0,2,1,2853.517090679651,0.18896504003671286,1027.479956691718,2.4425083812184036,0.36007492649956147,0
6547,26,4215.73278048378,7.08170031976001,14.05222067777289,2,0,6573.488357659416,0.05126482257695629,6073.544399239741,1.5592753857859725,0.9239454105312074,0
5500,62,2332.627139631724,,30.0,6,2,5968.408443054596,0.34422476997156315,2603.808943827577,2.5586637236831993,0.4362652068253832,0
2964,40,1891.1861502503157,18.797050043025887,20.02802589993469,2,1,3015.0638759584713,0.27343693964978005,2541.539741463506,1.5942713389474643,0.8429472296521628,0
2529,41,5976.321781586645,18.698869409582265,19.573866477251574,3,1,21200.97130642017,0.07888160731623294,4835.6793219501005,3.547494944422413,0.22808763108347488,0
1048,40,637.5344443437816,11.350414210274993,14.326354491454383,3,2,1979.7428258574914,0.3434181878690291,,3.105311161493798,0.19243008960659352,0
1960,60,4888.678565493424,37.837624082449196,30.0,1,2,18471.22593423875,0.19318607822925954,4907.765599675817,3.7783678527398568,0.26569788151303225,0
2530,64,3228.198354392181,40.0,30.0,4,0,11051.193604782835,0.6310464120210068,4671.69392460892,3.4233316517700785,0.42273206783627987,0
6267,38,6608.990481543754,14.474223555076069,12.12185727323603,1,2,21463.159412173234,0.5146026220119012,5648.589130559811,3.2475700293579157,0.2631760321062568,0
237,53,2204.5439551766153,29.81679865180398,30.0,4,2,3019.306536186676,0.5291303683538737,1508.6818047945837,1.3695832778007762,0.4996782495294495,0
4917,42,5700.274235728017,19.220155093788435,,2,0,15451.556858085105,0.4871074513759988,3583.541925977692,2.7106690343489577,0.23192109111662657,0
1133,60,2033.8033188478173,36.89858259166497,30.0,5,0,4488.844545599168,0.19203399471847876,,2.2071183108021337,0.6217693902098128,0
6621,35,8830.54030755019,15.991818469343702,21.19656600738889,1,2,16185.5381917523,0.4388971946821779,10829.062223273124,1.832904627354854,0.6690579018738663,0
4259,23,3984.2594746799587,1.523330008291512,4.856253423462314,1,0,7030.181684994408,0.17739299061826,2544.098096693335,1.7644889168668205,0.3618822685797143,0
5918,59,1672.956659291461,39.693178935427355,30.0,3,3,2912.894168511662,0.038149237722246376,1819.2665928813597,1.7411653507780325,0.6245563647823534,0
6017,59,1571.8812174570362,35.235952938792735,,5,0,4693.448696548214,0.10482699994116539,1934.4901682008378,2.9858800044326497,0.4121681716950596,0
6174,35,2297.5665923001648,10.461783360117781,13.344937993667505,2,1,5842.397003740405,0.07751024885764743,3032.418522831797,2.5428629678547865,0.5190367105984734,0
2978,23,2360.5331018515035,0.6518618592560149,5.956768152116271,2,1,8907.970892367643,0.14410325960581777,1057.1254246247975,3.7737114914341183,0.11867185438723687,1
6337,23,1752.8828115630208,4.802177015941579,6.683898101773679,2,0,3997.005736110182,0.5117615457330981,2480.462400481969,2.280246979286715,0.6205801453004449,0
6155,50,,30.725667410975955,30.0,6,1,9524.062117762154,0.14956428301127522,1734.7614049977515,2.716993664704811,0.18214511660549357,0
7609,46,1924.3409364747156,,18.65712727355985,2,1,4416.5455716411525,0.1864222034554959,1425.6583483603224,2.295095161116312,0.322799419871164,0
5969,46,3103.402588498995,21.477842772076475,27.796406228014874,2,3,9842.708193461414,0.2754613118607241,2052.6525795534876,3.1715859972334366,0.20854550792403662,0
3919,31,2060.4383240684474,8.065785247520516,11.62324181479835,4,0,4499.340830988809,0.2414246068515109,1807.9133467135412,2.1836813936292043,0.4018173805064286,0
3138,41,2027.0833675641004,21.972727829555513,23.219474573851883,2,3,2720.088853879481,0.3863301713445213,649.4424255379517,1.3418732043310826,0.23875779815490047,0
7141,64,4314.583969738645,38.27566944461073,30.0,2,1,4482.3076994297735,0.4711028366339606,3095.4203996353217,1.0388736737695914,0.6905863245464189,0
4073,36,3782.174385360555,12.445807488082792,13.00741216365215,2,3,7144.2059761767805,0.42250412845884794,2780.865897715833,1.8889150124408458,0.38924772143873887,1
6878,58,2354.9456271706117,40.0,30.0,4,2,9193.58713623613,0.4022396429555889,448.0748705820179,3.9039487919226046,0.04873776295826359,0
3229,41,2235.2876525756315,18.91279642105355,23.538273624794428,5,2,3850.8673601736314,0.3821231908648282,,1.7227614332931303,0.47512913294868875,0
1826,56,3659.3036343266967,39.75196898241222,30.0,3,3,7113.929082542213,0.43368150837086655,3876.2847665014906,1.9440663561801312,0.5448866191278186,0
593,26,2343.9282942849813,2.499692491789061,3.4844209963343458,0,0,2376.127384294866,0.5881109526667364,1063.4376981321564,1.0137372333822638,0.44755079427180616,0
2725,41,2519.6578335991508,19.03059862853101,20.37537123009998,5,1,4179.439603403409,0.37155407601920554,644.8148231700244,1.6587330024225466,0.15428260349663567,0
4137,30,1965.8119702722215,11.686801478051024,11.628986714239021,2,0,6926.657138075348,0.2383048719442995,1633.7151290850554,3.523560362243678,0.23585910151444311,0
560,25,1552.1006064072574,0.8118955900565417,3.9855431303047624,1,1,3475.7227282647887,0.3117726560409723,651.1586841038629,2.239366903096738,0.18734483012945793,1
6272,37,3681.519629020324,16.94027334430301,21.458168538886966,3,0,13651.152053958931,,3180.8147788861997,3.708020988493708,0.23300705803535027,0
5638,33,2304.0038356575087,9.59066044974863,15.841695367015557,1,4,3238.532602952275,0.13100366655913906,2270.305018270506,1.405610768884885,0.7010289216174251,0
243,31,3954.664767149145,9.68373854955928,12.926888067842704,2,0,14730.31546312587,0.3358240010888494,5277.600084328277,3.7247949776902884,0.3582815383376953,1
4437,63,2768.3634840215727,40.0,30.0,4,2,6424.05483793147,0.05164326704492007,544.7650747871784,2.3205243368545347,0.08480081327615059,0
5552,54,3180.5385704940873,30.90594811122134,30.0,4,4,4500.324177937077,,3165.1384453577507,1.4149566427795168,0.7033134325911232,0
405,39,5200.331586767557,14.156448126012226,16.21188849037878,4,2,13856.142383735261,0.6677252250741458,2536.078685185815,2.664472861498437,0.18302920213657284,0
1442,45,1137.3634403097224,19.141636514115284,,1,0,3601.941958174993,0.40739586540527606,818.9055915972547,3.1669225777066705,0.22735113477846602,1
261,61,1977.0319431911282,36.39723194767395,30.0,0,4,7195.494026800534,0.16047758331999626,1141.023890324395,3.639543635894058,0.158574781116419,0
5368,22,3822.6286294467845,,9.017818891040438,1,0,13307.39109346945,0.6166306913300709,3855.0817727818003,3.4812147303452057,0.28969478282438593,1
7298,52,1705.9374477652104,29.481182603384035,25.425582191246797,2,0,4913.104447053768,0.5099769572819284,881.2986350554667,2.8800026949932827,0.17937714220261555,0
1689,50,1111.1258771791156,26.127391567511225,,3,2,4041.3187913430943,0.46711653747344306,381.8020315518221,3.6371385765967776,0.09447461367553579,0
1725,52,2214.956892112293,34.278597480958005,30.0,3,2,4287.411705051005,0.4729738092414326,,1.9356637234426335,0.06867828207045142,0
6529,24,2443.420070939482,1.7508827205405435,8.431940417692818,3,0,8333.09899652297,0.09314704910071658,2325.6728908733485,3.410424222847174,0.27908859499254096,1
4930,44,4788.406554362829,23.286687561874338,26.293287812321395,1,1,14594.443721980097,0.3323400865725324,1270.7200457792014,3.047870634268253,0.08706875506775374,0
2496,24,6088.481172413219,6.261065035050196,7.586513694630883,3,4,18625.89815228257,0.19223583591664262,4639.9843182624545,3.0592027181879327,0.24911466176431513,0
5382,41,5246.246748164284,16.969189915481522,20.693204174244297,3,1,15969.122738493988,0.3029440735292539,6593.3486553553885,3.0439137739912345,0.4128810807785921,0
340,51,3927.048042738668,30.689805957634782,30.0,2,1,13520.334533460833,0.25970446831318855,1666.7873853899134,3.4428747462004416,0.12328004024344669,0
6517,21,4067.715339190111,0.0,1.0,0,2,14787.078859540312,0.06575029058404548,3083.6866957953926,3.6352295149749696,0.20853927439535244,0
1601,47,3890.576295366805,23.295995324769994,24.712877085544115,2,0,14227.05694622885,0.17402280496176756,3314.252420600229,3.65679937010142,0.23295418252182748,0
4576,42,5835.454114923639,,,2,1,20284.57086458536,0.497637460808053,3152.2892127237574,3.4760912287373538,0.15540329809132464,0
3725,54,2924.9400982531834,35.90002195269263,30.0,3,1,3659.1071831351574,0.45582905087664166,4259.479761160601,1.251002434313246,1.1640762481057028,0
7917,64,1868.2833360922727,,30.0,3,3,3747.593681135618,0.3651191042809712,1585.010537816305,2.005902214475743,0.4229408715770931,0
2785,53,7364.126642803581,26.54402220467309,,5,0,25428.183861975056,0.3171327700893923,5309.156929309214,3.4529802507978524,0.20879025250593897,1
1523,25,8745.771638029257,4.791246347804846,5.263675800273759,4,0,30020.28917474723,0.6352742897134872,11306.628020985769,3.4325489410459733,0.3766328816877884,0
5967,45,2401.6427651719814,20.163048046179988,25.4639238982478,3,1,4914.758636418794,0.3302905085146398,1724.4784364625464,2.046415356892951,0.3508775433413982,0
7106,58,4434.296149796462,35.49710770529537,30.0,8,1,16613.031291620126,0.41170924860684893,2242.114636116115,3.7464866419403853,0.13496119984117966,1
7410,39,4810.042179274773,11.8275566300659,11.704100104137506,4,0,13642.894521444083,0.2760066572286551,6128.864354918552,2.8363357353138783,0.44923489991695836,0
5642,29,1515.6732329149238,6.374136283827555,6.086642513033704,5,0,2183.983811042505,,1940.2290353274118,1.440933153409521,0.8883898431468964,0
6471,21,4852.187767973348,0.0,1.2522583532518117,2,1,18870.028948440664,0.4359766176415669,2411.039966629361,3.8889733560995845,0.1277708674012712,1
1766,32,1724.9631917992135,7.918964071206611,9.08105855721405,1,0,4059.540703821608,0.1317987747143109,1482.7826476146154,2.353407146959076,0.3652587215639296,0
7889,32,4101.599362459974,9.858287339828381,,1,1,5114.061344321587,0.30360767770712016,,1.2468456551676415,0.5336277814805228,0
4037,33,1331.702771696584,7.5174662930036895,6.361716457911163,5,4,1821.7403248596984,0.08237341779471553,659.6197291570674,1.3679781731916112,0.36208219149338317,0
5476,36,4126.476292733073,12.692750492285498,15.816043269556063,5,2,11936.946400984983,0.3192868924363204,5429.610576141416,2.892769897165417,0.4548575819770279,1
6326,43,2384.598091176078,20.755261683710717,21.712656232916636,6,3,8796.207605295449,0.1321880277591177,,3.6887589727781678,0.3504584950666147,0
6488,50,543.6080322946019,23.962808671224725,27.429610160971095,3,2,1576.1862539262474,0.3855581802290136,345.12833586191925,2.899490368589793,0.21896418332681922,0
7480,51,1614.1925219033421,33.129687241151764,30.0,3,0,2682.018897930165,0.6158406856417545,1571.0671243779382,1.6615235552991643,0.5857777980574266,0
363,44,2570.022189272666,17.31164981004183,20.864848740353843,4,0,3697.8326671275004,0.2958040534075515,,1.4388329729456588,0.6408296857949217,0
7909,51,3527.164557680829,23.973137133948313,27.87830911178571,1,1,8647.141059154654,0.37991930665368917,2544.0940471736167,2.45158424500622,0.29421215980745524,0
7197,39,2018.352156585169,12.602605664382097,11.218311745619852,4,0,2793.8747436587314,0.3481062378115059,292.39799118613956,1.3842355183377224,0.10465680032714296,0
4725,22,3092.0440996445504,0.0,1.0,0,1,11176.080858421918,0.15105679667129807,3195.3111811050076,3.6144636034481774,0.28590623328365855,0
4443,52,1362.5489865502839,23.823473258242004,26.140218454681047,3,0,2190.179050110907,0.13729833030771002,1534.238848457545,1.6074130704511593,0.7005084120313604,0
6380,24,1495.6894878009557,7.468172731384252,11.345488679250886,3,2,5968.802262143792,0.2398755576847664,770.0376516659269,3.990669394166466,0.12901041412441688,0
7387,35,3098.981580446694,7.560264801330466,7.42569956176633,3,0,10227.815692949389,0.41982006063974325,681.3913388292247,3.300379633581149,0.0666213939794541,0
2562,35,2411.093530177984,13.769036064641694,17.167455360344245,5,1,3279.2337788070286,0.03241376688948609,892.0746723907946,1.3600607930646968,0.27203753454727087,0
5601,24,2136.185319367347,0.0,4.600521932732473,4,2,8326.706736124783,0.0711236306769927,1786.3581783081038,3.8979327592190467,0.21453357670903972,0
7334,28,915.233213322614,7.719077657335763,11.593126574932125,3,3,2764.7077000817885,0.41057702592838885,739.3727457701812,3.0207685427465427,0.2674325194480083,1
7424,23,1269.9986066740216,0.0,,3,1,2521.7831291396533,0.1255424920193967,1877.6398245461064,1.9856581856762108,0.744568318682778,0
3083,39,4668.010465689709,14.289800615515436,16.00097693406397,3,0,14749.845155931731,0.11824260112772755,1441.219974774335,3.1597712268094513,0.0977108545573267,0
7370,38,1341.4025806324912,19.18824271525739,21.29199693189497,5,2,3883.754680826215,0.37639872744373004,1754.7318044495873,2.8952938788853135,0.4518132448253123,0
2102,62,1905.113061858006,40.0,30.0,2,4,3881.1815155479903,0.21162350572189234,1635.5068819578908,2.0372447143702734,0.4213940717294617,0
632,34,3543.1871413372837,10.41458409003079,15.242769563509178,1,0,7215.737812977393,0.3199085976282336,3304.9307816522996,2.036510498921601,0.4580170271303972,0
2493,35,4078.044657765727,12.755890229618657,12.77857225863794,2,0,5995.110952295442,0.10374696629079126,2669.0907742592763,1.470094482874063,0.44521123887412284,0
2665,51,1536.4294363961117,25.517069823055557,28.87676665020954,1,1,5342.680554367984,0.2877634884058804,1471.8602732475695,3.4773354557043064,0.2754909746651855,0
5803,24,927.4705285513858,0.0,1.0,4,1,2224.4675988758095,0.264806484480753,636.6304261893059,2.398424025774922,0.28619451526785245,0
4406,63,3670.8071426453353,,30.0,4,2,9541.61955637027,0.45030896831411005,1502.6725974418764,2.5993246677334794,0.15748611528308604,0
5884,57,859.9776807042404,33.61676007693083,30.0,3,1,1387.4408289242874,0.34873095066094867,1068.3342922909608,1.6133451600605548,0.7700034985414572,0
7719,42,2326.450342445664,17.44215650618266,18.891794974932424,0,1,7256.514308667405,0.060270962775268604,2202.9179095359123,3.1191356962466035,0.3035779736428934,0
2334,51,2327.246786485979,35.2409427743274,30.0,0,3,8872.314306046064,0.4762437777289657,1720.7255359957137,3.8123650476461908,0.19394325726525719,0
6140,64,4035.1689152193326,40.0,30.0,4,1,8472.11500145423,0.26284002647684923,4629.4132362514265,2.0995688605500984,0.5464294612923446,0
3619,57,4635.023666170938,35.61806042043304,30.0,3,2,5510.484629686369,0.19897992731385106,6629.960629585447,1.1888795023647987,1.203153819514926,0
3883,27,2986.067675725689,5.664924738511631,9.126778299264046,1,0,11576.988341690327,0.26619717202524074,3149.480558699766,3.877001327130615,0.2720466209124573,1
5438,29,1729.2671867039094,3.933643744956319,4.528608429462812,2,3,5354.5900715463595,0.23868916468709125,909.1784309388565,3.096450399751435,0.16979421744535034,0
4211,50,4416.8181811196755,26.55483880987189,28.733878758786133,0,3,6021.827349493661,0.2406254151141414,2161.67705062329,1.3633858362644014,0.35897360139444257,0
1494,31,2180.2338276302985,11.543483562203214,15.30211814518074,3,3,4637.918799182468,0.17126666093302112,1565.0281320630172,2.1272575172468695,0.33744190009080943,0
2401,33,5346.780899073828,13.680243307541769,14.681029618678805,3,0,11209.529364273461,,4764.1833843336535,2.096500600242509,0.42501190099183445,0
3874,30,1735.7471423976647,7.02262926755422,6.897698535556751,4,1,3289.034336442862,0.35756106150954925,2414.7920663676296,1.8948810319800224,0.7341948485035465,1
1232,30,,,8.285702761856458,2,2,18473.15404724448,0.1412522014231295,1525.9190542584029,3.129362782537295,0.0826019774617759,0
2661,44,5936.588117775468,26.129872281927234,28.371123450470957,5,3,12623.98201346009,0.23631519487510064,8352.005804065235,2.1264709228624223,0.6615983605775152,0
2817,44,646.8097533510819,24.537668920699087,26.891056287552082,6,4,1850.5907797531136,0.457582375492008,188.1572209845225,2.861105247973327,0.10167413727719127,0
5470,30,1895.8427959351397,5.797594592882837,7.435500294592748,0,0,5281.737975096987,0.35680476027548946,945.3156637185147,2.7859577737254986,0.1789781447272867,0
7310,41,2594.737866627739,19.9037433602279,21.34411831643086,3,1,8371.128424638711,0.5537518288528825,2463.1637546699603,3.226194265056254,0.2942451279830016,0
7712,37,3791.260341720574,20.11949723749181,19.988972539841345,2,1,10388.141672910184,,1584.4806228976613,2.740023300060626,0.15252782189422887,0
6356,49,2558.838304530197,30.431264752099928,30.0,3,2,9167.406651676021,0.49323196182784773,1986.78510983944,3.5826439816247624,0.2167226987226762,0
4153,61,1579.793412220648,38.00840141973698,30.0,2,1,3689.525857857073,0.39493118102543096,2278.5924982579027,2.3354483119858465,0.6175840978063616,0
5968,37,1375.7029041325839,14.16135309855166,18.25158240501645,4,2,2654.2820919059996,0.18938560892676706,1210.1100762459782,1.929400660515137,0.45590861647151326,0
3061,25,2524.342241217494,5.777257691110856,10.288540945956768,3,0,9444.531855872554,0.037165069389501905,2305.1404174666686,3.7413832806273692,0.24407143230009287,0
6843,37,1781.9550827674368,17.4965739353116,18.212539990841666,4,1,4019.2744293572587,0.47337160425165853,986.5035369239683,2.255541942794197,0.2454431898748762,1
7910,64,4082.1711413473004,40.0,30.0,4,0,5433.701399837076,0.2260328786759773,3094.5011627742083,1.3310812339052767,0.5695015119651209,0
1735,53,3341.477656945467,31.38759635633937,30.0,1,2,13254.737349745854,0.3292558220709763,3548.0987912548276,3.9667293067769185,0.2676853337514725,0
2823,27,4882.044238237486,8.600954924600808,12.390606177521239,3,0,16932.92316157542,0.11699391735867769,,3.4684083828966985,0.32792338933052584,0
6107,31,1618.2583390826758,15.977161196078125,20.02584268229692,3,1,3641.7007854212097,0.16340573443845363,437.76490770222773,2.250382832870517,0.12020891706829082,0
7764,22,2770.0887409173424,0.0,4.1125037779008595,5,4,2982.3453707707154,0.5803618845774582,2823.511908755324,1.0766244874101334,0.9467420964814868,0
2475,48,2815.4989525219803,26.625058016483347,27.175590131622332,2,2,4200.934087376274,0.04565586697406611,2805.1566684428763,1.4920744628987668,0.6677459369982305,0
2564,51,2634.0701330459015,28.450154970491777,30.0,3,2,6627.134870297724,0.16481006612106294,3612.509895355189,2.5159295446072463,0.5451088541363724,0
7970,49,5413.117377387235,25.05539105469083,28.651869256342547,4,3,5931.247039359148,0.22871621772740844,1660.093865182097,1.0957174259949265,0.27988951634721737,0
6741,64,1268.289965595007,40.0,30.0,5,1,2628.55049363361,0.23490695397981878,1746.0793354079915,2.0725154065225526,0.6642746029178525,0
6194,33,1155.1090984171522,8.288778999058385,9.287100256253536,1,0,3924.6768071908677,0.24781523214511184,977.7202834312169,3.397667642449409,0.24912122232328002,0
707,39,3748.211196873731,,,1,2,7674.326328725685,0.2930269741141452,3419.605758371492,2.0474636901801606,0.4455903504613302,0
3046,24,3186.0314450232436,0.0,1.6048408426907905,3,1,7752.806399777626,0.30135008506091737,1862.5893140101737,2.433374099897205,0.24024710768781718,0
6831,62,1955.5475959060482,,30.0,0,3,4170.081066439249,0.39115350754157563,2189.694744765158,2.132436497669165,0.5250964453395855,0
5189,42,3900.061928527357,24.43013827109548,28.463526574307995,1,0,14199.440147198982,0.48948892763452995,2776.6326034181748,3.640824275977745,0.19554521689828033,0
6113,53,9560.036959296207,36.185258998704064,30.0,4,2,20134.970151951504,0.08521130554759727,3957.378834630398,2.1061602834466244,0.1965425726864981,0
72,35,1134.970599996793,9.212071344878343,11.072445963252406,1,0,3862.3254470328175,0.3371527650918621,,3.40301805795122,0.14123557842706502,1
4448,29,1043.4211235332155,,7.722119897439962,2,2,3995.972320859912,0.26148877351766353,1515.0225996141369,3.829683174640759,0.37913741086377495,0
4839,60,2311.910923494668,40.0,30.0,6,2,5241.528297280905,,972.9729653243662,2.2671843642478438,0.1856277234693373,1
7483,22,1973.5549311521927,0.0,,3,0,7045.494142488835,0.6239092458071962,1657.0766809246347,3.5699508695081335,0.2351966586603774,1
5101,35,3405.598921552753,9.029181902701808,14.50031471160715,5,0,10711.771419424664,0.26565284173893783,2870.820136272377,3.145341441011711,0.26800610504686917,0
1190,63,6012.66993317129,40.0,30.0,3,0,7667.021764910085,0.2965610952116825,4975.668594099128,1.2751442953174437,0.6489701929465542,0
2601,41,6240.204524048117,22.97308973954897,25.60596056321659,3,0,24139.289714061488,0.08384714697233508,4456.4684392865065,3.86834912558314,0.18461472943383866,0
1125,41,3160.273920894286,14.98519728568422,16.745602950782803,7,2,11653.94610272509,0.621249872115376,4372.501496373561,3.687637968871789,0.3751949303550598,1
1241,22,2114.811653150743,0.8653296771839893,5.106909506383142,2,0,2400.417019002451,0.21377624526358996,2341.108543400033,1.1350500246327848,0.9752924283018685,0
7170,30,1435.4736839681807,5.182961300524855,5.675686342635012,3,1,2706.171407193614,0.5276198848882347,314.9115533774618,1.8852114374627575,0.11636792574940223,1
6604,41,2388.095071732899,,23.675836261816087,2,4,6814.437331594457,0.18521804286027693,750.810373679521,2.853503368544546,0.11017936436196483,1
6008,38,,20.695895900709225,25.232760045712517,4,0,10715.521347862876,0.16319779119480388,2583.5452031462623,2.7352549233466306,0.2411030802212465,0
3351,44,2616.7364722052653,22.909746181381912,25.85560767329839,2,2,8986.57631441769,0.34534137973375256,3056.178065514549,3.4342687580015334,0.3400825807945728,1
5094,41,1457.0092494150479,15.114834623784471,16.33567115435165,0,1,2567.615628310977,0.4275057910600458,1350.4291388028082,1.7622507402350462,0.5259467670755472,0
4008,52,3985.7751192005094,31.2242411337286,30.0,2,2,11097.084398592757,0.23244775426989125,3150.423081986168,2.7841722291694864,0.2838964694533349,0
1577,60,2290.1349460813076,40.0,30.0,5,2,2682.7162999616176,0.3807194550294959,1275.2049352852166,1.1714228039496377,0.47534095770896884,0
3906,30,3151.8373854069,5.919244965389724,6.653662125283673,2,2,12154.321495362852,0.3021713872663639,1082.15989757542,3.856265412561485,0.08903499039319376,1
3729,43,1459.6817002160399,21.281815039331192,22.483310983366415,3,1,3636.621792963282,0.2495010314026554,1140.7912214660375,2.491379999095039,0.3136953157112524,0
4358,25,2426.303572454569,3.831384813664876,5.710009229503731,1,1,7108.759604698455,0.3914424796525808,649.6931761631029,2.9298722902620473,0.09139332489646934,1
1343,28,6809.883368614626,7.4154731180560916,9.983566140492897,2,1,10912.315650333549,0.19205879125358416,3536.327312586787,1.602423280936969,0.32406754220665296,0
7977,53,1858.4852924633062,31.225639509790092,,3,0,4756.118723208564,0.32469044171353745,765.3657110399614,2.559137133070677,0.16092233091347893,0
6979,44,1725.1628180812452,18.186246792190634,19.355360839927517,2,2,5959.185379110446,0.29624747455997896,2060.0454859007255,3.454274180183382,0.34569246547054683,0
440,36,4451.056656352063,16.45435615146522,20.069147199586524,3,3,12798.165674375594,0.15929856225121306,3547.7848516664453,2.875309541636916,0.2772104176436626,0
1100,55,3072.011399703847,29.989793059998007,30.0,4,2,4949.433206887106,0.11449854746682536,2447.9615426437326,1.6111376433577849,0.4945943182418158,0
2637,41,1995.701292072532,20.22673196755839,23.895636374895492,1,1,6723.853165137343,0.2854584711336536,1710.5273777979833,3.3691681174163266,0.2543968965097178,0
5652,28,2315.62573266169,6.996121177947044,9.90381496585131,1,5,5603.533100944865,0.14537309475473742,3016.5975846472666,2.4198785761911092,0.5383384964993978,0
649,28,5504.015381460483,6.2434729562195495,7.775564207831728,6,0,14319.094734008453,0.3657732463725419,7918.022042220833,2.60157244150159,0.5529694571693277,0
1546,45,1933.2128759394286,27.53504001122909,,6,0,7204.871155001126,0.3382725344245694,1020.2472762379807,3.726889699873315,0.14160520768366486,0
6092,33,2787.1119295723342,13.174363934979645,15.957852132820316,2,2,3035.1488047383937,0.3430629761009942,1415.7666363746102,1.0889942282311278,0.4664570758983391,0
6112,55,1625.2984031830292,30.276857174437538,30.0,10,2,2551.571514004975,0.28520303258708396,1202.529074761998,1.56990956799558,0.47128958297331625,0
2852,45,6020.563891537288,23.36608975450728,26.630963333884715,2,1,23746.291427865242,0.24689676984741787,3971.130603536904,3.9441972306354636,0.1672316123804054,0
3503,33,5601.40079883344,15.45345176869536,18.208752996915806,4,3,5856.2746807951,0.6040514928665008,,1.0455018112638432,0.9992888475624035,0
5771,37,1859.7896388931724,9.221960799478165,10.543421789726748,1,1,4483.228572133805,0.08256151344813371,954.9562087277493,2.4106105757218517,0.21300636212559543,0
630,38,3445.586274786186,13.883311603135565,15.486736615697978,5,0,8297.618108858396,0.4464740685420832,1453.9170115267834,2.4081875904771244,0.17522100830051535,0
4768,50,866.0849560950533,,30.0,4,2,3039.0148200371204,0.15362627347784083,,3.508910758292385,0.08346723222909071,0
1249,49,4182.221200353582,27.713894675699663,29.742711008863843,5,1,14934.979901228513,0.5321891766003473,2730.2001883660305,3.5710640795292816,0.18280574908182176,1
5483,31,3223.3127508739676,3.5030355141944227,9.026830027405822,2,0,7232.198204347151,0.11271259424748468,1926.1390832510015,2.2437159417391985,0.2663283041791128,0
482,63,1562.232620028587,,30.0,5,2,4171.280320839683,0.2648677718510192,571.2859991863763,2.6700763172922053,0.13695699047897503,0
1584,50,2335.2580292785547,36.89909738552805,30.0,0,2,4182.405893040783,0.15927257767212658,1428.1550616330605,1.7909823413958579,0.34146735112663407,0
4676,40,5332.067833949495,16.238192271687165,21.28931450917119,3,0,19375.84622764818,0.30323399985900557,7924.485088082211,3.6338334077975096,0.4089878189048818,0
1462,28,4040.3672233510524,3.1354857095894255,3.469929954050725,7,3,6047.352985434672,0.4632177413298823,2207.2963962015556,1.4967335024609567,0.3650020763659622,0
3040,55,1765.6182922248681,35.55936862927592,30.0,4,3,5044.323531483497,0.3612755651160114,976.2666245567979,2.8569728540403316,0.19353767030674285,1
5010,44,3542.609442702536,24.276876683777605,27.42790068368319,4,2,7790.94683760259,0.6774263659553788,4351.970538552928,2.19921133379556,0.5585932787460921,0
6162,60,1738.6119682968842,37.47876640856832,30.0,3,1,2752.2334381094715,0.21137006075890916,2252.103203847327,1.583006149903313,0.8182820441983703,0
3273,38,,15.526476400916158,15.105300034941289,4,1,4439.00445632558,0.32506004556569146,,1.460458678568275,0.38634262128405306,0
3683,36,1793.9128296212104,14.800135294482299,16.390106322298575,5,0,5919.550001023632,0.1591252357984543,801.3747726582621,3.299798018766364,0.1353776507538048,1
4145,26,1759.5482985126932,1.5490343579743677,2.183714650469601,4,2,2949.707895208595,0.2944453939549048,765.0080087908758,1.6764006408360128,0.259350429252174,0
7123,46,2282.118487707238,22.165646198271062,25.100797461688515,6,1,6005.950336229616,0.27672699505800913,1744.5472949063608,2.631743429879304,0.2904698169718039,1
4954,63,1636.9868570018461,,30.0,4,2,2508.359857525928,0.22964561970559177,2261.8084979311598,1.5323029911920052,0.901708138545181,0
3225,21,4405.892962387233,0.0,1.0,4,4,10498.534742049176,,5117.918790404016,2.3828392636122473,0.48748886546095915,1
1072,57,2745.358576205164,36.940221736093065,30.0,1,1,5660.79676130959,0.3225535359212968,2589.5657113394186,2.0619516919842065,0.4574560473604318,0
4815,31,1666.00378238038,8.458892270224343,7.073296549186033,0,3,2315.0707628617643,0.44361169648195475,682.8212406681547,1.3895951421874924,0.29494616390217304,0
2631,46,1122.7706976180996,20.275442361995363,19.583305837733143,2,2,3568.497305125829,,590.1502569627919,3.178295722088413,0.16537780653921008,1
1660,21,3266.992148818854,0.0,1.0,3,1,9073.112626308592,0.35923692937471724,3775.343389684722,2.777206743392046,0.41610233942623565,0
2425,62,1954.6922679628767,38.55616716372292,30.0,3,2,5672.220429090879,0.21413047841333524,2438.3764870002988,2.901848297073535,0.42988041763939555,0
5079,64,3520.4476446953795,40.0,30.0,2,0,11825.153790647239,0.21656922948943963,1731.8709272254991,3.358991521565564,0.14645652461579586,1
7306,39,2869.7376961167397,13.736424735403796,17.55213187301955,1,2,6002.519113445613,0.08183262042499594,2006.3466434311117,2.0916612419204994,0.3342507713031526,0
6087,29,3304.3905807251717,10.757426112945794,13.927756006007805,3,3,6150.501727399593,0.11847424428785319,970.8133427771867,1.8613119657452304,0.15784295099899803,0
3097,42,3684.4977151206613,18.160961537563033,21.065973858748837,3,4,4339.23048413795,0.36750915110628707,1648.1245147526645,1.1776993282775987,0.37981953730676005,0
3976,23,,1.398774105126696,2.800062757493211,4,3,2120.7061572407733,0.49777882668277057,1105.1181385852728,1.5133040700515057,0.5211085632076108,0
7290,50,2377.979486587633,29.264405264094375,30.0,1,0,6719.289213048265,0.035961829028872024,632.4806292161187,2.8256295947659122,0.09412909746285325,0
7590,38,3982.3910478277667,13.990648367903129,18.492321648149886,6,2,12030.372879744085,0.0817266727191195,1822.6969855633074,3.020891905205082,0.15150793776577276,0
5698,63,1984.7324724626335,40.0,30.0,2,0,6421.196512281913,0.21607532200409793,686.4756261491273,3.23529573953842,0.10690774294729895,0
6345,50,4145.389634658643,27.38118707014199,25.831419099702483,3,2,10818.049541998113,0.09207037116702321,1609.2270167413278,2.6096580769032913,0.14875389602293324,0
5291,62,2731.7142118881784,40.0,30.0,3,0,5522.979348381268,0.3295700931210733,322.5797956752826,2.0217998370201946,0.05840684444525899,0
1408,36,1921.4301882069922,10.764099387324425,11.985382242021704,3,0,6908.109722092716,0.030362078615407465,2486.7121140884674,3.5952957148753395,0.3599699793614674,0
1845,28,5615.897318217923,,8.33650849890754,6,2,19041.01283550189,0.23447823020066422,7221.748789277628,3.3905557307347847,0.3792733533487624,0
1798,38,3113.9562789278903,13.682595920141582,13.645948636729951,3,0,10948.171572794336,,2818.228240797589,3.515839848773889,0.25741542522047667,0
3957,44,1908.6568410360126,27.667248523846418,29.303363588080998,3,0,4103.923569558978,,2252.6212821462755,2.150163131121769,0.5488945502921123,0
1475,29,1564.9990163603975,,2.845060113014301,4,2,3247.771465359888,0.10946787490005663,1773.2379313103577,2.0752546368450697,0.5459860554301236,0
5804,21,3601.122948731992,0.0,1.937963295972752,5,3,4496.953351782318,0.232244658104598,3244.6467204945216,1.2487641815633541,0.7215210981026835,0
35,23,2232.037239774684,0.0,1.0,3,3,3216.67679430844,,605.9515781665243,1.4411393936389483,0.18837813585707142,0
6157,44,936.9114302584038,24.54798949864696,23.950528733122077,3,1,1900.7568787023838,0.34527815187144634,1103.7305151598687,2.028747667405603,0.5806794795941329,0
444,59,2176.2602063338504,40.0,30.0,5,2,7398.23225748654,0.47232660460918985,1315.9611721398512,3.399516397880415,0.17787508236284177,1
2359,29,3895.4996705315853,9.366932558346324,9.923632370337629,3,0,11193.96156636332,0.025411950893580712,2523.149859868967,2.8735624472112393,0.22540276245460478,0
3654,30,5546.064971842113,0.2946395195145568,2.3741997505357695,4,0,15403.062311619884,0.2599521835312195,2315.207443340577,2.7772956843857153,0.15030825666361242,0
6291,29,2195.6629509624536,8.585208727406918,13.737814836332097,3,4,5896.781478449485,0.11901393558814354,3144.530235939102,2.685649669437958,0.533262127387826,0
3179,22,3320.995259163171,0.0,3.932814534578391,4,1,9008.748986973433,,1004.4795812724102,2.712665416223289,0.11150045169699792,1
1286,21,3596.3452156183043,0.24748094934443188,1.0,2,0,13128.259561678526,0.13814842144212156,4489.16128432975,3.650444763941117,0.341946414392479,1
5940,41,4716.910423165899,20.659032139452012,23.167420414402994,0,3,6802.9832311073915,0.5111286046075307,1651.563613041119,1.4422540647997637,0.2427704959625892,0
4445,36,3113.5923051654654,12.90215525832488,14.63534780251514,2,2,3877.213914418454,0.3030296063862432,1638.9818523877318,1.2452542062061678,0.4227215440171461,0
3416,42,2764.6063305505695,23.174819623938777,26.375455031650933,2,1,9448.895665229078,,2246.1397810201224,3.4178087349410564,0.23771452882961505,0
2137,53,4644.127387797294,31.843346742990146,28.815312191227815,6,0,14445.75674569606,0.4153566070757404,6382.176304693374,3.110542743434019,0.44180283643464136,0
2636,59,,35.83736945645299,30.0,2,4,7769.453317977139,0.36665527806848447,1986.5984828735518,2.1420129248244977,0.25569347051444596,0
4016,58,3000.106866371457,35.39894852589871,30.0,4,4,9718.988033408536,0.2820429684694601,4230.424203270931,3.239547278248582,0.43527414466702286,1
7722,33,3311.4175048936177,10.859113558682495,13.515271564639797,2,0,9743.55697276979,0.14726776252212176,3683.3970257613387,2.94241271551254,0.37803412409403336,0
1681,23,3508.620799285654,0.0,,3,1,8080.51565746036,0.22582115786489432,4220.497700030589,2.303046159649265,0.5223054912509206,1
5829,61,1746.5405524029584,40.0,30.0,2,2,2213.429745405939,0.3467655851017862,302.5706314401264,1.267322274516109,0.13669764403777612,0
5275,24,3398.4552569017314,4.938490669360343,8.733520159739257,2,0,4535.989907980227,0.11903460191447574,2150.7760445650274,1.3347210909334,0.4741580312560084,0
1692,37,3615.7659905871037,11.035097974209865,15.722144692725792,3,1,5156.2004640240475,0.2863806780401532,4777.2876428742675,1.4260326795061256,0.9265131711240595,0
6244,56,1693.2033646510524,32.730216967191524,30.0,7,2,2999.524056643125,0.04047044944380848,713.5013856437794,1.771508443264456,0.23787153300656785,0
6375,36,1197.423544379829,11.519247932177464,9.956498087160657,4,1,2950.326447600597,0.285490793945621,484.2174381418389,2.4638954707781644,0.16412334253236177,1
3635,44,4527.560215279557,20.011017368545478,23.03352067178152,0,2,9001.681851563304,0.5520954676642935,5817.817907578092,1.9881970473158002,0.6463034356816024,0
372,32,3450.278448664785,10.828155946590652,14.758919708688481,3,2,7910.552608537885,0.11982463014567815,612.2194196406051,2.2927287539935133,0.07739274990470763,0
6154,30,2901.1484711011276,11.94003090605479,11.906502796197595,1,0,10879.008678918806,0.48204772116242883,2836.6361337042463,3.7498972518251334,0.2607439903234052,0
5453,62,5523.52635884634,38.136815281935014,30.0,0,1,10524.806390811606,0.2164828415016442,2919.9474297803954,1.9054505594882047,0.27743478800043064,0
4882,59,4810.401534939725,37.04830673794586,30.0,3,2,17232.892504929616,0.5997749756786714,2115.5565048237004,3.5824228767101345,0.12276270534494006,0
7576,38,2300.6669077955626,15.52869580535459,15.917482929059986,0,2,4730.437340160629,0.07835409684913897,1512.434051546837,2.056115695901936,0.3197239372999453,0
140,52,2840.617613632713,25.0530463258517,25.835728195496216,4,1,6272.208475863796,0.3716856041971474,3291.321769261234,2.2080439288139897,0.5247468705682586,0
4884,45,2208.5838053484463,18.829973407531234,21.589162862906225,4,1,6782.331818734342,0.07113713783459694,1018.5991353484484,3.070896292144232,0.15018420840673793,1
4419,21,4069.1356183279086,2.895707146935286,,5,2,13435.10092009899,0.034304666977198285,3766.7624500120132,3.3017088099953154,0.2803672612817455,0
7452,63,2537.274314182677,40.0,30.0,4,0,6427.8466556544045,0.5516451660392069,3455.835681308029,2.533366857388845,0.5376350536097533,0
6580,54,2779.3098182927606,,30.0,2,0,7289.370368708322,0.10508293367241102,1675.5489530201078,2.622726808192238,0.2298619590263755,0
714,24,2381.282444091862,3.363906179185242,4.251692657631236,4,2,9040.784766212795,0.39458172719432544,2122.7321349630265,3.7966032919125787,0.23479511899189298,1
5243,22,4480.909558941354,1.583400349352602,1.9134866951537066,2,1,15323.474274886252,0.21416201792115394,2770.8837086215526,3.419724070152072,0.18082607500850986,1
3188,60,3643.4277991904005,39.704096037765204,30.0,3,1,7493.702235670747,0.29213063705561537,882.421028809323,2.0567725363834324,0.11775501628673124,1
7070,45,3298.983489912063,21.397485975956695,25.892197979329424,2,4,10872.957248769946,0.21567061367952953,4254.872810758915,3.295850761914475,0.39132617864751257,0
4431,46,2703.7222259116556,16.005793008997024,18.33462289157964,1,2,7336.487760679089,0.2282113647002612,1332.7062865827972,2.713476883967003,0.1816545368923832,0
5613,34,7649.877102497691,11.014597253150024,,1,0,19249.276812702516,0.3186897186162658,9893.11470333121,2.5162857592075056,0.5139473445985662,0
406,37,2802.5148387587765,15.272968790112422,16.416992927220345,5,0,8235.135716037556,0.13946145564884863,3501.5655651773795,2.938480682473341,0.42519828281132493,0
20,50,2345.9657916736724,28.287648097384515,,3,2,3826.6950251985077,0.1372929627660564,,1.6311810848991302,0.17452943600605578,0
1004,27,3130.040444731693,9.986998234564004,12.991507426321402,5,1,10499.045855149088,0.5316585828143142,4223.482002126318,3.354284406394968,0.40227293607399367,1
4986,21,2214.534323848775,1.9717587359422204,1.0,4,0,5574.177056764989,0.2212566766846722,2784.8837493884703,2.517087676960132,0.49960446556118115,0
2411,31,5252.484512795323,8.444721510984236,10.000713793001516,4,1,15205.692246464438,0.13258485550374216,7776.962528864207,2.894952323880744,0.5114507385004108,0
2545,27,2773.3003947112525,6.995324165773103,9.04297659253092,5,0,9741.794990267208,0.35750575880593016,2502.364710489404,3.5127081829451416,0.2568689561820441,0
6004,33,2288.2773837412574,11.95282661523849,13.461007993035222,8,3,2775.981215188633,0.5047147409189683,407.82279350801707,1.213131430180897,0.1469112223370376,0
2390,22,3313.555637480251,0.21464012109900285,2.003951029319929,5,0,6105.996914447021,0.4707474285023069,1055.6132289953146,1.842732575660098,0.17288138919587293,1
7853,35,1802.7555974904653,17.377150138062824,19.649545679474226,3,2,4048.263759640063,0.28330042759468615,2111.2582942896456,2.2455976646393268,0.5215219214069591,0
42,24,3105.0219536742316,4.2228630100143985,6.571351863850953,6,1,5353.742270251545,0.08369206773116705,,1.7242204242441377,0.6521077495512372,0
2830,60,3642.5454397545022,,30.0,3,1,13663.949879549966,0.37071007016431273,5439.014006006356,3.7512091765342204,0.3980557638129667,1
3371,25,1735.2078219523523,,8.988146489569708,1,1,4111.974089239606,0.4657498838199495,1737.7859366945177,2.369730033036076,0.42261597446395205,0
3022,29,5166.234138894948,11.455525947818114,13.395220223255787,3,1,12675.132551252058,0.30002699051880366,4934.568220002207,2.453456852802118,0.3893109756485164,0
3364,54,2270.0570822924938,26.65511019010867,28.616419981688214,1,1,7621.85604836885,0.054190701620712524,1967.432814459006,3.3575614057562206,0.2581304083904937,0
4399,34,1647.5070453008727,12.72840578761096,11.011541303105039,5,3,5724.558583803757,0.32662807581486797,1324.739724739588,3.474679273834802,0.23141342783836924,0
5252,59,2397.3387251463487,40.0,30.0,5,2,3983.2727869012506,0.32642619804782,1158.633349307869,1.661539416653809,0.2908747181759592,0
11,44,2051.5012552291046,18.51958655569187,21.270118077037214,2,1,4208.282765870233,0.12885697220044673,953.461264328548,2.0513186405046904,0.22656777535512906,0
4760,35,1945.6976349826666,6.203152700961649,7.293115121041492,0,1,2139.13840996492,0.3780610892213412,2894.855936779616,1.0994197513037407,1.3532812665577303,0
1177,43,7227.865324791139,18.483850251552045,20.301813439044494,2,0,13191.318336997785,0.45220042503946983,7529.224205927564,1.8250642124933298,0.570771170369704,0
1947,58,5872.208307506329,36.17251887635704,30.0,3,1,17744.283203494,0.138237280602194,3552.119651772321,3.021739399266853,0.2001838908360569,0
2501,30,2529.407528467442,11.104535310167224,11.685931080445462,3,1,6769.886960830823,0.3908833673042541,2835.0785914888597,2.6764714205356506,0.41877783305571314,0
2863,56,1995.1694033667018,30.74742247316358,30.0,2,2,5733.468124901801,0.29437545940334847,682.9525944341315,2.873674844465335,0.11911683810849277,0
3865,28,1047.3233107469955,4.438875659492609,8.070720250027446,3,2,2413.1560974918066,0.4439828301927778,948.5013437202178,2.3041176232109652,0.3930542846797495,1
1026,53,861.9475292076668,24.44313221942639,28.73043384106055,4,3,2046.2813806284905,0.40883688677316604,849.0551045396443,2.374020820628729,0.41492588095527083,0
3848,49,1397.6526828540423,29.85069507707565,30.0,3,1,4686.74792157435,0.15309539036509692,148.48754179419302,3.3532994134164227,0.03168242548541288,1
2989,59,2098.0907681238787,38.38877277834631,,3,1,2725.902292870237,0.2046262295805263,1228.903901790304,1.2992299162098453,0.4508246333717011,0
961,60,2086.96564653297,35.93973910209357,,5,2,6534.848484415952,0.4685506310323007,1348.6591670236178,3.1312678746160256,0.2063795618582201,1
2889,52,3491.9798260912034,26.320936843659325,25.22125318184387,1,0,3651.93966247007,0.34722941011346714,3666.038422251953,1.0458077779211914,1.0038606223226445,0
3015,58,5967.995261989802,37.91769739734903,30.0,2,3,9552.662748275676,,8252.935854417903,1.6006485141026572,0.8639408793017023,0
3338,21,1566.903174366855,1.146079514561852,5.586244068266953,4,1,2520.635053714886,0.22851115026460422,1706.6828693964337,1.6086731426358936,0.6770844779299336,0
5665,55,2455.2950832709007,34.748610414253726,30.0,4,0,8753.493928447164,0.6268150301592321,2639.7491769933154,3.565149455187241,0.301565203400055,1
735,57,4994.586553759707,40.0,30.0,0,2,9042.212901258452,,1038.167063771651,1.8104026837720666,0.11481338419129282,0
4400,59,2348.9587471276127,32.18674366114852,30.0,0,2,3871.9592514821875,0.24609552647264502,996.2116694849325,1.6483726060395705,0.25728877934435446,0
1440,38,2321.491456809556,18.707830473805565,24.286502131072133,2,3,4113.374416789694,0.17673695519901944,1261.2956833871676,1.7718671351230113,0.30663284096845067,0
2875,22,,,4.145938243308538,6,3,7665.039811193276,0.4270458361323337,806.5047049647175,3.241587490950063,0.10521859309679993,1
3986,43,2417.544431478416,20.70107026048216,24.146814496016766,4,0,6394.0080426945,0.4085650746580373,2169.2068270472255,2.644835792649458,0.3392561930737109,0
916,32,3590.3206145940608,5.243242354828112,3.3007349366151515,3,0,9996.270360974571,0.2818462676290046,2942.882107329017,2.784227770729272,0.2943980105638224,0
6680,46,2136.092632586528,21.804957465153706,24.827947587117148,1,1,5340.5940826407705,0.575015093250793,2586.382793893175,2.500169702928104,0.4842874694970794,0
6247,39,2338.72209618682,16.042938015947215,21.768244403469865,1,1,5489.929478571479,0.47799312380893544,,2.3474056569280117,0.07948518021976508,0
4089,22,3443.774048853298,,1.846944162883752,1,1,10444.473202046433,,2559.4956241832665,3.032856701363498,0.2450574169391112,1
7389,26,,2.2291257748591455,3.327080569374689,4,0,8585.18657278517,0.40650772904168486,3541.796589445422,2.031571026055412,0.4125474221693481,0
6256,62,4710.602433522438,40.0,30.0,3,3,13002.730149536703,0.25783880917471824,3922.6101331115606,2.760311517058695,0.30167588560248065,1
2772,41,3157.4028606596667,20.107184146652298,21.021350620447894,5,0,10617.166137343338,0.2589644316142682,2265.708472266225,3.3626263755031647,0.21340049152072116,0
1624,31,3035.178461579411,7.309580642563003,8.641707758458734,3,2,10438.55326583427,0.1566585761323719,,3.4391892924814633,0.0766086157969379,1
6347,21,1239.1089787740218,0.0,3.418380327797487,0,1,1620.170457486751,0.2712806425929041,1259.9160229823713,1.3075286235838213,0.7776441158770322,0
821,34,5694.2733931444145,,20.16641416848776,3,0,22112.114031545087,0.5069781794400665,4480.115763641348,3.8832195971073027,0.20260911088148453,0
1367,41,2859.890767556956,15.192183044168544,13.754492549690745,3,2,8625.237690140733,0.29930521981399977,4223.173050774186,3.015932562175719,0.4896297589110589,1
3712,28,2569.8530496740345,,10.117363036847262,4,0,3846.504104215882,0.2819789487045884,2664.165093952437,1.4967797885189507,0.6926198495492136,0
7774,21,,0.0,2.291933622948741,2,1,16639.302230766476,0.26644259464814096,6137.005188594908,3.116323999553566,0.3688258740349962,0
7190,29,1849.8756157167113,7.179233142985245,11.585254680367857,1,6,2012.8557722040975,0.06587171075183636,1034.3944492775042,1.0881033054885918,0.5138939727136196,0
850,33,2412.5930490868054,16.16148957167084,21.175373336688985,1,1,7191.43467782872,0.1109662934179984,2479.1635795265415,2.9807905981287486,0.34473838539753865,0
1000,59,4487.559524291888,36.269895109127376,30.0,4,4,12116.30233603931,0.5531588416225824,1091.79914913807,2.699975848888867,0.09010992948653736,0
5957,44,1375.0073177598824,20.364255432443407,23.63259435539247,6,1,4886.165228223073,0.19340594048316054,440.5167550055395,3.553555799385458,0.09015592687309511,0
4114,53,2214.5657533174776,27.331487603931798,25.86399114547652,2,5,4090.1290356419563,0.04510726787922548,,1.8469214695995526,0.26311875510898064,0
1637,49,2090.4597022268554,20.899338636465025,24.62232902507864,2,2,2844.4340023049654,0.2576340738612963,354.87140991261583,1.3606739222358324,0.12475993804920364,0
1667,32,3830.59344873766,8.771236708289187,12.44216389312448,3,2,14320.899869611963,,485.02107036241745,3.7385590669590103,0.033868058207124345,1
4589,32,2217.928280269516,12.856960425295192,14.0924213627544,1,2,6049.838466163294,0.5745532127819782,1664.5518240834017,2.7276979693086085,0.2751398790882152,1
3173,43,2391.6843183499977,19.455295014987122,22.212887467300423,2,4,6877.63296228165,0.20032964913492532,3570.564757410267,2.875644126406477,0.5191560493256875,0
6431,62,,40.0,30.0,4,1,4441.05375201376,0.21266005813589206,1247.8502043737237,1.8292902037851604,0.2809806577567084,0
1347,43,4767.887432282498,20.525710492912467,,2,1,13626.681913857357,0.6171395131499606,3713.264162387365,2.858012507089319,0.27249951131619515,0
6253,48,1487.8582044232853,22.879257728963726,23.948775115889802,4,1,2500.378614515039,0.1457670426407452,2026.9654592422835,1.680522113654117,0.8106634121230571,0
3230,51,,28.273532165892377,29.694994890808964,4,1,14667.623712497723,0.4653906576948845,7714.82753172594,2.6378395466346594,0.5259766464524468,0
7586,58,5505.116045309837,31.32760801292815,30.0,0,1,19760.366153462284,0.06718673897851926,6607.736705762535,3.5894549707625893,0.33439343453687825,0
6156,38,1803.8956272172973,18.07000431826061,19.270524314687844,3,1,3244.3918446721214,0.5966757143144563,1872.3089719578602,1.7985474301952515,0.5770908883994794,0
4783,40,3303.1397864514342,17.468396280221967,21.23145531777353,2,1,7464.517188772466,0.1633184969810783,4614.6803324279135,2.2598247943940644,0.6182155142423611,0
6258,33,3022.359937182611,9.286927341641311,12.9244516989536,3,0,3645.8121904998984,0.15961523941656816,3924.303030914512,1.2062799488728198,1.07638650206401,0
3232,43,3379.962097407606,24.673905866796787,25.74152037935437,0,1,10283.942228477765,0.4595134784225958,2129.204506871589,3.0426205774216926,0.2070416635534479,0
6549,38,3850.2573250061423,9.992908423675424,13.340680316193716,4,1,6085.2640957007625,0.46938683428948447,1968.7568643064496,1.5804824410511458,0.3235285820540436,1
703,57,3337.879526024998,33.75645617945578,30.0,5,1,13205.81022719002,0.26613219704442154,3249.922255267907,3.956347173175692,0.24609790685743008,1
5105,44,1012.4550838487369,21.75254871614241,22.012447444516734,6,1,1669.5004470253193,0.4036473429533606,188.87465471009372,1.648962481060292,0.11313243733874201,0
6381,41,4132.289787079649,18.791535631490778,19.788463326495798,2,1,7383.501266131466,0.057857863046973504,3421.1907798911384,1.786782061901205,0.4633561580850988,0
3291,44,2007.8356297270245,23.603291132637708,26.054914888249264,2,2,7993.047348587316,0.15587319315117867,2882.5810490672843,3.9809271387787915,0.360636053229029,0
3673,44,3851.936049338229,21.4012356068296,25.47451392382598,6,0,10513.274406687331,,4284.72472864948,2.729348117940207,0.40755378038302065,0
2408,56,1833.3344374402127,33.94544986212594,30.0,2,1,2848.872570205375,0.47873703736442336,1246.258806843062,1.5539295570005787,0.43745684516637384,0
7379,61,1366.7615978101219,36.8528327590604,,3,1,4285.379140929326,0.2722753092321436,1161.6995463380722,3.135425481514498,0.2710844264029685,0
1327,57,1225.1424418426911,36.258167124587,30.0,1,1,4071.0151034721944,0.4976128008017594,652.0119052124686,3.322891252831901,0.16015953973159264,1
7445,22,4444.574252699604,0.0,3.7318138197791977,1,6,7123.535335548189,0.41355481346288125,1065.1034284873674,1.6027486392473707,0.14951893663982263,1
5406,41,3296.015909047464,19.39621939756054,22.286083244495345,1,1,7845.959213966625,0.4780942698452267,3893.244971752238,2.3804373008120816,0.4962101975781185,0
6564,47,5934.6002827366265,22.417274256034744,24.762055786924368,2,0,16634.088255161772,0.21686241530135014,3104.027930160353,2.8028995151618337,0.18660643628586818,0
4909,49,6381.806309471719,25.471777499059336,30.0,2,2,6479.2597005179805,0.2821816448894363,4641.060960755251,1.0152705027887832,0.7162949434461199,0
4440,35,1459.5831666797385,13.825174204948912,15.638994526610789,2,2,4048.9002033009538,0.37479341870349897,1245.623503167124,2.7740113038651963,0.30764490123802074,1
6689,22,2070.472458066794,2.0373596379497774,2.8488770115269526,4,0,8086.457298090209,,973.0971904114036,3.905609691442386,0.12033665108714807,0
986,34,3118.746120545902,11.048430392553577,12.288813632349642,2,1,5871.263990663716,0.7008256015950967,728.8451958935932,1.88257195800087,0.12413769795610928,0
6358,45,3755.22267382875,20.008873702685253,19.049999983296352,2,3,13026.214399414455,,3239.4956802591178,3.468826093908617,0.2486904929497197,1
7262,25,2285.630265320611,0.1254990269983116,3.0428769154359347,4,1,6231.618249583831,0.061012918149739595,1741.7764709254263,2.7264332049390787,0.27950628571346586,0
6886,44,1673.2615516881046,19.76345393608474,21.489997240653423,5,4,4431.065220487329,0.2822236399486108,,2.6481605437099516,0.294082844367876,0
7800,59,5074.466844746532,37.384698525241994,30.0,4,0,15767.030027949313,0.14840427176585716,7528.076701212966,3.1071303666655194,0.47745686333243326,0
4049,56,4001.929370490458,34.04208982518331,30.0,1,0,11995.185134546104,0.04573294931147709,3553.194640989047,2.997350533719197,0.2962184077306031,0
3485,22,1957.2704476712504,3.610813184345709,3.64325327368213,0,1,2926.0398033585107,0.46835297364392037,1009.2261207983717,1.494959374081337,0.3449119590375979,0
2474,27,3639.6007075589164,3.4639306150144824,5.615513512000578,5,2,8574.936742023847,0.1503322581534214,4509.376612505726,2.35601029646328,0.5258787030353566,0
5238,36,1717.3355296116215,16.144840060347033,19.963158090664233,2,1,2933.658343147309,0.08443849486238372,1814.0783290459544,1.7082616020940073,0.6183672796402602,0
3873,33,4306.59301457079,12.074565496761481,16.171386893630128,3,1,11349.428314625447,0.0649997338068711,1120.214239214106,2.6353612417579635,0.09870226130866357,0
1198,27,10037.715603595492,4.939275575934533,9.43671510919954,1,0,24844.50159755155,0.6083951274185911,7280.727601584494,2.4751151137069765,0.29305186795544397,0
4181,55,1649.6507370237703,29.08990894696818,30.0,1,0,5007.947187290499,0.3442419220596273,556.8085730498002,3.035762100967884,0.11118499301727981,1
1518,38,4894.773473101457,16.282691941912553,17.299992240490702,4,2,9154.23327490756,0.2344296769054361,3931.3444019046283,1.870205705169681,0.42945643658445304,0
6641,52,3551.3302454107825,28.931235071379824,29.152182053960438,3,2,7981.854943569879,0.3343178862029155,3477.398774023646,2.2475676414167496,0.4356629879405428,0
5477,36,2816.952246330637,,,3,3,3145.2114735135406,0.21574397726378403,2717.974465441891,1.1165299225822851,0.8641627083998966,0
1799,39,1966.1200615234834,20.380930962049394,24.25024989850265,2,1,6036.60751235117,0.06142137791435129,,3.070314794343534,0.4589992635532472,1
1014,49,7405.058988789075,31.54199465536953,30.0,8,0,13499.320948455272,0.4274417541421001,6081.2964022160195,1.8229862812561837,0.4504890598154052,0
128,46,878.7637241039924,22.370298631855082,22.24564565448968,4,1,2660.92562542837,0.14966715597918376,923.413861870507,3.028033079246086,0.3470273099879862,1
1364,37,2005.9282236536694,14.52704196274961,16.284974429831642,4,2,6654.011966562617,0.27461266855072536,2575.1235321988484,3.317173510048511,0.38700314113338247,1
6163,29,2137.8546299233376,0.23080852701825982,1.0,5,1,6646.520917163496,0.44290379622340487,333.13642766257385,3.1089676651222242,0.05012192571339186,1
4470,52,1759.4512955669788,28.208940308676343,30.0,1,2,5872.819271253231,0.13144558664132713,1826.7782517329138,3.3378697586287713,0.3110564393961145,0
891,51,3522.2139859816284,27.074334876074907,27.17886921630323,7,2,4318.499348011816,0.09682032496042259,2807.751465914011,1.2260752371092145,0.6501683199759345,0
2793,54,3447.3468774144576,29.83775575295657,30.0,2,3,4456.048857846715,0.35754653307118534,4041.5278097157257,1.2926024030366197,0.906975650098393,0
6722,34,,9.261497510701458,8.47664811786116,1,4,6455.300973979855,0.25432620499514896,2030.2309617188607,3.5684917231458373,0.3145060114009173,0
5455,62,1223.0683539012755,40.0,30.0,3,2,2716.698095176206,0.5002033613565176,166.6904825101243,2.221215262835175,0.06135774998558045,1
4403,48,2804.37079983207,26.209201106491637,29.75249815235071,6,0,3491.0382604008187,0.05920947167103477,285.377400617407,1.2448561583260913,0.08174570982348436,0
7614,25,564.1633118825619,4.370044832489766,3.7547363717848383,4,0,711.0239621657598,0.06911164014094166,654.4249514231187,1.2603158468301268,0.9203978856489702,1
5413,56,4250.138023983036,35.367095993799296,30.0,4,0,6261.805854496785,0.22888570440279374,5315.24807682025,1.473318235587207,0.8488362942462063,0
6868,50,2763.614119680708,33.365159758713745,30.0,4,3,7707.345301177822,0.20389056945856235,4070.8775078567046,2.788864496780138,0.5281815396586164,0
3249,48,3186.761345691987,28.104267508763215,,0,1,9271.345692986335,0.45166646171238134,2810.998972943822,2.9093316653660852,0.3031921218373197,0
6795,25,2363.004179056641,2.4903773524462958,4.365496909173821,2,0,3936.7940124797356,0.2916774273087095,2187.8552685074164,1.666012293745237,0.5557454267538156,0
1208,38,4575.86997812847,15.13096027008892,15.698639755952335,2,2,14062.933598616974,0.10534539802877767,4096.047834261002,3.0732808549706014,0.2912655318705217,0
3868,57,1387.8900257275864,38.13164736777015,30.0,3,2,4674.669521841112,0.22494637493272937,1643.285223801912,3.368184391548219,0.3515297105226609,0
7184,48,4779.513139488208,26.55714516349249,29.765048611580596,6,1,12663.123353561688,0.16792154044125773,6032.998826730271,2.6494588431903883,0.47642265326534955,0
4065,39,1847.792939802672,,20.30409382379505,1,2,7248.673824256636,0.3207972638989319,1874.1732908901788,3.9228820871188796,0.2585539557068397,0
6850,29,2950.297424407833,8.61673133861028,8.768571861107873,2,2,5415.172290850038,0.3187653146399606,1774.8717506459025,1.8354665689127734,0.32775905461861027,0
6078,38,1345.2856953592361,15.95294575098706,16.952690630184282,3,2,3563.700517330335,0.07708701316217899,1894.897604293094,2.6490287747976895,0.5317218983688936,0
1239,29,2537.0925692866076,8.449079977172566,9.23113343713311,3,0,9618.098749428962,0.14949322032299642,3136.7522697711147,3.7909924398751547,0.32613017930985033,0
2289,23,2332.3642809212456,2.4500308959143857,5.509263265461127,3,0,8628.168379434033,0.531076306886606,1710.0503781467216,3.6993228073386755,0.19819390430798395,0
2740,51,2890.2161390272845,28.120421733790867,26.783630548359213,0,4,10549.912230190494,0.2533307018542491,1609.1354597693942,3.6502156664799177,0.15252595705626443,0
275,40,1710.7777576242918,18.37538689260145,20.20094836712849,2,0,4239.356257713649,0.37493763152055026,809.6466175946547,2.4780286269332388,0.19098338718796654,0
4585,44,1536.1032872564447,22.331501178239655,24.576658249465716,4,1,5790.289519429015,0.03460352401777418,1764.7027688458388,3.769466264062721,0.30476934925697075,0
1035,25,1938.7881386736153,4.662158102526398,8.58041844044677,1,4,5247.439646396463,0.1422391388683156,1392.5129837517504,2.706556503892374,0.2653699856668234,0
1229,64,2745.874014976087,40.0,30.0,4,0,8042.215170171843,0.34623725516324383,2940.140112223825,2.9288361834189542,0.36558834226776865,0
1008,49,,29.395709202814587,29.6917093611035,6,1,4576.239337761012,0.2788657017256199,2429.402512218409,2.7322904929020098,0.5308731324806598,0
6525,27,1868.733539045301,7.2359197746630715,7.439022313870815,5,1,4241.622794150631,0.16953874214742387,,2.2697846993839432,0.08659212577800882,1
5178,26,2434.3171885560478,0.0,1.5211466081925595,4,5,7150.817215129083,0.37331678916111555,2885.5202696547253,2.9375043025394314,0.40352314747324125,1
3828,63,1955.2983543849446,37.71066073837526,30.0,0,2,2644.792400341188,0.20142936819371554,2235.2523407864605,1.3526285614724662,0.8451522851086931,0
2532,41,2982.75998549913,16.7274448114294,16.70786212000865,1,2,3363.390463195203,0.25663394607340706,3625.5650161254757,1.1276101595658155,1.0779494845451896,0
4293,60,3331.832792252373,38.552200231425,30.0,1,2,7035.111715492222,0.048373404722270585,3789.8528314163873,2.11148402520415,0.5387054228393621,0
1058,32,2860.3753363938513,7.908732222465863,8.809028166253706,3,1,7801.05739114291,0.2669033070599087,,2.727284525176302,0.13859905403055559,1
7414,29,1012.061619954694,8.459429525046843,9.202805177574346,3,2,2309.4938792246094,0.20536754479966396,746.952968213398,2.2819696288137044,0.3234271261477343,0
281,38,2849.586685411338,16.386425737382226,,6,2,9633.918941409955,0.17722145582254023,1162.034820446595,3.380812730046603,0.12061911954145292,0
1043,56,2345.437455001714,27.989260375384696,28.346324512504548,1,2,5686.755955696738,0.3203725883034096,661.8593424630583,2.4246035397659247,0.1163860991432272,0
1316,60,4766.7018151348,36.570442594284216,30.0,3,0,13577.977411425049,0.2654375554632177,5371.538123847425,2.8485057253452446,0.3956066475208303,0
968,34,3404.032265995548,15.768837646548539,20.86324207921131,2,2,12658.420509945045,0.3897469988304934,3425.4195391122357,3.7186546779817156,0.270604024919307,0
2381,27,3971.3680640157004,3.1405390247083393,8.584883104840102,4,0,10829.716288008865,0.14760142933344408,4270.89188007026,2.7269485259087913,0.3943678455177241,1
6548,39,1670.2325841901327,21.261612668063304,23.56698347767131,3,3,2309.8120354421926,0.4321471092828482,2160.4569982484713,1.3829283761471947,0.935338878271483,1
1939,36,4174.111026041464,16.77641790026479,17.63626300976117,5,2,7381.7670046439835,0.04062793724533364,2549.8589737647203,1.7684644607176425,0.34542664001187856,0
5755,61,1982.1073383299613,40.0,30.0,4,0,3948.355799343603,0.37791585223305973,620.6099107594879,1.9919989815840742,0.15718186057666372,0
1274,47,1928.2193427121501,22.378067403195626,27.587467706274087,1,1,7649.964515623012,0.21944791626916357,2351.486917567505,3.9673725629486225,0.3073853365940744,0
619,64,4063.693593702866,40.0,30.0,2,1,14954.816372744419,0.4654922477915905,3692.2551454896943,3.680104325758844,0.24689404760722672,1
5822,51,1802.929616495137,28.861985226224753,30.0,3,2,4747.246254849544,0.09576374997290515,2000.994647901722,2.6330735328859403,0.4215063934923553,0
1742,53,2147.693917517385,33.38710273727068,30.0,2,2,8470.380657566247,0.339284183720356,2607.821989438973,3.9439421923574365,0.307875418457081,0
1390,64,7155.627968548658,,30.0,2,2,10199.809393150024,0.530882391024355,5602.17694921066,1.425424775852175,0.5492432979162299,0
6518,56,4673.080792348645,33.29587504916872,30.0,2,2,15216.652434838545,0.4111797105410441,4480.48285901836,3.25623568497963,0.2944460273509493,0
1579,54,1362.6777377343396,27.38094249948667,29.105416893778163,4,1,5052.969912982095,0.35923156217142826,758.5286855915774,3.708118048059867,0.15011541700313016,0
1655,40,1000.9621203492652,,21.900347790928326,4,0,2130.55122717775,0.7040368222612279,208.02253816808738,2.1285033507904756,0.09763789554295106,1
3568,35,3652.961976708722,,9.445441654006194,4,2,10243.106435983618,0.09484587697283589,3048.1379220311596,2.804055038430086,0.29757944438839123,0
2352,22,2716.1398882522653,3.1062763032393352,7.862800713423087,1,2,3900.3126987806954,0.180571529359772,1661.3531340306224,1.435976370602326,0.42595383045825785,0
2212,64,3640.447470011399,40.0,30.0,2,1,5086.05033435437,0.1203291729490471,2123.3246253455836,1.3970948286580946,0.4174800652292643,0
7949,50,2725.9259155802206,26.937749901255305,27.391008622121785,0,2,3742.1702030724646,0.12903546436507277,280.48673255438945,1.372807009054732,0.0749529597355297,0
3178,38,906.493778296238,15.657177835189389,21.044203848213524,3,0,1545.5136183745208,0.42021737425443695,986.1003006776828,1.7049357153662161,0.6380405121986594,0
3192,35,3932.224184780046,12.337725808619044,16.483919967959977,2,2,14090.900169501034,0.0852029260466765,780.6270771007939,3.5834427304630463,0.05539937603066819,0
1307,63,2198.1177601424447,40.0,30.0,2,1,5342.425956866302,0.17590068025848438,2831.9901532786707,2.430454843565841,0.5300944133140268,0
575,60,3002.5335821690055,34.30696791911794,30.0,3,2,6092.09836640892,0.19611272898775256,969.3061831791456,2.0289859212858623,0.1591087544685392,0
2360,55,1364.81281453619,31.393293918231524,30.0,2,2,1928.9636558304596,0.5758843934644816,,1.4133540037766918,0.9175019560753132,0
1280,37,2010.5746841920502,12.103891601130405,14.84835879009223,5,1,6399.926538071025,0.2706686073592133,,3.1831329561591675,0.30339900866331754,0
6512,64,891.4586550755573,40.0,30.0,6,2,3517.8540295534367,,1226.6205290143546,3.9461774357390405,0.3486843168333691,0
4957,41,2557.138463855824,20.14232829570839,19.05863252120068,4,1,3473.377844540052,0.19965214929247735,2334.2192639810733,1.358306518647669,0.6720314830274887,0
6624,42,2091.1745388586924,22.57504203604894,23.12437192262078,0,0,3891.0338035846953,0.3569268193464274,1975.325291462094,1.8606929891697699,0.5076607891821152,0
1993,39,1572.1387217038148,18.20311281755292,15.958435971312513,2,0,5112.512334257934,0.20886005621645598,2117.8742039892127,3.251947340065015,0.4142531236155181,0
2639,58,5021.868314834136,38.21513632654878,30.0,4,5,10070.502275772025,0.7012537928147781,1306.065315947405,2.005329818391432,0.12969217226528845,0
269,44,1608.0538438357823,20.130984529004728,23.004742071887392,3,2,3994.031371201936,0.19549724280181685,2137.7151501177846,2.4837671863491497,0.5352274309939823,0
629,40,4898.659040905208,15.019010755347272,17.88236380775105,4,0,17974.570367208427,0.263206452769303,759.5132531631496,3.6692838217797177,0.04225487661995824,0
5938,40,2048.6566391398032,20.67609140496938,28.32404829561941,6,2,5860.482520799928,0.5114693053382422,536.4674079282111,2.860646537264852,0.09153980171840624,0
3081,35,,11.733071423357181,12.441436221074074,1,1,15575.136366210205,0.059915029922787105,4981.952191504264,3.7669697405123617,0.31986571894885374,0
3466,31,1145.463686093861,12.574137506544163,12.85594885071822,5,0,1517.7601853500644,0.3853690175763765,1101.4324431270022,1.3250181596989508,0.7256959655144478,0
6992,33,855.2430613632908,11.807511383426744,11.795848834846412,1,0,2142.0068194755004,0.0793212470126013,559.8182161293204,2.5045591320683243,0.2613522100113573,0
4396,62,3205.2347848287573,40.0,30.0,3,0,3254.2914773909674,0.1543662036095959,4215.641398561878,1.0153051791383298,1.295409900388408,0
4023,22,2521.943985673508,,1.3142286209056944,4,0,3891.4426595006576,0.24460808696827702,2087.914159245597,1.5430329466502455,0.5365398752948641,0
7578,55,1501.6515411221187,31.668197694913257,30.0,4,1,2061.320896033984,0.23502836141987762,1294.5083300734188,1.3727025475521761,0.6279994214215141,0
5543,22,4143.738895036994,2.4000124131034934,,5,2,16485.27240724765,0.1316745395153983,5558.700363373897,3.978356944013113,0.3371919023267124,1
5568,48,2537.6682070436145,22.358467417482387,24.756294169428852,1,1,4140.700225773274,0.40392298197470694,716.8057442528277,1.631694882049688,0.17311220449892978,0
2046,35,2253.2877784092375,12.268380648918024,13.960933490613083,1,0,5060.5902283250425,0.029024814060383812,1125.0519112151708,2.245869469854262,0.22231634265071512,0
4356,42,2804.156606275088,21.091837971610037,23.131408698974393,2,4,4318.828361532462,0.09699085820340576,747.9947803234572,1.5401523409455342,0.1731939122623628,0
6848,31,1534.5729024286575,9.75971869321328,5.143259720695041,2,1,5025.1685558777635,0.40825275667014765,1595.9008979338146,3.274636576681885,0.31758156571029744,0
2113,44,1135.923113171093,19.361521571710156,18.48551522879812,0,1,1272.275889913976,,831.071327669296,1.120036977117434,0.6532162829286093,0
27,64,1299.850862945405,39.04517913194433,30.0,5,1,4156.39707833166,0.18164658493115382,1715.0181019491695,3.197595352526402,0.41262133276197044,0
2040,25,2875.893264903725,7.391046005916329,7.967177767266875,2,3,7246.5466875810425,0.7256485621026448,593.7991422871378,2.519755088276418,0.08194236067019019,1
3928,60,3806.472391077918,40.0,30.0,5,0,14445.617275201992,0.07289324408168624,3317.3299117179267,3.795014331132789,0.22964265552103524,1
7234,60,1829.8173614971433,38.85948184043301,30.0,4,3,5770.062567882234,0.13826848973742134,2261.215801985098,3.1533543671053654,0.3918875706082723,0
3216,36,1209.486644566849,13.766829801638691,14.730079875233073,2,2,2462.849496937251,0.3643597729241451,643.3450498451728,2.0362767195492815,0.261219798710893,0
7453,23,,9.52547068275153,,3,1,2873.4422211853216,0.3892033036084271,2338.688606048825,1.2846168310970267,0.8138979057264963,0
3814,57,2624.2268315619126,37.17153911976578,30.0,1,0,2983.597411970344,0.42821011584701374,2596.6276553459306,1.1369434136128156,0.8703009477512378,0
129,34,2169.2666396713116,14.552661686274421,13.16628230988155,2,2,4615.478158390615,0.41240067412209463,,2.1276675139806485,0.6425043587763795,0
5942,28,5354.383139698813,8.07633815857004,11.283221305876815,1,0,20183.343919208095,0.6176377928101733,3776.8050554812153,3.7694993788478537,0.18712484267222457,0
7957,25,2877.937363019345,0.0,,1,1,10987.896405037507,0.40707770150406025,2281.401671250869,3.817976216657377,0.20762861126038087,0
4599,55,4048.019856259826,31.828848937903157,30.0,3,3,5519.903292981986,0.19774510530904785,4805.23966121917,1.3636057848002032,0.8705296825269673,0
13,60,591.3929658554569,40.0,30.0,3,2,2032.6693864615208,0.5491945970802146,792.0944798404093,3.4370875269394534,0.3896819055357008,0
6869,59,1938.6796978921614,31.469984781506444,30.0,4,4,6282.731292363117,,380.70718459577955,3.2407268200074753,0.06059580887352968,1
4476,56,2612.091354692235,31.751887732700315,30.0,0,2,7326.129754639181,0.33502224301820627,736.0407096557254,2.804698902080463,0.10046787789823636,0
1525,37,1938.7015557789582,14.331010885489675,17.23560959042505,2,2,3784.073343745014,0.20276621894731575,1366.18381764917,1.9518596518712736,0.3610352373078181,0
2365,36,4363.730478763424,12.089335364236279,17.44636515559008,4,2,5025.8374222605125,0.43860091963329517,1160.6089606139572,1.1517295687071658,0.23092847282989518,0
4648,23,3441.130812612742,0.0,1.0,4,0,7072.770241973606,0.4032516995517283,582.8609335960368,2.055362212924267,0.08240914290372786,0
3052,61,2553.47883258079,40.0,30.0,6,2,2887.640813894692,0.3167898327426429,1827.5122276602754,1.1308653813966283,0.6328738044103992,0
4005,29,3477.0037710671727,2.404279125430109,5.764652455215793,4,2,6371.629617647442,0.07155500127810473,1561.827285218919,1.8325058116608948,0.24512210830540762,0
2340,52,938.7755563027579,28.40090801958307,30.0,2,3,3441.5203836699743,0.2270289210714615,582.5909917384633,3.6659671851959406,0.16928302807760767,0
374,35,1858.9667037003237,5.856336205191671,10.181088640799153,6,3,6309.363623033907,0.3698889670334549,935.6870293790978,3.3940164772585475,0.14830133200171547,1
5841,46,2956.945676721931,24.83141593429688,22.773523906886386,2,2,10465.148277340952,0.06875007121699503,881.7692667526707,3.539175020943439,0.08425769452897956,0
6882,30,4587.199987052136,3.8023712810165744,5.933960496952529,4,1,7189.129102186818,0.44290355148835286,852.8257770978153,1.5672151034354087,0.11862713340874617,0
939,21,7587.883377256304,0.0,1.0453235495959738,1,1,14318.69862470907,0.6873019254736759,6551.716677520372,1.887047798814029,0.4575636969001079,0
7653,40,2283.5918088923827,21.98829511528315,19.224928251271688,2,1,6274.956997809277,0.632427584879001,612.2670322458781,2.747845290640116,0.09757310408017676,1
5718,46,1894.96900235912,28.388027256538148,29.180246890528018,6,2,3065.0414487787634,0.35716193348475367,501.46274999771987,1.6174625785239627,0.1636071675955713,0
4573,47,1847.4781714541846,19.1935802614898,23.327806925443646,4,0,2714.8200256725618,0.3416513934736433,2520.868956254315,1.4694733976400254,0.9285584062353459,0
2147,31,2675.714912579185,10.873061549514869,12.6317198604857,4,3,3270.18497801396,0.3521324497851255,,1.222172423018621,0.7216552982873422,0
3591,31,4066.939329701904,,19.31205756300313,5,0,11802.096258071988,0.09636314005598269,2536.3423360129464,2.901960246094217,0.2149060879145285,0
6328,34,6752.479568492424,13.768332947212585,15.78002345587915,5,2,23613.139687449817,0.3849012573052193,2988.374887780617,3.4969583318149526,0.12655559266305078,0
7266,37,2450.390487453398,16.7035866780721,17.07644870394161,1,2,8087.5526523274575,0.4398242061791649,2689.3114315733897,3.3005158539986654,0.33252475095781325,1
6732,24,4323.124510327764,0.0,1.4674901832316336,4,2,13431.476824033532,0.026607392343830638,4183.986519677706,3.106891044184893,0.3115060670164814,0
3623,22,3396.332033683103,0.0,3.214082917447757,3,1,10101.60098715846,0.33042937318174426,442.6887976310142,2.9742677944841347,0.043823627382805666,1
529,37,4648.36441198143,14.03266222939124,13.323274492503245,2,3,8560.786887238019,0.18720414979047667,3423.4331403291594,1.8416772284832257,0.3998970171109665,0
3714,43,4573.23014231638,17.112005990045347,17.810734602912053,4,3,7774.679965865726,0.20519391635554077,3293.3734065580034,1.700041267096124,0.4236024403599074,0
6257,37,4244.159164178996,14.267384005501638,15.572736892651642,2,0,12606.533046322089,0.11795180270097205,6259.61716281531,2.9703252301945033,0.49653756031215346,0
4732,28,3064.4872147894166,3.9234146309792752,2.8887060872619874,3,1,6001.27797853651,0.3103041805645036,1646.3429208609753,1.9583302386036883,0.2743320550637878,0
1269,42,1880.941065603109,16.20501753121688,16.26205108579926,4,0,5399.352694053302,0.021013863769768566,740.7170567787368,2.870559207192407,0.13718627004947131,0
4281,63,3526.0849721774243,40.0,30.0,5,3,11950.071877480746,0.24940166551955456,3441.37004839004,3.389048185671303,0.2879790250362521,0
1394,63,3430.821022422286,40.0,30.0,4,1,7299.414407420066,0.6211406857453915,,2.1275998834431795,0.6437490513270036,1
4850,60,6899.476310616187,37.23121607902689,30.0,3,1,23589.348269180693,0.07682027328085068,5408.05781411529,3.4190056182791566,0.22925846667755875,0
4009,30,3999.4374958034878,7.702401591030367,10.389101161515223,4,1,13008.725611679587,0.03141576363891161,5301.449646692374,3.2526388086647997,0.4075302842833881,0
4390,62,3123.7524786649174,33.203001358242624,30.0,3,1,9206.017010507794,0.3713166427336992,665.2143865807689,2.9471019465801014,0.0722586527725823,0
1797,26,2571.3714956583217,0.5550698458927319,1.744182024887482,4,2,4415.626738590174,0.2673183791983227,1899.7220395009667,1.7172262919013521,0.4302270440792539,1
2979,24,,4.7858165541967015,8.393052646767021,0,3,3039.40918745809,0.2359466349677222,391.28397153653685,1.8154052504230864,0.12873685226429626,1
1441,57,1931.9383565683195,35.9039882095205,30.0,4,0,6747.493305546389,0.5518883783017384,,3.492602795842765,0.03447366952046105,0
5994,24,2122.593035653299,0.0,,0,1,4110.3958801153685,0.2111096324419417,2028.1344793291992,1.9364973930814093,0.49341585056091347,0
7786,57,1586.8357648334736,34.726162657530836,30.0,2,2,4839.443296845849,0.19414783667233987,1825.760140863038,3.0497442798396417,0.37726656329520253,0
3811,46,3160.302397136563,24.940395004229586,27.25387455748662,2,2,8352.90181837945,0.2911409476291941,3494.614477421857,2.6430704308384274,0.41837131016342394,0
5631,55,1787.042393505503,34.14870685237455,30.0,2,2,4951.847688649209,0.21647443644666664,2273.4856589367764,2.770973820568158,0.4591186566881159,0
1273,26,735.9796637060703,4.091324678284441,7.012490001451981,3,3,1004.4060185212901,,667.5608684990026,1.3647197987285988,0.6646324854582226,1
4703,60,4652.235071397971,32.91396442523132,30.0,0,0,13787.32746356691,0.5194402934141421,5071.647086275853,2.9635921770874516,0.36784845356561735,0
1712,52,3439.2322499170964,30.30472051671677,30.0,2,2,6671.19221394993,0.15740613172734838,,1.93973297793737,0.33494350770334935,0
955,29,2941.1884927471915,3.8377487404119774,3.251095622773127,0,4,11234.068141955751,0.01815783226477535,1103.3103080784297,3.819567555652534,0.09821111053776758,1
5936,28,5626.166583449972,10.52986558698952,9.332453473452647,5,0,18939.152119394676,0.04035334300870806,2593.9240300051124,3.3662622388584102,0.13696093751466304,0
7964,60,842.3737378724248,36.834358402213574,30.0,4,0,1759.7673230075125,0.1359528870095339,318.85683768944267,2.089057675815179,0.18119261195537126,0
7081,54,2826.849757830138,33.25553254036657,30.0,2,2,8556.76319990007,0.33940508774571704,2893.6594040057553,3.026960727643395,0.33817219623882416,0
7346,32,3239.9452648015213,,6.387293741448038,5,2,3829.247587541892,0.20983400576590855,3771.79116150595,1.1818865056587526,0.984995374490051,0
403,62,922.5106321772009,38.696372783747236,,3,2,2096.3781554764896,0.5500690053196811,115.92242261372012,2.272470454382585,0.055296522867732276,1
2071,48,1748.0705387975856,26.03591554329129,25.007588090132657,2,2,4487.367525400594,0.12468017998973276,962.1803209866796,2.5670403028971815,0.21441977184625285,0
7597,58,3789.8558676718535,34.62589532894319,30.0,0,2,14498.225382763321,0.1559722942648756,2789.5712596623434,3.825534766753472,0.19240777309054766,0
1977,26,3116.074765623413,5.123261954551071,6.160337370664094,3,3,5048.581964117511,0.13224150953340927,2745.5789855086564,1.6201735657351835,0.5438317145334456,0
158,48,1455.7930801724328,28.169334835545634,30.0,0,1,1936.6469901931969,0.35975280240905094,1429.469074741161,1.330303747537946,0.7381154552067124,0
3888,55,2528.870987499273,30.247837596658826,30.0,3,1,4643.81661590947,0.23392217408495694,,1.8363200965430053,0.6622117713173644,0
5451,54,2853.865974841977,32.773867554060615,30.0,1,2,5241.992683704769,0.391022944559406,1202.915996626788,1.8368040860766162,0.22947685531232548,0
902,22,3189.8934939263318,0.0,4.266409435523109,2,4,11937.039199339442,0.1704294344454961,3934.7487471020154,3.7421434985425,0.32962518438573546,0
352,37,,12.817607082978219,15.148012597249567,2,0,6608.048560988889,0.08113251422821706,5125.535241620287,1.416654424185838,0.7756503594539648,0
5326,43,1797.2962518493903,20.598098712702146,26.357249459167498,2,3,6027.979714152339,0.26717363222215845,2404.619237505938,3.3539154760655845,0.39890964328569883,0
4540,31,3815.361053568541,,6.081051280449589,3,2,8895.465368171883,0.21620424184299628,620.3071506839902,2.3314871759913456,0.06973296224652385,0
4130,43,2845.368930770249,19.64746380494335,20.357453976732145,3,1,3539.391039015982,0.22640024317279864,1863.8576592184697,1.2439128721553376,0.5266040509998742,0
754,50,2427.906059204624,29.532199362755783,30.0,1,2,5020.796712736575,0.5962829888703624,1808.0068096915068,2.0679534505471664,0.36010356784711495,0
2971,59,2264.1871350168285,40.0,30.0,3,3,2826.7506288032273,0.12300493569121225,616.978628714853,1.2484615715220984,0.21826425805946162,0
7959,35,4500.672177263289,15.759171560124198,19.16630483518514,3,1,16160.23312808901,0.1227404226593547,4558.438942954991,3.5906265756764175,0.28207754843782,0
2920,25,4674.868382132578,9.416693571490189,9.532804581426255,3,2,6083.3788388934045,0.6302915756690658,5905.875213828127,1.3012941417012245,0.9708215401726377,0
311,53,1733.4056307135231,29.485992230786817,29.45955359190118,2,2,3132.615685897547,0.4400381473246256,2149.1991751780233,1.8072029018436186,0.6860717657940992,0
4644,52,2470.1313206361056,30.946189321528525,30.0,0,1,2915.631955751232,0.5977575943797238,1134.5547295638748,1.1803550408001797,0.38912823936022106,0
661,29,1780.7963988452336,3.8548211912856822,8.634717779357095,2,3,6195.60989482097,0.4063658346466161,1502.3761175432674,3.479123104044092,0.24249043161983658,0
1989,54,1557.1926637808806,32.713053284111304,30.0,2,1,4669.096176241219,0.2987927922961268,254.37560040398986,2.998406224766435,0.05448069407916349,1
3665,34,1434.347305403589,13.078369373947286,15.24216670662446,3,1,5370.301817710879,0.3929445038145746,1877.1456725091687,3.7440735569965824,0.3495419319484938,1
306,47,1607.635059830056,25.666617470744153,30.0,2,3,4495.777830033926,0.3662870146847081,558.0990953170091,2.7965164124432427,0.12413849536528311,1
2335,34,2426.402961140582,11.999269963132436,14.341986332774924,3,2,7415.009589133857,0.34848769133436114,2826.739363007344,3.0559679113020346,0.38121857147018656,0
4790,43,3421.6971697828267,19.31663814054969,18.379748496924655,3,0,13594.74825891095,0.17625164068806187,2018.012082814498,3.973100945041785,0.14844056281010953,0
2356,29,3426.442252863473,6.64634720639442,5.529839131936264,2,2,4462.392560933858,0.2421157870494843,1338.6259588198461,1.3023399291800823,0.2999794259561306,0
3702,36,,15.139119237109849,18.224496696300545,2,2,3074.1901189834734,0.19792188724508697,2872.1417194691135,1.0561952792192995,0.9342758932615494,0
3804,48,3227.213516787945,26.74762457414265,,3,1,12671.454934712707,0.45648656008877564,1415.860792149596,3.926438355812491,0.11173624492566583,0
1927,63,3039.9264476614094,39.74598810197679,30.0,1,2,3778.6300255376236,0.2618198943070676,763.720222030784,1.2430004773452636,0.2021156389668295,0
7021,24,4346.504569394022,0.0,1.0,5,1,10904.898328923182,0.34750918426931005,6141.348245646432,2.5088891901115646,0.5631733612185696,1
3427,61,1979.9400102316672,36.38387551266574,30.0,6,1,2540.9144738484943,0.24607894098922198,1091.9157927429228,1.2833290204339014,0.42973339086423334,0
749,54,1862.5603336071001,33.41585916916367,30.0,6,0,3283.9647049546334,0.5367788157964365,998.1940888090364,1.7631454110239702,0.30396005392598335,1
3638,56,2794.931427249184,33.265115245519546,30.0,2,2,9086.098931064465,0.15766569881063272,2693.278954825308,3.2509201630063425,0.2964175247550141,0
5832,50,2298.8769332925385,26.104507930312163,28.115680978113467,4,0,5527.299378467326,0.20653698626454567,842.9161697891831,2.404347661425668,0.1525005453970754,0
1266,32,1700.4220025070622,8.608038145806487,6.619293552336154,4,0,5758.579059827095,0.6827433652619355,2202.6699255308245,3.386558778548373,0.38250233306633824,0
5863,32,,11.838913365908622,11.951816371021883,3,1,8085.200707369186,0.27447196717574274,2842.6865466386303,2.1140211747597895,0.3515913394762963,1
6084,47,4715.629228577141,21.54334148823123,22.246198898621408,1,0,8828.043462927115,0.41745415497730015,5731.166279227441,1.8720817594030446,0.6492000524572812,0
7078,38,4134.5526192334055,20.779829517023064,18.40295976273808,2,2,5457.921396124018,0.4685153808674836,2653.4520643896863,1.3200754467930755,0.486165313094112,1
3595,50,,26.21472487333816,28.916637530557807,4,2,5168.1895092233735,0.3344627460655394,1074.131250299288,2.823546080077153,0.207835112931201,0
2134,55,4510.756377755976,35.14338960003278,30.0,4,2,5081.486633264642,,3729.0080864162305,1.1265265085747314,0.7338419552272835,0
5066,60,,,30.0,6,2,2912.8421483609045,0.2632805449652362,2933.840779640379,1.232091674274419,1.0072089836008762,0
4109,53,3569.8074969040927,30.560186325970758,30.0,5,2,6115.042860997747,0.17598984000544932,2377.0497909570386,1.7129895285112724,0.3887216892816991,0
4969,29,5399.2610400542635,7.776522124380743,7.529953754248622,3,0,14696.135606600123,0.4459799038915067,5296.094874039345,2.7218790678163662,0.360373299199882,1
4904,55,2368.4774812404407,39.39768926588043,30.0,4,2,9226.710115302421,0.17977670165961737,2855.9003806964456,3.895629233709296,0.30952531780097425,0
514,56,2657.460487265822,39.089971909729655,30.0,3,2,6379.286495499775,0.23718425402515894,673.1961990168226,2.400519791759246,0.10552844734152077,0
7157,38,2802.3372547022545,14.566976963658062,18.040728379109478,5,0,5810.250835993556,0.2535579249899759,981.9226406783025,2.073358881499397,0.1689983218272526,1
409,46,2686.372853949133,22.39160186096371,24.323510203421097,3,0,4409.794649836093,0.1289131543966662,746.4855173268484,1.6415422912547022,0.1692789747827814,0
7606,25,2603.8247472422463,0.0,1.0,1,2,7869.696756525366,0.10998295713567477,279.9796779953884,3.022360381535006,0.03557693347754929,1
7966,46,3647.2259612939047,24.33007477466772,28.641031651676066,0,0,7122.7987857256385,0.289149736620228,3348.216049483633,1.9529359741667132,0.4700702841969348,0
7905,29,1969.5728842719266,10.833987016613792,8.512340972220825,1,0,3830.012084524064,0.34865041666922864,2562.6873545034973,1.944590177448482,0.6691068586594158,0
7048,24,2645.9757719856134,0.0,1.0,3,0,7936.640085293042,0.09552294430505023,3898.1014495224076,2.9995135138131546,0.49115260458210375,0
207,52,8622.662164807156,32.22737444345757,30.0,1,1,18785.178497242825,0.809005139951592,3102.9610736122877,2.178582221847138,0.16518134624420638,0
6513,60,4956.542228920342,40.0,30.0,2,2,14326.849969272083,0.06570458158015977,6687.002320194722,2.890492869339041,0.4667461678273214,0
458,21,2182.0236626925234,0.0,4.059713691758331,4,3,2515.913947032998,0.10472589993701419,809.7227200673461,1.1530186358879666,0.3218403876739295,0
2054,63,1783.7104321705947,40.0,30.0,2,0,2514.3602409746504,0.2829647590348345,2383.389186063598,1.409623555273447,0.9479107835159358,0
2430,61,4392.002921992682,38.799277518982684,30.0,1,1,16698.064592839582,0.44579772659765715,1057.97841447395,3.8019247458204233,0.06335934374859403,0
250,55,2868.0124180180483,28.255279904261876,28.767507810375733,6,1,4204.810739301656,0.4138379917597874,1982.0021794829727,1.4661061831131847,0.47136537227645775,0
6837,24,6642.818482977689,2.9904151970570627,4.310381154189666,2,0,14020.626886128724,0.40085762346026854,1257.20277325309,2.1106442878210157,0.08966808570427766,0
5437,40,1654.486950552048,16.65131361273881,17.523813684650907,4,2,4953.349036728927,0.1682823444095339,1934.8782099817058,2.993888247396667,0.39062020375197565,0
1107,38,3878.421402853644,16.042431838075302,17.35407094505732,3,1,8202.933318083138,0.14030036978548052,5058.633532773651,2.115018577415963,0.6166859264382942,0
6495,35,1223.8550974460031,11.831200451554635,15.291479669451292,6,1,2102.4106277922097,0.07638672165354772,209.38283307554318,1.7178591094481825,0.09959178778287521,0
1713,31,3024.021029834264,4.52743922295563,8.001497167066997,6,1,7866.437261747261,0.13030291054431928,1154.2871837490802,2.601316982963704,0.14673570071703523,1
3911,21,1984.2163886836279,0.0,4.578536616340015,1,3,3377.6567703968512,0.31848409782749637,2218.0735472527977,1.702262308516493,0.6566900363272226,0
6445,54,1751.7708334220024,,30.0,0,1,5439.957901990516,0.2369299838823859,792.1348158682797,3.1054049983032384,0.1456141444731461,0
715,21,1549.9910797544935,0.0,1.0,3,2,2785.876390763108,0.6585748824472256,1600.6339658745915,1.7973499506876962,0.5745531177125004,1
552,56,7681.852058328717,38.10413479966982,30.0,1,3,14901.211690790915,0.0716429006378861,10082.738533270653,1.9397941508955405,0.6766388359882087,0
1439,24,2638.912804587999,0.37796197166606826,3.979874100506179,1,1,3859.144227208539,0.10677353131246073,1161.8376409893815,1.4623992958384426,0.30106095356528856,0
2270,26,2659.1326097056785,3.6879560300175607,6.682408319746504,3,1,6746.206046564003,0.6381355513295363,1567.8208183275874,2.536994966682273,0.23240037548602807,1
3144,57,4690.789529261711,33.654463265176986,,6,2,11694.025912013827,0.143135420072894,3127.0001172822567,2.492976041467024,0.26740150405086255,0
7633,28,6817.401801849048,12.355798590233238,10.497621916872426,3,1,12625.533460319795,0.3131525046275158,,1.8519567758050346,0.4503506513667688,0
1925,40,1185.9381745234423,14.611966695603792,17.94368241017325,2,3,3907.7667637189847,0.269465640399159,1026.4230609460287,3.2950847250441893,0.2626623140550977,0
634,51,11004.352153475646,29.23907587995656,28.211413154440265,3,1,39627.582267270074,0.4335653301975237,9925.654048872231,3.601082709330961,0.2504733693296804,0
316,24,2722.7929091688516,2.6549515792109744,,6,1,7932.069890980347,0.3657575916255682,2444.015978278787,2.913210866779309,0.30811831109278387,1
7926,23,4088.329302493474,2.90195084637627,7.049199470075537,0,0,14589.25172124411,,4350.884556723093,3.5685118887918637,0.29822534012402846,0
5424,54,2569.732741636784,36.2127256717707,30.0,2,0,8635.586099872919,0.4845347878240144,1228.262466705561,3.3604996970900975,0.1422326698501259,0
427,23,2929.929476262369,2.6722738151025323,7.826229709239799,3,2,3712.097015751524,0.5773053634394597,705.8062554529969,1.2669578042154601,0.19013680204424951,0
5950,27,1053.7698527417394,9.273417886296492,12.318772313733712,0,3,2710.5939567936707,0.4892164310170701,1412.817846813811,2.572282695069651,0.521220761697933,0
105,48,1580.301676101964,26.695040548364457,30.0,6,0,4295.976497264887,0.03957918484960717,1892.6053014720057,2.7184534207807185,0.4405529924749281,0
3041,61,4165.103412364171,38.426896268439606,30.0,2,1,8724.80684893361,0.2594251619147081,4567.209889990309,2.09473955029157,0.5234740400641118,0
4238,49,2833.639519574839,24.048816932447874,28.85638132623727,6,2,4839.450544079944,0.23763428282412025,3138.49557109499,1.7078568077022225,0.6485231210667672,0
2169,62,2639.5310875653695,40.0,30.0,1,3,3609.4393474683525,0.08098124964596576,2737.2274340638082,1.3674547590941994,0.758352522527824,0
1709,38,2350.473394660904,19.33105148188549,24.45998128761103,5,0,4352.763987537061,0.5056333926627808,,1.8518669462178796,0.7433924334459341,0
89,29,3328.932800241661,5.9009096139126616,11.46658554286499,7,2,8675.155970334856,0.18914456210454245,1124.370343395712,2.6059871108557946,0.12960808396304974,1
2241,40,3132.010229847286,21.467946123362097,,2,1,8010.842524967764,0.13420476219352295,349.79752295668123,2.557731915632461,0.04366550982202572,0
3174,50,2577.6191034542503,25.17678178437923,27.016543827654377,0,2,4793.571612315954,0.5145696053604922,,1.8596896670621816,0.6782999047039788,1
5983,48,3996.927053166249,27.302297565680053,28.07273267311506,1,1,5148.292047578614,0.3919508355538955,4176.347746112124,1.2880625488274267,0.8112103407335598,0
1949,42,,18.99756951158736,21.27200495963173,1,1,31033.183770692624,0.4445251520017314,8183.236367596028,3.5918360720245914,0.26369309794518025,1
4044,21,2528.3345910717544,1.0862069595507298,4.209414325938085,2,1,5621.892519524434,0.1239941184572932,3410.4569610080994,2.22355559243499,0.6066385917489217,0
2848,55,2109.7593432332037,40.0,,2,0,2319.9293102417278,0.4160535462015609,,1.0996179813980294,1.1698237640643636,0
1,49,2837.663373741833,24.802038748597724,24.732549964516835,3,2,7167.609617729272,0.11550472335933142,2842.5975338961503,2.525884389267017,0.3965893352875846,0
4337,43,3027.5334759094353,,25.964959198235945,0,0,5055.811896470934,0.2811137048988397,1669.1716367980296,1.6699441762414295,0.3301490781259381,0
935,33,2622.8597097550723,8.597192828911124,7.50432176211713,2,3,8856.27338321737,0.09116011892883574,2589.9133608559364,3.3765715147778095,0.29243828061629396,0
6856,41,,20.306450859355856,26.055570623962655,5,1,2082.740121559989,0.37680190397004193,201.642460685563,2.6337487240426376,0.09681594866215532,0
2720,51,9828.114608775693,26.308939484760582,25.812216558826268,4,0,24135.60924629403,0.04955509407609297,8543.384387052318,2.455772058736772,0.35397425852691644,0
5205,27,3874.251988309804,3.7700181259521406,4.009495352559326,3,2,10301.129614065809,0.12178819518161939,5314.099153165402,2.6588692849996622,0.5158753799106844,0
6348,54,4086.6396417525316,35.52300849696303,30.0,2,3,13551.80734725645,0.10474131741448171,3369.126513818114,3.316124869146729,0.24861086255776726,0
591,24,1786.2682632210503,0.0,1.4003055250029757,3,0,5901.08346901959,0.528722851432008,,3.3035818810208193,0.1594800818680156,1
7708,44,2316.071810911334,24.89237810873926,23.982583750006597,5,1,3603.8414442225103,0.06952984160494376,3233.331601759046,1.5560145532812566,0.8971903042356522,0
6014,31,4480.376670530215,,14.544122003261636,2,2,12814.792259367994,0.7387792460861472,1880.9016773261421,2.8602042198053566,0.14677582275679477,0
2936,54,4818.65183910863,30.61301294876467,30.0,2,1,12272.160890254314,0.05578496025179263,2350.5675553476576,2.546803815675643,0.19153656608383557,0
2448,39,5331.109218873194,20.161085606933263,20.70042610105188,2,2,15076.5386102145,0.4841910949941515,7123.574612214736,2.8280303387596217,0.4724940383456747,0
1576,37,2606.620439781435,19.494555373062198,24.361506811593664,2,0,6019.932615593998,0.1590372796639652,,2.3094780213181973,0.4790229359946639,1
6443,43,5996.439282996895,20.695078432675434,21.03226264459135,6,0,18190.27184257859,0.2902750188425494,2319.040026936183,3.0335122201866893,0.12748792579932353,1
6685,48,1186.245582756805,32.30644538733784,,6,3,4551.069603182138,0.35932407843353364,972.015518567417,3.836532392057946,0.2135795765214791,0
213,58,1788.0031154955611,35.00005591585422,30.0,4,0,5882.338373425154,0.13511069847770807,2537.608452412934,3.2898926866773444,0.4313945052663371,0
778,36,1402.5148417160788,11.851454165496023,13.876806178697642,6,3,4482.179125732959,0.304758708316646,1032.362867865283,3.195815824842671,0.23032610676764587,0
7761,53,1913.9148655826282,31.10298432392935,30.0,5,2,2942.92302242637,0.11591013502248682,2488.0778411323586,1.5376457309298837,0.8454444177343781,0
3496,49,993.7320572937847,25.20463784656348,26.813981264965197,3,2,2187.8861992835373,0.058094195509525756,171.18219920477597,2.201686242508644,0.078240906341853,0
6764,23,7204.184513445513,2.721171694521145,5.183895435596856,3,2,7211.340343895031,0.37819431420517075,4241.58341496083,1.00099328805865,0.5881823922721475,0
2043,35,2902.5502471794393,14.310799372333037,16.242582041196847,2,5,4797.182973559487,0.46195089785748195,1210.918458504404,1.6527476064268525,0.2524228208885491,0
7258,22,1605.8379142052556,0.6603575864982867,2.3931764029066684,2,5,3354.9362864294876,0.29593312451173803,1180.246585464685,2.0892122777471456,0.35179403860475994,1
5420,56,1966.8775704045931,,30.0,1,0,6741.2393088599265,0.31619021765766575,1948.443927019609,3.4273812515301763,0.28903349039379056,0
1567,33,1376.622651608607,12.274745738140755,13.251680428043786,2,1,4139.990195007103,0.2971444243521763,1377.7924481181806,3.007352951928732,0.33280089643203054,0
165,48,1990.3511847293662,29.00309287407672,30.0,2,1,6317.46304323933,0.19694577906026264,1996.338466518415,3.174044405685288,0.3160031887570452,0
4702,35,1146.054724859391,13.284892873694558,17.25707290158528,2,7,2372.1912510292746,0.2706613085836146,1666.498060421304,2.0698760709880744,0.7025142090454233,0
3566,56,3701.280648784037,33.003313999740634,30.0,6,1,6836.204153700187,0.5767118832209861,4713.293581362443,1.846983463938637,0.6894606239650274,0
6133,29,1903.199831319959,7.423789243856438,10.731450226680085,6,1,4276.869098150671,0.3600137937339865,1270.4302826697513,2.247199178861034,0.2970468007120182,1
7602,41,2486.846446724752,13.712468403129986,15.01735357410344,2,4,4091.473061874292,0.015812020254841696,2480.059430710917,1.64524555477194,0.6061531857122404,0
5439,52,2127.844405914674,29.904006873762317,26.43840570729613,1,1,7951.578458084958,0.15790166420519963,656.5473302014435,3.7369172463843268,0.08256817607501354,0
2013,39,4642.276863722056,18.273295606342696,21.19581571325588,4,2,8051.73496247385,0.1496746562588288,5812.20321510462,1.7344366135065412,0.7218572447047925,0
273,58,,28.980919850768213,29.391674832316923,1,0,8686.347906599309,0.45713038640147297,1397.1779465593916,2.359486143781652,0.16084756926416782,0
3860,41,3702.4711356777607,20.67151475054955,21.49958996478768,4,1,8007.4566367401585,0.242739587069952,5158.107928553254,2.1627330351285354,0.6441630798082129,0
4167,42,4372.100576393484,18.495450610240965,20.25734349144649,8,2,13011.161317528871,0.254621353509257,,2.9759519686671276,0.4960163146839124,1
6388,45,2416.988332079947,25.98130030037238,,2,0,8373.008856805212,0.37814041975178575,1117.0718891589734,3.464232220599837,0.1334134369451988,0
3788,51,1400.2454128817783,28.04308254409038,,3,1,2695.17164702978,0.5745572916346279,1968.0094321961674,1.9247851999621808,0.730198180277318,0
5183,47,1384.406917958366,28.594942324528944,30.0,4,4,3149.1462101695074,0.17697235135156042,2004.964745475045,2.2747258550352125,0.636669310240481,0
394,59,3989.0045291129777,37.94956233409979,30.0,3,2,11537.638263773371,0.18416582073955082,5643.869937337501,2.8923602817615652,0.4891702971013133,0
583,58,2235.017411813378,36.46246219927584,30.0,5,2,3196.5243758213524,0.08940969373804206,1602.0556804701996,1.4302011066785636,0.5011867553985252,0
7865,62,2535.865279813427,40.0,30.0,0,0,9369.519278986434,0.5182971648896157,1724.31719727644,3.694801673248109,0.18403475631280963,0
7972,61,4963.94520951308,40.0,30.0,3,0,18585.29045801863,0.1869943388238178,7337.403276279584,3.744056324876657,0.39479626604995344,0
7415,47,1687.0154236854771,29.456003451134677,30.0,2,2,1997.6177794303144,0.36340020823335645,196.17675319114807,1.184113524621068,0.09820534999798322,0
6581,53,2814.9869315827036,30.67057759848302,30.0,2,0,3340.7349884670184,0.7665961693505216,2174.369030402737,1.1867674947210918,0.6508654646085835,0
7646,35,2618.17448032054,10.50885135199347,9.905987742120644,5,1,8423.084928161508,0.43042832348391036,2906.2085326941815,3.2171595099843304,0.34502899560915556,0
6477,50,2217.145252566951,33.71119068293978,30.0,4,1,7999.472743090453,0.11379996587509057,1347.7918939889475,3.6080057153805685,0.16848509111467416,0
520,52,1011.0901729086075,30.214729632890187,30.0,4,4,1362.202213641497,0.42692660405467675,633.2676981811808,1.347260857775765,0.4648852364498091,1
1763,51,3207.594663147966,30.339114599647033,30.0,3,3,5462.239060919501,0.20082297252584178,1642.3037660519028,1.702908139758159,0.3006649375348726,0
1875,56,2548.0460899793306,33.353581192711935,30.0,7,2,6103.280684959645,0.27173173613358476,2309.71900842141,2.395278762406199,0.3784389294290963,0
5355,36,2059.9678884816544,12.241181523251594,13.445673571669461,1,1,2514.5635886128694,0.1534378651953395,2794.51429627009,1.2206809643359464,1.1113317272726646,0
3965,51,1152.3418498333301,31.04299201042034,30.0,4,2,3682.173466957756,,664.7622606608688,3.1953829217348395,0.18053529162223345,0
3344,31,2045.5145736457816,1.844393288620659,3.759845659281025,1,0,3514.0040321596357,0.2971434736149333,3011.1138468580043,1.7179071112148185,0.8568896959994194,0
2253,34,2268.7808054675165,14.171078656382708,14.107234025830383,3,2,4156.627669187302,0.18195941343065042,2156.1180153680953,1.8320975120956058,0.518718102020828,0
3224,63,3930.369652097186,,30.0,2,1,6506.744084018516,0.2955819221766066,2623.061527343324,1.6555043570893173,0.40312965954599844,0
526,55,3963.914230407812,34.56579803631077,30.0,2,1,7327.284975437479,0.25165771476395576,5744.5571533929515,1.8484973562820102,0.7839953233223292,0
2946,53,1908.9924661153661,36.05647531512821,30.0,1,1,1945.2891640510732,,589.3994181528675,1.0190135365015702,0.302988074495537,0
4473,26,3681.124097807956,1.1752682482012542,3.629194085133279,0,2,6621.246012058985,0.2584874845409273,5404.111802768559,1.798702199689986,0.8161774676437467,1
3899,38,2153.829195760887,17.28913503526229,,2,1,4228.448711268104,0.17625897644374214,1617.8596531898493,1.96322378747137,0.38261304881824054,1
5655,64,3751.4008578087846,40.0,30.0,0,2,12803.050618344718,0.22490729428048947,3279.95745189964,3.4128719120203685,0.2561856193241935,0
692,21,9608.044579349158,0.0,2.751562257720864,1,1,22513.110628069542,0.5802006945497932,7616.968715565154,2.3431521827508592,0.33833479706124,0
7558,59,1064.8419900702254,40.0,30.0,2,0,3528.325213289506,0.4935868300534908,1112.626108742202,3.3134730281032736,0.3153411438808061,0
4444,46,6050.139714244235,25.190017579622307,25.570179038821255,2,4,6481.766108402515,0.27784816590042183,5833.98544190672,1.0713415581365955,0.9000610858734849,0
3633,54,2020.6885156614635,27.632816324983754,28.3150420982147,4,2,5375.101157970777,0.1808380782616843,1821.3604243123505,2.6600344963168467,0.3388513761478594,0
5805,27,3558.067148814492,5.764214189052504,8.558738312800422,2,0,8321.73002394409,0.4113169626074764,876.3271690627082,2.338834450248303,0.10530588790326706,0
1050,30,2116.2940265691263,2.365386386589287,2.1940329253880066,3,0,3246.969508880403,0.6479252672836413,1221.1266055458916,1.5342714519420038,0.3760819441655157,0
590,45,4976.7700325768965,20.063068724694713,19.1144329561282,4,4,8288.247923072671,0.16889389949612083,6091.032462351218,1.6653869615874417,0.734899887031023,0
519,43,2772.8266548059905,25.27008521289149,25.3954908281047,3,4,7664.276824913492,0.20625711065765104,1962.90842758279,2.7640663406165027,0.2561113686815384,0
3380,64,4098.168700038881,38.7686791584734,30.0,6,2,16198.174718329787,0.4449328676167666,1379.3195411040751,3.952539757130083,0.08515277585833439,1
3676,45,2337.0227645522396,24.298443880023015,27.29172906717712,5,0,4336.503571412384,0.26143874661315003,,1.855567535407912,0.3879132187049059,0
5776,35,7204.20865732364,13.379809547334709,13.931069441340155,4,2,8739.561339914788,,4926.6111479290075,1.2131188525516043,0.5637137787944221,0
6597,59,1138.6236729584136,38.97051394936982,,4,3,4513.384466528319,0.31304584947625613,1215.1434927870102,3.963894808898078,0.26923110623493923,1
5179,55,1239.1219664793227,34.09817877741123,30.0,3,3,2236.972304559642,0.3040422739077263,1572.5348859535713,1.805288232372701,0.7029746782060102,0
1607,21,4489.268087130283,0.9949841799057129,1.0,5,0,16085.99785943628,0.30149215732814105,1225.1085767332136,3.583211683336801,0.07615993657580572,1
3610,38,3623.352443595632,15.558425633860608,19.91000675236893,3,0,12724.124881485208,0.35673727671701355,3856.748330180612,3.5116994770893526,0.30310519317462387,1
7628,58,1860.9952753435934,32.64797999897243,30.0,0,1,5888.247274259803,0.4106773909393698,786.7558032321797,3.1640312859862916,0.13361459982692062,1
7996,63,3694.291912661098,40.0,30.0,3,0,11464.716717892607,0.35369455545050626,4386.888962789444,3.103359720600493,0.3826425956031666,0
1809,35,4875.469490205311,11.312264792050648,16.947103373251267,4,0,5820.076127204331,0.46413175153630454,657.9222999753144,1.1937468050813793,0.11304359008296115,0
791,41,4913.155719125268,14.26970712226166,18.751357260188232,5,1,19131.72696554156,0.34261606977658166,5341.379248078756,3.8939793605702664,0.27918960257478037,0
792,25,1452.3801994368478,4.889196838990932,5.317998071628207,1,0,3228.177758073805,0.32012683317763185,1067.638777248674,2.222680920137518,0.33072490341601096,0
7735,36,1960.8151267281223,16.035391398997074,16.65550202996169,3,2,4428.673961538934,0.368495658017726,2779.568341735253,2.258588227503507,0.6276299329945192,0
1855,25,2087.9624436639497,3.087906084353342,5.020724183837986,7,1,4431.941230007441,0.46063433021684314,2738.494346634039,2.122615396391079,0.6178995172797996,0
1980,61,3435.4604037075505,39.83445468108249,30.0,5,4,11496.16650529309,0.5846533707760908,1284.3411904071504,3.3463248456848524,0.11171908390643188,0
3233,44,2563.6921153921007,29.714292234431298,30.0,5,2,6478.188389273211,0.4152832464920938,912.1588750444853,2.526897965000923,0.14080462318058962,0
3598,40,3308.8267034746455,15.47188801901776,18.371272935256524,3,2,5623.816936000947,0.14840606269450143,4071.499400460863,1.699640821350752,0.7239743837316431,0
933,64,4928.092817013214,40.0,30.0,5,4,13440.39474915144,0.5409967620246073,6014.5306293597805,2.7273014629008765,0.4474965759275418,0
3963,43,3732.150087541627,17.945978272306625,19.4438794702594,7,1,6840.253701431447,0.39908991450083336,2113.052010723248,1.8327916994188014,0.3089142746680658,0
7177,30,3069.7993723612913,4.756449440327415,6.827627074362033,3,1,4593.141619504365,0.4896093227555264,1000.8367465362512,1.4962351158379832,0.2178980814103984,0
5626,34,,13.87281053296716,14.467911538845799,2,2,10497.190734354452,0.1576128456138404,,3.1305340983048695,0.4373718649535668,0
5506,31,,10.92744825002889,11.623789131694517,5,4,15540.18430177199,0.6879795922610605,1518.784440855677,3.9716404642151555,0.09773271740943869,1
7425,24,2887.7220459568302,6.214213427784554,8.055534931243589,6,4,4059.0021406113997,0.18333238845917774,3782.497460503881,1.4056069372377813,0.9318786562487821,1
4179,39,1144.0214794350134,15.095783814888936,12.783085502027568,1,1,3028.283785725003,0.33479338662407754,1280.9854420339234,2.64705151097386,0.423007066930896,0
4026,52,2026.1820878215103,33.906893495929204,30.0,2,4,2509.025005447418,0.3973414503667709,1836.5926325403125,1.2383018389749196,0.7319945510916919,0
7235,23,2536.8329217214246,2.3323341718737542,5.542655283412163,2,0,8074.7966620888155,0.241484455621227,2979.8735782816743,3.1830226551181315,0.36903388444097746,0
4116,39,2383.6708666439254,19.323141433728793,20.947969194606525,4,2,3704.497003750271,0.19183543273910772,,1.5541143098191212,0.6898088668563527,0
988,58,5100.036076988231,35.718130319714774,30.0,3,2,14551.080793929612,0.0828432270183778,,2.853132914017069,0.5116984328867271,0
6178,33,1830.0994449333,8.654130665739126,10.907244105314295,3,1,4801.382693251108,0.5258665516988629,1728.6357766448946,2.6235638213780783,0.3600287431940573,1
3453,21,4325.5223872928045,0.0,1.0,2,1,11841.114240807976,0.37778973731064885,825.5507528438781,2.7374992383796033,0.06971900921272986,0
7309,21,1174.584909202015,0.0,1.0,3,0,3068.7864628924863,0.324806427555421,1720.077562463402,2.6126561297108326,0.5605074133578333,0
3778,52,2967.9388787845724,33.483825733359744,30.0,3,1,10374.129952649755,0.09456376540540677,1648.8392748461185,3.495398785603752,0.1589375959595506,0
5658,31,3468.5453166101674,12.11753137417972,16.006909820814812,3,1,13859.19652675521,0.11737052122709267,1409.3832701722563,3.995679820121219,0.10169299983959668,0
6718,40,2334.809002929017,20.231466665167076,19.138819290532165,2,1,3522.5761962462825,0.3850756104222446,1144.562500836056,1.508721352293576,0.3249219994320411,0
3093,27,2270.931424656284,5.666059683743763,6.699217474627571,1,0,7074.837457198071,0.17825035705981968,662.8570973759116,3.1153901788420937,0.09369220160690879,1
3155,31,1044.3962757660981,8.49496410456124,8.458040872291676,1,1,3691.2171460608583,0.08895796070846244,379.4430606453803,3.534307074537615,0.10279619042469745,0
5069,23,7379.48161349948,2.620497088349439,3.3294939882358134,2,2,21302.890203217732,0.42174328561833163,4154.54420134908,2.886773261179728,0.19502256086930167,0
5806,50,5868.933474291521,26.565345993339072,30.0,3,1,12252.793813168595,0.29987074287013327,5291.2072314446405,2.0877377238711525,0.431836796744099,0
3201,33,1608.6494859297986,7.679596022046219,7.639438670806257,2,1,4729.973232838915,0.4880677422803385,460.59731555717553,2.9403380128549212,0.09737841904883815,0
6462,29,2152.7376460763794,5.6805730152607135,5.769513112765445,0,1,3304.691735509765,0.13516480484456828,3196.505044113794,1.5351112298950869,0.9672626979898074,0
1098,46,2761.552903296592,20.646361135822247,25.160076875234026,5,1,5147.496932316595,0.6626940189127096,921.363254936778,1.8639863557101488,0.17899248256999445,0
6651,41,4107.299636628221,19.87538750587134,20.538599396607225,1,1,4840.701628297483,0.2639282433659925,5256.9830302688915,1.1785606253629277,1.0859960877443748,0
2844,28,1713.253380265588,5.527653212352049,10.755039326581485,4,2,5495.621032318161,0.3756986258689747,574.1673583318769,3.2077106023081257,0.10447724742215019,1
886,51,5166.004949615077,25.90726811844656,25.980028803634767,5,1,17395.3413916977,0.07889677992858235,1309.8813947909166,3.3672715301974,0.07530070064713335,0
7890,49,2591.2815476199553,28.508831881468385,27.625743200462118,4,1,7625.462686872577,0.1748068461586336,617.4056707941178,2.942738003084391,0.08096632245765191,0
6312,56,859.1851332290445,33.71930938506936,30.0,1,2,2574.7589680470837,0.311133229186159,334.5125396311115,2.9967452513644646,0.1299199434908015,1
515,38,4625.461333155058,7.207206279292057,11.495218330553993,3,1,17156.665671860945,0.3947331699792559,2557.824095728128,3.7091793523130088,0.14908631692481344,1
7382,54,2117.39450631506,29.6031687692801,30.0,4,1,2831.0545570504514,0.3549281158151389,2011.2678710142577,1.3370463315206136,0.7104306294646994,0
4833,29,6463.0865248283435,1.705925694493204,3.2552998994521225,4,1,7843.019197798469,0.3691664412857386,8314.96544733471,1.2135098559595372,1.0601740525726004,0
1453,26,2818.582780060185,5.592369091753056,,3,2,8147.687287856688,0.09275854287740119,,2.890703564038205,0.2777434757849644,0
3553,25,1800.7869002165025,3.6384689824527072,9.89573342308238,1,3,4324.9707880288015,0.5989732773610477,1085.6062276170703,2.401711600361389,0.25100891562596167,1
3609,55,1833.8067215134784,34.47649748815294,30.0,3,0,3769.536664780495,0.2242549489707403,656.2365354478908,2.0555801331502477,0.17408944223284384,0
4665,43,1140.272859411895,18.921294613153837,22.114375606936427,2,1,4227.786210816024,0.05808786827617545,1294.976304394082,3.7076969568463984,0.30630127443084043,0
2506,60,2774.0607723296075,35.08184515593308,30.0,4,0,10040.997153676535,0.16740828400765145,2046.965996317713,3.619602444846326,0.20386082826128593,0
2994,38,,19.057802434367584,21.316944193025243,3,1,9623.26982595381,0.2582201205076434,388.5523447835468,3.280260520811832,0.04037633276535873,0
3999,36,3494.3505215010714,14.96676109584868,18.028278605097682,2,0,8604.093373887537,0.2884176883923908,465.1615800459402,2.4622868601606314,0.05406282333681473,0
7580,51,2824.8965146930514,27.658910215082265,29.83515318375607,5,3,8982.836719717932,0.19630119425614584,1448.0046379653916,3.1798816958411633,0.16119681155808208,0
906,46,3978.103358552001,21.103817145253807,24.320689396190524,6,0,7019.368355220505,0.07438858364266035,2667.4761849684437,1.7645012516154184,0.3800165556185074,0
28,45,2016.468939302582,26.429280647062598,30.0,2,2,6102.326706797054,0.1394919493050901,2889.8289116809797,3.0262438403378584,0.4735618151126118,0
6871,44,3043.5420127732787,24.878246141364524,24.331681615379434,2,2,4349.12842811183,0.3755377260666942,4331.403195590072,1.428969407965852,0.9959244173137805,0
2507,22,,0.0,1.0,5,1,6820.57107708489,0.583630750031879,1103.741293172236,1.3014698513771639,0.16182534874249485,1
2428,37,1795.5750950911786,,9.202929752065112,2,0,2936.8851783128794,0.15571848005178893,2284.4741921580808,1.6356236986923376,0.7778561480808105,0
5043,53,3136.726659084801,32.12809318510059,30.0,4,2,11060.298631191936,0.11612165411798643,4414.779176654511,3.5260638982228008,0.39915551323398063,0
5346,41,1148.0022619899983,11.62493203229188,14.783263628816789,4,3,2580.5576328642196,0.504289181271172,887.3612967672638,2.247868073352892,0.3438641654293771,1
762,30,4307.412705898338,2.7582734369438455,,4,2,15274.607945811447,,1897.7205719241736,3.5461213003562966,0.12424021478368355,1
3747,64,,40.0,30.0,2,1,2108.023604008053,0.19269641852216185,862.3597343955763,1.2595614732823752,0.4090844774014598,0
4811,43,3563.9273800906585,20.13611759542477,21.107921741148633,1,0,7642.530194307298,0.43356061497280607,1545.2542914842031,2.1444124358428676,0.20219145390295204,0
284,55,2331.5702552291978,32.4985184788502,30.0,2,1,6543.573760766968,0.4439768223038182,1712.0486241836365,2.806509366848876,0.26163816391105654,0
686,47,3324.5603055304528,23.07883531084826,23.57162302442104,3,3,11547.35221840303,0.2107533857477543,2850.139173682152,3.473347196979356,0.24682187914385095,0
7395,42,971.4289597283182,19.04260243155823,22.809679046603996,5,3,3696.712192944521,0.2580101568136629,578.428340065395,3.8054375010380475,0.1564710234054393,1
2353,31,3761.680695834733,2.5698224628171094,8.504086823100204,2,1,9121.894571935469,0.21489629472214244,961.2688997832349,2.4249518525152975,0.10538040011344645,0
6441,35,1252.892906153609,15.92647708714103,19.6290821378504,3,2,3628.554835307809,0.35381640746013016,1816.4109298734134,2.8961412563564597,0.5005879784973204,0
6983,60,3492.7467723908594,36.05132725918231,30.0,2,2,11074.941528036386,0.33383839257955433,4945.60444640599,3.17084010085717,0.4465580638855849,0
21,58,2516.309404997387,32.4116047326805,30.0,7,0,9174.543819690962,0.4597813292585739,3672.484732397867,3.646031684923297,0.4002907179445541,0
2752,41,2763.8911089102594,20.198779989063624,26.216062070863718,2,1,3814.5795376300416,0.2591310785593182,3320.705749605172,1.3801482718811036,0.8705299540479084,0
885,23,3254.6125870344113,0.0,1.0,1,1,12034.064096435279,0.4175927790304058,2792.071548799641,3.6975411895031924,0.23201401674657077,0
917,21,1226.1889170495385,0.0,1.2006570814833477,3,3,2241.8559899815427,0.33703888910367263,387.1645491521101,1.8283120641604778,0.17269822454353886,1
1040,47,1732.4167048161437,27.55110757853533,30.0,4,1,6679.801701018383,,1352.681855042284,3.855770775269274,0.20250329509572987,0
6352,49,1847.8461848943673,,24.8501488239352,5,0,2311.986363456052,0.4116019663272829,533.6707247386337,1.2511790117358808,0.2308277994948382,0
1265,58,2955.480361060433,36.26143500814978,,5,0,8586.818986938972,0.3877580272409656,1198.5812588481522,2.905388612989464,0.1395838506286508,0
4579,35,1907.3089009947287,12.247697725938355,14.622060556706687,2,2,5316.5487070197005,0.1808646363445148,510.81405830859904,2.787460753864743,0.09608001101055393,0
6932,31,1745.4586187284688,11.388573184540684,10.931365341184105,2,1,4520.65724444851,0.5807057077349939,1185.9199235132974,2.589953835595207,0.2623335190850046,1
7440,56,3309.595252792778,38.6359613932073,30.0,2,1,7370.994543384241,0.12589576432289876,2380.5603359145593,2.2271589062633206,0.3229632476191705,0
277,45,2670.8800053167583,27.284891676472938,23.761002336501548,5,0,5423.66316960315,0.3985282028590287,2166.3318504928275,2.0306652334835684,0.3994222691840464,0
5084,40,1348.3286789042468,13.348170272545948,15.319362822277638,6,3,4713.687936482264,0.21802569593814192,1068.9813378891415,3.4959487328512227,0.22678237343961763,1
2084,50,1708.7754471145001,27.221241043482827,26.92658308637385,5,2,2248.4533260996486,0.1436046353869265,1018.6864494151172,1.3158272667695852,0.453060971998122,0
1245,42,2933.7146199683084,22.31610694227026,22.376878358234727,2,0,4526.811301436092,,2169.1277201579805,1.5430305560821704,0.4791734348347684,0
2382,47,3541.1337265715865,26.082949753083554,28.763951241117713,2,1,7846.457093336392,0.248184004355534,610.0319285875612,2.215803666057278,0.07774616254584903,0
571,37,7455.51413068307,15.796825182295908,17.040681525283702,3,4,11268.802708804897,0.17895919284332368,5794.6026495367205,1.5114722487652847,0.5142163545918768,0
1435,50,2080.5669277438637,26.116008181167693,26.02128418844527,0,1,6778.732319194272,0.3700326332559827,778.7452204810938,3.2581178854674144,0.1148806567086361,1
3902,21,11256.788666150533,0.30189467727409824,1.0295066798229544,3,2,28975.36760892351,,1746.129252479072,2.574034963990505,0.0602625401011761,0
5089,21,3183.634237583949,0.5097544235825262,2.3932958063343373,2,1,9357.55270229549,0.38557721050898147,573.4497986104637,2.9392675175515484,0.06128202713405947,0
1247,24,2809.578264660028,7.021532779304111,9.581791208439082,4,1,10826.140928688768,0.19334815402736394,1537.6891995143767,3.853297509047602,0.1420348404517414,1
